order_id,customer_id,order_date,order_status,payment_method,shipping_cost
1,77,2025-12-30,completed,cod,12.05
2,345,2025-01-08,completed,debit_card,12.07
3,444,2025-11-11,completed,paypal,1.3
4,398,2024-09-20,returned,debit_card,2.26
5,106,2026-05-27,completed,upi,7.38
6,23,2025-02-02,returned,upi,10.51
7,304,2026-07-16,completed,upi,9.94
8,202,2026-04-07,completed,paypal,6.79
9,55,2025-06-09,cancelled,upi,4.71
10,107,2026-01-16,completed,upi,3.98
11,352,2025-11-03,returned,credit_card,3.23
12,154,2024-11-03,completed,credit_card,14.28
13,400,2026-01-12,completed,debit_card,12.36
14,102,2026-04-07,cancelled,debit_card,1.38
15,16,2025-08-30,cancelled,debit_card,5.31
16,315,2026-03-15,returned,debit_card,9.71
17,411,2025-03-13,cancelled,paypal,7.2
18,415,2026-02-27,returned,paypal,11.5
19,274,2026-07-25,completed,debit_card,8.64
20,289,2025-08-09,returned,debit_card,12.55
21,245,2025-05-13,completed,cod,3.02
22,12,2025-06-14,returned,debit_card,11.62
23,328,2026-07-25,completed,debit_card,10.61
24,395,2025-12-25,completed,debit_card,9.04
25,363,2026-04-24,completed,upi,0.17
26,1,2024-10-04,cancelled,upi,10.99
27,280,2026-03-15,completed,upi,11.83
28,88,2026-05-13,completed,credit_card,8.21
29,16,2025-10-19,completed,cod,13.35
30,357,2026-01-14,returned,paypal,9.91
31,219,2025-10-13,completed,cod,7.2
32,327,2025-12-05,completed,upi,12.66
33,190,2026-01-27,completed,debit_card,6.69
34,357,2026-03-13,completed,credit_card,10.02
35,154,2024-05-01,cancelled,credit_card,7.53
36,223,2024-12-23,completed,cod,3.87
37,204,2026-04-10,completed,cod,6.87
38,213,2024-12-29,completed,cod,8.82
39,400,2025-11-11,completed,cod,13.2
40,203,2025-11-05,completed,credit_card,11.19
41,357,2026-03-22,completed,debit_card,2.02
42,209,2026-04-13,cancelled,cod,13.01
43,160,2026-07-30,cancelled,debit_card,11.71
44,189,2026-05-18,returned,upi,9.53
45,191,2025-05-23,returned,upi,2.66
46,84,2026-03-30,completed,debit_card,9.71
47,467,2025-06-08,completed,cod,12.01
48,459,2025-08-20,completed,upi,3.78
49,351,2024-07-21,cancelled,credit_card,5.04
50,77,2026-06-21,completed,credit_card,12.08
51,363,2026-03-04,completed,paypal,10.9
52,88,2026-02-02,completed,credit_card,7.06
53,115,2026-07-08,completed,upi,11.82
54,444,2026-05-10,returned,cod,14.16
55,62,2026-05-12,cancelled,cod,4.48
56,103,2026-06-22,cancelled,cod,13.39
57,325,2026-05-30,completed,upi,4.1
58,315,2025-09-06,cancelled,upi,6.44
59,347,2024-10-04,completed,debit_card,10.4
60,486,2025-03-15,cancelled,cod,8.95
61,486,2025-07-09,completed,debit_card,3.36
62,188,2026-06-07,completed,upi,13.15
63,354,2025-05-15,cancelled,upi,5.7
64,311,2026-05-16,completed,upi,12.46
65,59,2026-07-23,completed,upi,2.98
66,361,2026-04-09,completed,debit_card,0.59
67,428,2026-07-29,cancelled,debit_card,14.24
68,149,2025-03-05,completed,upi,11.08
69,437,2025-04-01,completed,paypal,5.36
70,140,2026-03-28,cancelled,upi,9.73
71,82,2025-12-24,cancelled,cod,7.24
72,455,2025-05-20,cancelled,credit_card,0.95
73,339,2026-07-08,completed,upi,5.19
74,385,2026-07-06,completed,debit_card,4.96
75,236,2026-06-17,returned,upi,1.32
76,47,2026-05-19,returned,cod,9.56
77,337,2025-09-20,cancelled,credit_card,1.46
78,268,2025-06-28,completed,credit_card,13.45
79,174,2024-05-27,cancelled,credit_card,13.9
80,400,2025-12-20,returned,debit_card,10.96
81,452,2026-02-14,cancelled,cod,13.74
82,69,2026-06-20,cancelled,cod,10.5
83,278,2026-01-18,completed,credit_card,11.41
84,29,2026-04-15,completed,debit_card,14.75
85,417,2026-07-13,completed,cod,13.02
86,500,2026-04-03,completed,cod,0.81
87,372,2025-01-10,completed,upi,2.66
88,264,2026-04-20,cancelled,credit_card,6.43
89,27,2025-11-10,cancelled,cod,8.25
90,113,2024-08-02,returned,credit_card,11.79
91,340,2025-01-20,completed,paypal,4.4
92,469,2026-07-08,completed,upi,3.85
93,99,2026-07-25,returned,credit_card,14.22
94,323,2026-06-26,completed,upi,12.53
95,352,2025-06-02,completed,upi,10.75
96,92,2026-06-01,returned,credit_card,8.62
97,208,2026-05-01,completed,credit_card,5.84
98,369,2025-05-07,returned,credit_card,10.51
99,403,2026-06-08,completed,cod,1.3
100,409,2026-05-21,completed,debit_card,4.47
101,281,2026-03-02,completed,debit_card,11.22
102,428,2026-07-27,completed,credit_card,2.72
103,298,2025-11-19,completed,paypal,1.92
104,249,2026-04-15,completed,cod,9.89
105,431,2026-01-02,completed,paypal,13.17
106,144,2026-07-11,completed,cod,2.95
107,435,2026-07-29,completed,cod,8.68
108,238,2026-07-11,returned,credit_card,5.95
109,375,2026-04-09,completed,credit_card,3.28
110,241,2026-04-22,completed,credit_card,14.71
111,335,2025-12-24,completed,cod,9.8
112,499,2025-10-04,returned,upi,5.29
113,264,2026-05-31,completed,debit_card,2.8
114,346,2026-02-11,cancelled,debit_card,8.86
115,133,2025-02-20,returned,upi,8.99
116,74,2025-06-23,returned,cod,3.97
117,56,2025-04-01,completed,cod,12.89
118,277,2026-07-15,completed,upi,7.83
119,394,2025-12-23,completed,cod,12.07
120,381,2024-09-09,returned,cod,1.77
121,412,2026-07-11,cancelled,paypal,1.6
122,283,2026-05-23,returned,upi,2.68
123,359,2025-11-29,completed,debit_card,7.63
124,475,2025-11-09,cancelled,credit_card,0.96
125,315,2026-04-21,returned,paypal,10.67
126,123,2026-05-06,completed,debit_card,1.3
127,8,2026-07-15,completed,credit_card,8.24
128,209,2025-12-14,completed,cod,1.09
129,227,2026-01-03,returned,upi,11.55
130,196,2026-05-03,completed,debit_card,12.0
131,284,2024-12-13,cancelled,paypal,5.3
132,104,2026-07-30,completed,cod,5.34
133,490,2026-04-29,cancelled,cod,0.1
134,270,2026-02-09,cancelled,cod,0.49
135,346,2025-09-26,cancelled,cod,1.51
136,176,2026-07-03,completed,upi,6.36
137,52,2025-07-01,completed,cod,6.48
138,458,2026-06-18,returned,cod,10.81
139,430,2025-12-12,cancelled,paypal,3.9
140,295,2026-05-09,completed,paypal,5.33
141,465,2024-09-20,completed,debit_card,5.15
142,442,2025-09-26,returned,cod,14.48
143,86,2025-11-20,completed,credit_card,0.96
144,336,2026-04-05,completed,debit_card,3.71
145,469,2025-03-13,cancelled,upi,14.62
146,328,2026-06-10,completed,upi,8.1
147,212,2024-10-14,completed,paypal,0.16
148,150,2026-01-24,completed,credit_card,8.22
149,378,2025-12-05,cancelled,upi,3.31
150,392,2026-03-13,completed,cod,12.13
151,319,2026-07-11,completed,paypal,0.29
152,498,2026-06-01,completed,paypal,1.88
153,410,2026-03-20,completed,upi,10.45
154,385,2026-01-10,completed,paypal,11.63
155,99,2026-07-23,cancelled,credit_card,1.83
156,236,2026-03-20,returned,debit_card,7.09
157,247,2026-05-08,completed,paypal,13.31
158,86,2026-06-11,completed,cod,1.79
159,306,2025-04-03,completed,credit_card,3.73
160,250,2025-07-19,completed,cod,11.83
161,69,2026-06-28,completed,upi,10.6
162,272,2026-07-28,cancelled,paypal,12.29
163,370,2025-06-29,returned,upi,2.85
164,428,2026-07-26,completed,credit_card,3.03
165,368,2025-09-14,completed,debit_card,9.84
166,286,2026-07-13,completed,credit_card,12.35
167,372,2025-02-17,returned,upi,2.84
168,86,2026-06-10,completed,cod,6.02
169,167,2025-09-21,cancelled,upi,12.39
170,493,2026-06-24,cancelled,upi,0.0
171,70,2025-10-29,completed,paypal,14.77
172,262,2026-01-26,returned,cod,2.32
173,71,2025-11-10,completed,cod,3.75
174,40,2026-07-25,completed,upi,2.59
175,223,2025-07-31,completed,debit_card,11.22
176,26,2026-06-16,cancelled,cod,8.63
177,403,2026-01-09,completed,debit_card,5.04
178,70,2026-04-30,returned,debit_card,7.32
179,188,2026-03-06,completed,paypal,5.17
180,180,2026-07-10,cancelled,cod,2.19
181,351,2025-04-19,completed,credit_card,1.69
182,427,2025-06-24,completed,paypal,10.41
183,12,2025-12-19,completed,cod,3.18
184,103,2026-07-28,completed,credit_card,6.97
185,139,2025-11-10,completed,credit_card,4.39
186,475,2026-03-04,completed,credit_card,3.71
187,32,2026-07-30,completed,upi,13.36
188,78,2025-10-27,cancelled,debit_card,1.32
189,335,2025-08-23,returned,cod,10.26
190,466,2026-07-30,completed,cod,13.76
191,493,2026-06-14,completed,upi,11.18
192,291,2026-02-06,completed,cod,3.48
193,400,2026-05-23,completed,cod,12.69
194,210,2026-06-16,completed,paypal,14.25
195,475,2025-05-28,returned,upi,10.32
196,481,2026-06-25,returned,cod,7.88
197,234,2026-05-22,completed,cod,8.07
198,392,2025-11-19,completed,paypal,6.59
199,265,2025-04-19,cancelled,upi,1.36
200,47,2024-11-11,completed,debit_card,10.78
201,231,2026-06-18,completed,credit_card,7.86
202,445,2025-07-24,completed,credit_card,6.29
203,2,2026-07-11,completed,credit_card,6.88
204,308,2026-05-23,completed,debit_card,13.23
205,75,2025-03-03,returned,cod,4.48
206,92,2026-05-20,completed,cod,9.91
207,282,2026-04-16,completed,upi,2.02
208,374,2026-04-26,completed,upi,10.86
209,414,2025-08-09,returned,debit_card,10.63
210,435,2026-07-26,returned,upi,6.21
211,35,2025-01-22,completed,cod,8.25
212,203,2026-07-06,returned,credit_card,12.48
213,19,2026-06-04,completed,upi,2.33
214,275,2025-01-24,completed,cod,10.28
215,311,2025-12-08,completed,cod,1.75
216,191,2025-04-15,completed,debit_card,7.88
217,228,2025-11-27,completed,upi,13.57
218,168,2025-08-16,completed,cod,10.15
219,160,2025-04-13,returned,credit_card,5.0
220,296,2026-05-06,completed,debit_card,4.81
221,61,2024-11-20,completed,debit_card,4.1
222,278,2025-01-31,returned,paypal,4.07
223,228,2025-04-07,completed,credit_card,7.06
224,45,2026-04-15,cancelled,debit_card,10.57
225,68,2026-04-12,cancelled,credit_card,6.83
226,441,2025-07-21,cancelled,upi,0.45
227,53,2026-01-08,completed,paypal,8.34
228,237,2026-04-01,returned,upi,3.58
229,107,2026-06-08,cancelled,upi,8.51
230,304,2026-03-31,completed,cod,1.46
231,112,2025-11-22,returned,credit_card,11.36
232,106,2025-10-21,completed,cod,11.92
233,262,2025-11-09,completed,paypal,0.94
234,163,2026-01-27,cancelled,upi,5.72
235,6,2026-03-10,completed,debit_card,10.82
236,93,2025-12-31,returned,upi,8.28
237,257,2025-01-15,cancelled,cod,8.65
238,189,2025-05-23,returned,upi,14.43
239,265,2025-02-13,returned,cod,1.33
240,233,2025-09-22,cancelled,cod,11.01
241,323,2026-01-23,returned,debit_card,8.59
242,402,2026-04-26,completed,debit_card,9.24
243,229,2025-03-22,completed,paypal,11.74
244,44,2025-01-01,returned,debit_card,12.56
245,329,2025-05-27,completed,credit_card,2.51
246,446,2025-10-30,completed,paypal,13.91
247,139,2025-08-07,completed,paypal,9.82
248,5,2026-07-15,completed,credit_card,6.17
249,327,2025-09-09,completed,credit_card,12.85
250,151,2026-01-26,completed,upi,13.84
251,398,2024-05-06,cancelled,upi,4.99
252,226,2026-01-25,cancelled,debit_card,9.15
253,315,2026-04-08,completed,upi,10.73
254,293,2026-02-03,completed,upi,0.28
255,363,2026-06-14,cancelled,upi,6.54
256,197,2026-07-27,cancelled,credit_card,8.51
257,431,2026-02-22,completed,debit_card,2.65
258,357,2025-10-22,completed,paypal,7.3
259,277,2026-01-07,completed,upi,8.01
260,335,2026-05-21,returned,upi,14.1
261,89,2026-04-07,completed,paypal,12.31
262,303,2026-02-07,completed,credit_card,7.46
263,24,2026-07-20,completed,paypal,0.95
264,474,2026-01-07,completed,debit_card,1.5
265,356,2025-11-17,completed,debit_card,2.15
266,93,2026-02-15,returned,credit_card,9.41
267,186,2026-07-26,returned,debit_card,6.96
268,433,2025-12-08,cancelled,debit_card,2.4
269,108,2025-04-09,completed,paypal,9.25
270,459,2025-03-28,cancelled,cod,8.7
271,103,2026-06-27,completed,credit_card,7.06
272,184,2026-02-01,completed,paypal,1.91
273,407,2025-08-22,returned,cod,12.83
274,111,2026-04-08,cancelled,upi,4.19
275,23,2024-07-21,cancelled,cod,0.5
276,68,2026-05-16,completed,debit_card,9.71
277,157,2025-05-17,cancelled,cod,11.21
278,71,2026-04-03,completed,paypal,9.4
279,458,2026-07-19,completed,cod,0.49
280,478,2024-03-03,returned,paypal,13.32
281,317,2025-12-08,completed,paypal,2.63
282,382,2026-02-07,completed,paypal,13.47
283,318,2025-06-06,completed,debit_card,13.38
284,76,2026-02-25,completed,debit_card,7.81
285,278,2024-06-22,cancelled,paypal,6.3
286,12,2025-09-08,returned,paypal,6.18
287,157,2025-05-27,completed,debit_card,7.26
288,275,2025-10-24,completed,debit_card,12.59
289,65,2026-04-04,completed,paypal,2.77
290,477,2026-05-13,completed,upi,13.92
291,459,2025-05-23,returned,debit_card,11.99
292,431,2025-10-22,cancelled,paypal,1.39
293,270,2025-07-18,completed,debit_card,0.34
294,367,2026-06-21,completed,upi,5.59
295,213,2025-10-25,completed,debit_card,12.09
296,478,2025-09-02,cancelled,credit_card,0.1
297,284,2025-10-29,completed,paypal,12.52
298,428,2026-07-30,cancelled,credit_card,9.81
299,497,2025-01-29,returned,paypal,8.72
300,30,2024-11-14,completed,upi,13.17
301,326,2026-05-24,completed,paypal,4.37
302,322,2025-05-23,completed,cod,11.29
303,266,2026-05-16,completed,upi,6.18
304,97,2026-05-29,returned,cod,10.34
305,419,2026-04-14,returned,cod,11.45
306,117,2026-06-27,completed,debit_card,1.95
307,10,2026-07-13,cancelled,credit_card,2.95
308,61,2024-10-31,completed,credit_card,4.52
309,64,2026-05-23,completed,cod,13.52
310,383,2026-03-16,returned,paypal,5.28
311,51,2025-10-06,returned,upi,5.5
312,239,2024-07-24,returned,debit_card,7.44
313,198,2026-04-16,cancelled,cod,11.04
314,189,2025-07-30,completed,upi,10.08
315,187,2024-10-05,completed,debit_card,8.92
316,244,2026-03-09,returned,upi,14.81
317,35,2025-08-05,completed,debit_card,5.74
318,239,2024-10-26,completed,upi,7.35
319,197,2026-06-26,completed,upi,6.64
320,338,2025-12-02,completed,upi,6.46
321,284,2026-05-16,returned,cod,7.05
322,15,2026-07-05,completed,debit_card,12.55
323,183,2026-01-23,completed,credit_card,9.92
324,157,2025-03-30,completed,debit_card,0.3
325,11,2026-05-19,returned,credit_card,14.79
326,255,2026-01-10,completed,debit_card,9.22
327,136,2024-12-05,completed,cod,6.03
328,173,2025-08-27,completed,cod,12.02
329,340,2025-08-21,completed,debit_card,6.21
330,256,2025-10-14,cancelled,paypal,14.06
331,223,2025-07-25,completed,credit_card,9.51
332,99,2026-07-15,completed,paypal,6.96
333,282,2026-04-30,completed,upi,11.73
334,309,2026-06-24,completed,upi,13.45
335,58,2026-06-25,returned,credit_card,7.83
336,384,2025-11-14,cancelled,debit_card,2.16
337,302,2026-04-01,cancelled,cod,5.62
338,350,2025-10-15,completed,debit_card,5.44
339,470,2026-07-02,completed,paypal,8.29
340,227,2026-01-14,completed,upi,13.91
341,324,2025-06-27,cancelled,credit_card,4.11
342,378,2025-04-10,completed,upi,13.15
343,134,2025-10-09,completed,paypal,6.31
344,157,2025-10-20,returned,credit_card,1.66
345,481,2025-10-10,cancelled,upi,13.1
346,145,2025-08-05,completed,upi,5.51
347,360,2026-02-12,completed,upi,9.27
348,345,2026-04-06,completed,debit_card,10.7
349,67,2026-07-18,completed,cod,3.23
350,500,2025-08-30,completed,cod,6.76
351,447,2026-07-28,cancelled,debit_card,10.7
352,481,2026-07-22,completed,credit_card,3.8
353,450,2025-08-11,completed,credit_card,4.76
354,463,2026-01-23,returned,paypal,7.75
355,118,2026-01-13,completed,upi,3.9
356,369,2025-08-02,completed,paypal,1.4
357,498,2026-05-19,returned,cod,2.71
358,49,2025-02-10,completed,paypal,10.22
359,476,2025-07-03,completed,debit_card,0.43
360,486,2026-06-10,returned,debit_card,3.17
361,409,2025-09-12,completed,cod,14.28
362,199,2026-05-25,completed,debit_card,1.81
363,189,2026-07-06,completed,upi,6.68
364,323,2025-12-30,completed,credit_card,7.7
365,465,2025-11-10,completed,debit_card,14.76
366,263,2024-07-07,returned,upi,6.2
367,403,2025-09-23,cancelled,credit_card,1.25
368,495,2025-05-25,completed,debit_card,1.17
369,337,2026-05-22,cancelled,paypal,9.28
370,247,2026-03-30,completed,upi,12.63
371,242,2024-03-11,cancelled,cod,3.64
372,435,2026-07-28,returned,cod,10.97
373,10,2026-06-12,returned,paypal,8.3
374,358,2026-04-08,completed,debit_card,4.32
375,466,2026-06-23,completed,cod,12.8
376,107,2025-07-27,completed,upi,1.94
377,156,2025-10-20,completed,cod,0.71
378,347,2025-03-11,completed,cod,0.48
379,317,2026-03-14,completed,cod,3.36
380,26,2026-06-28,cancelled,credit_card,14.62
381,227,2026-05-15,cancelled,credit_card,2.31
382,428,2026-07-31,cancelled,paypal,4.3
383,323,2026-05-01,completed,debit_card,11.3
384,6,2026-07-02,completed,credit_card,5.07
385,206,2026-04-15,returned,paypal,10.82
386,207,2026-04-09,completed,cod,9.37
387,277,2025-01-04,completed,credit_card,7.68
388,427,2025-07-11,cancelled,cod,1.66
389,322,2026-04-20,completed,credit_card,0.72
390,378,2024-02-18,cancelled,paypal,14.74
391,399,2026-03-05,cancelled,credit_card,2.2
392,190,2026-06-24,cancelled,cod,8.38
393,259,2026-03-15,cancelled,upi,1.94
394,62,2025-06-27,returned,paypal,0.6
395,249,2025-12-28,completed,debit_card,11.76
396,446,2024-09-25,cancelled,upi,8.6
397,444,2026-06-27,completed,credit_card,12.0
398,85,2024-09-12,returned,paypal,8.42
399,490,2026-03-14,returned,cod,11.36
400,414,2025-12-31,cancelled,cod,0.67
401,213,2024-08-22,returned,paypal,5.73
402,87,2026-03-19,completed,debit_card,3.83
403,348,2025-04-15,completed,cod,14.42
404,73,2025-08-27,completed,paypal,5.63
405,386,2026-07-27,returned,debit_card,7.39
406,138,2026-02-25,returned,credit_card,3.69
407,488,2026-03-23,returned,upi,0.63
408,349,2026-02-24,completed,debit_card,8.78
409,108,2025-10-06,returned,paypal,13.26
410,108,2025-05-04,returned,paypal,0.24
411,345,2025-05-12,cancelled,cod,13.43
412,193,2026-05-21,completed,upi,2.66
413,480,2024-12-02,cancelled,credit_card,3.32
414,472,2025-10-26,completed,credit_card,12.24
415,362,2025-09-08,completed,debit_card,14.76
416,302,2026-04-19,completed,debit_card,3.89
417,481,2026-01-28,completed,paypal,6.49
418,471,2026-02-21,returned,upi,4.74
419,85,2025-07-21,completed,credit_card,9.39
420,414,2025-03-02,returned,paypal,12.61
421,171,2026-06-04,completed,credit_card,11.64
422,227,2025-02-07,completed,cod,9.39
423,27,2025-11-03,cancelled,upi,1.44
424,265,2025-10-27,returned,debit_card,1.62
425,405,2026-06-01,completed,cod,1.89
426,492,2026-07-19,completed,paypal,8.75
427,177,2026-01-08,completed,debit_card,11.78
428,297,2026-04-17,completed,cod,4.49
429,115,2026-07-01,completed,upi,9.36
430,205,2025-05-14,completed,paypal,0.15
431,500,2025-05-03,completed,debit_card,4.26
432,284,2025-02-20,completed,debit_card,0.32
433,480,2024-12-20,completed,upi,3.6
434,452,2025-05-30,completed,debit_card,7.99
435,275,2025-11-02,completed,paypal,3.71
436,241,2026-07-13,completed,debit_card,7.63
437,298,2025-10-06,returned,credit_card,3.11
438,456,2026-07-15,returned,debit_card,14.03
439,299,2024-08-21,cancelled,cod,9.32
440,227,2025-08-09,completed,credit_card,5.39
441,142,2026-01-10,completed,credit_card,1.07
442,101,2026-07-29,completed,paypal,4.54
443,422,2026-05-29,cancelled,upi,12.33
444,204,2026-02-19,completed,debit_card,7.12
445,225,2025-11-25,returned,credit_card,5.62
446,399,2026-05-28,returned,paypal,4.89
447,79,2025-04-13,returned,cod,13.71
448,459,2025-06-07,completed,debit_card,1.56
449,338,2026-03-25,completed,upi,0.86
450,490,2025-01-16,completed,debit_card,4.65
451,205,2026-07-19,completed,cod,4.93
452,314,2025-05-29,cancelled,debit_card,2.69
453,452,2026-07-21,completed,credit_card,10.47
454,40,2024-10-30,returned,paypal,6.15
455,38,2026-01-30,cancelled,upi,5.15
456,237,2026-01-06,completed,cod,9.86
457,64,2026-04-18,cancelled,debit_card,1.16
458,226,2026-04-09,completed,debit_card,10.72
459,104,2026-07-31,completed,paypal,13.63
460,421,2025-02-22,completed,debit_card,14.38
461,86,2025-05-23,cancelled,cod,1.62
462,55,2025-12-23,completed,debit_card,0.22
463,320,2026-03-18,completed,credit_card,13.28
464,474,2026-07-20,completed,paypal,2.63
465,262,2026-03-10,completed,cod,8.81
466,389,2025-11-11,completed,debit_card,11.07
467,152,2026-07-11,completed,upi,3.07
468,450,2025-03-21,completed,paypal,4.76
469,417,2026-07-03,completed,debit_card,12.7
470,447,2026-07-29,returned,paypal,2.75
471,489,2026-02-06,completed,debit_card,14.07
472,260,2025-05-05,cancelled,upi,4.67
473,147,2026-07-09,completed,paypal,12.94
474,80,2026-05-26,completed,upi,6.41
475,276,2025-05-20,returned,debit_card,3.86
476,470,2025-10-29,completed,credit_card,12.92
477,302,2026-04-05,cancelled,credit_card,14.89
478,391,2025-12-26,completed,paypal,7.64
479,186,2026-07-29,completed,debit_card,3.92
480,362,2025-04-29,returned,debit_card,13.14
481,496,2026-02-05,cancelled,cod,4.62
482,158,2024-02-13,completed,upi,0.02
483,214,2025-09-23,cancelled,debit_card,2.65
484,486,2024-09-11,cancelled,cod,12.22
485,462,2025-06-02,cancelled,cod,1.64
486,33,2025-11-27,completed,cod,3.52
487,309,2026-07-08,completed,upi,7.1
488,341,2026-04-16,cancelled,cod,0.86
489,428,2026-07-26,completed,cod,1.84
490,24,2026-05-13,cancelled,debit_card,9.1
491,100,2025-03-27,returned,cod,11.77
492,109,2026-03-26,completed,credit_card,6.52
493,393,2025-12-25,completed,paypal,9.99
494,325,2026-07-24,completed,paypal,13.08
495,60,2025-10-10,completed,credit_card,1.34
496,199,2026-05-30,completed,paypal,11.96
497,437,2026-02-25,completed,debit_card,12.24
498,383,2026-06-23,completed,cod,4.8
499,424,2026-07-25,completed,debit_card,10.51
500,250,2026-03-29,cancelled,paypal,14.77
501,388,2025-08-13,cancelled,credit_card,7.92
502,406,2025-11-18,completed,paypal,6.86
503,460,2025-10-13,completed,debit_card,12.07
504,403,2025-09-05,cancelled,upi,10.19
505,484,2025-12-12,completed,cod,9.75
506,382,2026-04-25,completed,upi,12.97
507,301,2026-06-14,completed,credit_card,11.92
508,293,2024-05-27,completed,paypal,0.95
509,460,2025-09-29,completed,cod,10.43
510,161,2026-03-16,completed,debit_card,8.63
511,64,2026-04-04,completed,paypal,14.49
512,464,2026-06-21,completed,cod,6.67
513,154,2026-07-06,completed,debit_card,9.03
514,282,2026-05-10,completed,upi,9.75
515,74,2026-06-20,completed,credit_card,9.44
516,404,2025-05-22,cancelled,credit_card,14.46
517,281,2026-05-24,completed,paypal,9.6
518,6,2026-03-17,cancelled,debit_card,5.68
519,270,2025-10-12,returned,upi,1.43
520,200,2024-10-04,completed,cod,8.28
521,471,2026-07-27,completed,debit_card,10.17
522,326,2026-07-27,completed,paypal,6.1
523,295,2025-01-01,completed,paypal,8.31
524,382,2025-10-18,cancelled,cod,11.25
525,477,2026-05-26,completed,debit_card,1.13
526,88,2026-05-12,completed,paypal,13.71
527,136,2025-05-24,completed,cod,5.9
528,236,2026-05-19,completed,paypal,1.61
529,44,2026-01-29,returned,debit_card,6.16
530,457,2025-08-02,returned,paypal,1.63
531,98,2025-12-17,completed,debit_card,5.92
532,216,2025-05-30,returned,upi,12.0
533,57,2026-01-04,completed,debit_card,2.33
534,220,2024-10-24,returned,debit_card,10.94
535,127,2026-01-10,completed,upi,10.6
536,438,2025-12-06,completed,debit_card,1.81
537,209,2025-12-23,completed,debit_card,3.33
538,215,2025-11-10,completed,credit_card,2.73
539,147,2026-07-15,completed,cod,1.51
540,50,2026-07-26,completed,cod,11.56
541,399,2026-05-02,returned,cod,5.57
542,301,2026-01-17,completed,upi,13.88
543,372,2025-10-24,completed,cod,10.81
544,282,2026-07-08,completed,cod,14.63
545,307,2025-08-26,completed,paypal,0.68
546,311,2025-10-09,completed,debit_card,0.05
547,61,2024-08-08,completed,credit_card,8.0
548,128,2026-02-25,returned,credit_card,0.02
549,151,2025-09-02,completed,credit_card,12.36
550,337,2026-05-03,completed,upi,14.18
551,323,2026-07-13,cancelled,debit_card,6.69
552,292,2026-06-21,completed,paypal,0.32
553,74,2025-03-02,cancelled,debit_card,6.83
554,7,2025-02-15,completed,debit_card,11.55
555,363,2025-06-28,completed,debit_card,7.21
556,423,2025-11-29,completed,cod,4.45
557,197,2026-07-26,completed,upi,2.54
558,183,2025-08-05,returned,paypal,1.78
559,78,2025-05-13,cancelled,cod,5.02
560,419,2026-01-24,completed,credit_card,4.07
561,76,2026-01-01,cancelled,upi,12.22
562,143,2026-01-20,completed,paypal,14.92
563,247,2026-06-06,returned,paypal,2.07
564,275,2025-08-28,cancelled,credit_card,8.71
565,243,2025-11-20,completed,credit_card,13.67
566,108,2026-05-16,completed,credit_card,11.2
567,376,2026-03-31,cancelled,paypal,0.81
568,429,2026-01-15,completed,credit_card,2.2
569,392,2026-01-26,cancelled,debit_card,11.22
570,57,2026-01-28,completed,credit_card,9.06
571,486,2025-08-30,returned,paypal,13.79
572,201,2025-07-13,returned,cod,12.63
573,218,2024-11-11,completed,credit_card,1.57
574,109,2026-07-13,completed,paypal,2.82
575,290,2024-10-01,returned,upi,0.69
576,385,2026-05-16,completed,debit_card,10.54
577,258,2024-09-16,returned,debit_card,0.36
578,414,2025-06-30,completed,cod,7.74
579,107,2026-06-28,returned,credit_card,14.37
580,87,2026-03-21,completed,credit_card,4.2
581,449,2026-02-13,completed,credit_card,14.58
582,43,2026-03-04,cancelled,cod,6.75
583,405,2025-07-31,returned,credit_card,2.32
584,292,2026-05-29,completed,debit_card,5.82
585,56,2026-07-06,cancelled,upi,2.99
586,143,2026-06-27,completed,cod,2.34
587,221,2026-01-02,completed,credit_card,3.17
588,130,2025-05-08,completed,debit_card,1.04
589,426,2024-07-26,completed,upi,5.13
590,224,2026-01-12,returned,upi,12.35
591,406,2026-02-22,cancelled,paypal,7.81
592,231,2026-06-21,returned,credit_card,0.55
593,108,2024-08-02,returned,credit_card,5.55
594,211,2025-07-08,completed,cod,6.39
595,224,2026-01-26,completed,upi,9.51
596,228,2025-11-25,returned,credit_card,10.02
597,465,2026-04-30,cancelled,credit_card,14.09
598,430,2026-05-24,completed,credit_card,13.5
599,285,2026-05-06,completed,cod,9.67
600,481,2025-12-21,completed,upi,13.56
601,105,2026-06-11,completed,credit_card,6.56
602,123,2026-05-04,completed,paypal,2.91
603,43,2024-08-30,completed,cod,13.0
604,73,2025-04-16,completed,debit_card,1.39
605,40,2025-02-15,cancelled,upi,13.35
606,315,2026-02-23,returned,credit_card,2.38
607,444,2025-12-23,completed,debit_card,0.44
608,141,2026-06-29,completed,credit_card,5.23
609,53,2026-07-09,returned,paypal,2.48
610,306,2025-08-01,completed,cod,1.61
611,130,2026-07-02,cancelled,paypal,9.06
612,191,2025-01-23,completed,paypal,1.83
613,288,2026-06-28,cancelled,paypal,9.03
614,101,2026-07-09,cancelled,upi,0.7
615,296,2025-04-23,completed,credit_card,9.65
616,411,2026-04-23,completed,paypal,4.76
617,153,2026-03-17,cancelled,upi,12.73
618,53,2024-12-18,completed,credit_card,12.38
619,88,2025-12-17,completed,paypal,12.24
620,358,2025-07-10,completed,cod,6.91
621,229,2026-01-22,completed,cod,7.91
622,332,2026-07-26,completed,credit_card,1.13
623,107,2026-06-07,returned,cod,12.88
624,500,2025-12-05,returned,cod,3.05
625,57,2026-03-13,completed,upi,2.81
626,136,2025-02-16,returned,credit_card,5.32
627,226,2026-03-18,completed,credit_card,0.74
628,222,2026-01-26,completed,debit_card,14.38
629,34,2025-09-08,completed,paypal,3.4
630,148,2026-03-21,completed,credit_card,2.78
631,243,2026-04-20,completed,credit_card,2.66
632,1,2025-12-29,completed,upi,1.64
633,117,2026-07-25,returned,debit_card,11.32
634,377,2026-01-01,cancelled,upi,11.02
635,139,2026-04-22,completed,debit_card,14.68
636,296,2026-04-27,cancelled,paypal,3.09
637,56,2026-07-31,completed,cod,13.49
638,297,2026-03-25,completed,cod,1.84
639,495,2025-09-07,returned,cod,9.96
640,145,2026-06-22,returned,credit_card,0.8
641,450,2025-02-03,returned,cod,2.33
642,376,2026-05-14,cancelled,cod,13.77
643,205,2025-02-15,completed,paypal,8.96
644,297,2025-09-11,completed,paypal,2.04
645,71,2026-05-10,completed,cod,14.02
646,14,2025-12-08,completed,debit_card,9.23
647,387,2026-04-09,completed,upi,10.05
648,149,2025-10-02,cancelled,paypal,12.96
649,105,2026-07-09,completed,cod,11.11
650,249,2026-05-29,completed,credit_card,1.01
651,54,2025-08-10,completed,cod,6.66
652,208,2026-05-27,completed,debit_card,12.63
653,246,2024-12-18,completed,credit_card,14.39
654,62,2026-01-12,cancelled,credit_card,8.71
655,465,2025-07-07,completed,upi,13.24
656,78,2025-11-07,returned,paypal,6.89
657,493,2026-06-29,returned,debit_card,8.64
658,376,2026-05-04,completed,credit_card,9.98
659,457,2025-11-13,cancelled,credit_card,0.93
660,324,2024-09-06,completed,paypal,1.61
661,104,2026-07-28,completed,upi,12.21
662,18,2026-03-08,completed,paypal,11.62
663,461,2025-06-18,completed,upi,6.41
664,27,2026-07-13,completed,credit_card,3.36
665,39,2025-09-01,returned,debit_card,12.8
666,216,2024-10-09,completed,paypal,13.32
667,419,2026-02-15,completed,debit_card,7.4
668,19,2026-01-02,returned,debit_card,9.76
669,312,2026-07-19,cancelled,credit_card,8.29
670,65,2026-03-24,cancelled,cod,2.07
671,6,2026-04-19,cancelled,cod,8.52
672,30,2024-09-04,completed,debit_card,6.58
673,337,2025-01-16,completed,credit_card,3.75
674,335,2025-10-17,returned,paypal,4.78
675,380,2026-05-08,completed,credit_card,5.59
676,11,2026-06-18,completed,paypal,4.17
677,106,2025-12-24,completed,upi,7.99
678,386,2026-07-27,completed,credit_card,5.11
679,294,2026-07-17,returned,cod,3.9
680,293,2025-02-27,completed,cod,4.11
681,136,2025-04-19,cancelled,upi,0.26
682,246,2025-12-10,returned,debit_card,6.13
683,117,2026-06-10,completed,cod,9.84
684,163,2024-03-12,returned,debit_card,0.91
685,121,2026-07-13,completed,credit_card,7.6
686,105,2026-06-26,returned,paypal,12.44
687,483,2025-11-05,returned,credit_card,2.4
688,14,2025-01-19,returned,debit_card,12.12
689,258,2026-01-14,returned,upi,8.08
690,242,2025-12-26,returned,cod,6.62
691,234,2026-06-26,completed,debit_card,6.68
692,215,2025-11-01,returned,debit_card,13.89
693,134,2025-02-26,completed,paypal,1.77
694,135,2026-06-28,returned,upi,11.14
695,86,2025-06-07,completed,cod,13.0
696,460,2026-01-19,returned,cod,9.25
697,467,2026-03-18,cancelled,upi,4.34
698,333,2025-12-10,cancelled,paypal,6.58
699,388,2025-01-07,completed,credit_card,12.21
700,178,2025-11-11,completed,credit_card,4.32
701,50,2025-04-08,returned,cod,11.32
702,276,2025-07-02,completed,upi,12.49
703,483,2026-03-20,cancelled,cod,1.89
704,71,2025-11-24,completed,paypal,12.05
705,233,2026-01-21,returned,credit_card,10.6
706,322,2024-11-25,completed,debit_card,8.8
707,417,2026-06-26,cancelled,paypal,1.98
708,223,2024-08-07,cancelled,cod,9.17
709,299,2025-03-07,completed,upi,7.96
710,249,2026-04-25,cancelled,cod,5.36
711,91,2026-04-26,completed,credit_card,5.21
712,149,2024-12-01,returned,debit_card,13.35
713,138,2026-01-21,completed,paypal,9.54
714,114,2026-06-18,completed,cod,3.09
715,310,2026-06-30,completed,upi,1.35
716,275,2025-07-27,completed,cod,5.93
717,284,2026-07-04,completed,credit_card,0.54
718,204,2026-07-01,completed,debit_card,4.25
719,140,2025-11-14,cancelled,upi,1.97
720,377,2026-02-27,completed,cod,12.89
721,296,2025-12-10,cancelled,paypal,6.44
722,9,2026-07-01,cancelled,paypal,11.44
723,500,2025-04-30,cancelled,debit_card,6.71
724,443,2025-11-05,returned,debit_card,1.26
725,173,2025-04-24,completed,paypal,10.33
726,363,2026-01-18,returned,cod,12.88
727,359,2025-10-17,cancelled,debit_card,11.35
728,498,2026-06-02,completed,upi,7.43
729,166,2026-05-29,completed,cod,9.75
730,310,2026-07-15,cancelled,upi,3.16
731,77,2026-05-28,completed,credit_card,4.68
732,32,2026-07-29,cancelled,cod,2.35
733,467,2026-04-05,returned,paypal,5.51
734,92,2026-06-02,returned,credit_card,1.9
735,476,2026-06-25,returned,debit_card,2.15
736,155,2025-11-28,completed,debit_card,8.4
737,485,2026-06-16,completed,debit_card,12.6
738,239,2026-06-01,completed,upi,3.21
739,49,2025-03-23,completed,cod,13.82
740,368,2026-04-07,returned,upi,7.35
741,436,2025-04-08,completed,upi,12.51
742,364,2025-02-06,completed,credit_card,12.87
743,87,2026-06-04,completed,cod,0.21
744,312,2026-04-25,returned,upi,2.59
745,180,2026-03-05,completed,upi,8.52
746,60,2025-06-30,completed,credit_card,2.78
747,387,2025-07-16,completed,credit_card,5.69
748,453,2025-05-26,completed,paypal,3.89
749,487,2026-06-25,completed,cod,8.53
750,17,2026-07-01,returned,debit_card,7.13
751,184,2025-09-20,completed,upi,7.13
752,96,2026-06-30,completed,upi,12.14
753,348,2025-12-08,completed,credit_card,14.56
754,206,2026-01-15,completed,debit_card,7.68
755,492,2026-02-16,completed,paypal,11.89
756,1,2026-06-21,completed,debit_card,13.24
757,351,2025-10-22,completed,credit_card,7.16
758,193,2025-12-31,completed,credit_card,5.81
759,202,2025-10-18,completed,paypal,7.32
760,331,2025-07-05,completed,upi,2.82
761,93,2025-12-01,completed,paypal,4.67
762,352,2025-04-09,cancelled,credit_card,2.41
763,335,2026-05-23,cancelled,upi,11.57
764,191,2026-03-18,cancelled,paypal,12.66
765,4,2025-07-24,returned,paypal,2.96
766,218,2025-04-06,completed,credit_card,8.14
767,153,2026-01-14,completed,cod,1.68
768,90,2025-05-25,returned,credit_card,1.89
769,498,2026-07-16,returned,debit_card,13.78
770,475,2025-12-17,completed,upi,6.01
771,468,2025-06-20,completed,debit_card,8.56
772,390,2026-01-29,completed,debit_card,4.15
773,348,2025-08-11,completed,credit_card,6.11
774,67,2026-07-08,completed,upi,8.99
775,365,2026-07-11,cancelled,cod,6.31
776,273,2025-11-27,cancelled,paypal,6.04
777,80,2026-07-18,completed,cod,5.27
778,203,2025-07-12,completed,credit_card,8.56
779,210,2026-03-03,completed,upi,13.51
780,440,2025-11-11,cancelled,upi,4.29
781,465,2024-10-17,cancelled,cod,9.8
782,167,2026-05-23,completed,debit_card,8.54
783,189,2025-09-30,completed,upi,14.06
784,296,2025-12-05,cancelled,debit_card,10.26
785,237,2026-06-22,completed,credit_card,11.23
786,398,2025-11-15,returned,credit_card,6.58
787,422,2026-07-16,completed,paypal,5.99
788,337,2025-08-26,completed,debit_card,11.93
789,461,2026-06-15,completed,paypal,5.14
790,114,2026-03-06,returned,paypal,10.71
791,151,2025-03-12,completed,debit_card,9.11
792,370,2026-02-12,returned,upi,7.15
793,192,2026-03-25,cancelled,debit_card,13.06
794,312,2026-07-08,completed,debit_card,5.35
795,51,2025-12-04,returned,credit_card,4.07
796,354,2026-03-19,cancelled,debit_card,0.6
797,300,2026-06-27,returned,upi,6.96
798,250,2025-08-22,returned,credit_card,8.73
799,330,2025-07-30,returned,cod,11.33
800,139,2026-03-26,completed,paypal,7.61
801,164,2026-04-05,cancelled,upi,2.45
802,156,2025-05-29,cancelled,paypal,9.57
803,351,2025-02-03,returned,debit_card,8.57
804,88,2026-01-21,returned,debit_card,4.89
805,373,2026-03-16,completed,upi,4.62
806,420,2026-07-27,completed,debit_card,9.93
807,287,2026-04-18,completed,debit_card,9.26
808,400,2026-04-08,cancelled,debit_card,4.2
809,451,2026-07-11,completed,paypal,14.66
810,280,2025-11-17,returned,cod,12.26
811,403,2026-06-15,completed,paypal,13.58
812,310,2026-06-30,completed,credit_card,9.63
813,448,2026-01-01,returned,upi,4.24
814,82,2026-07-21,completed,cod,13.84
815,332,2026-07-05,completed,upi,7.92
816,219,2025-11-15,completed,debit_card,8.77
817,445,2025-08-01,completed,debit_card,3.09
818,66,2026-07-04,completed,credit_card,4.91
819,120,2025-05-11,completed,credit_card,2.06
820,395,2025-06-16,returned,credit_card,1.39
821,482,2026-04-19,returned,paypal,11.25
822,9,2026-04-29,cancelled,upi,6.0
823,429,2024-07-22,cancelled,paypal,3.44
824,9,2026-06-03,completed,credit_card,2.11
825,356,2025-11-11,completed,credit_card,8.94
826,81,2025-12-23,completed,debit_card,14.04
827,84,2025-06-26,cancelled,debit_card,4.59
828,456,2026-07-27,completed,debit_card,13.7
829,307,2026-05-10,completed,debit_card,1.5
830,439,2026-05-23,completed,cod,12.14
831,461,2025-10-18,completed,paypal,9.85
832,483,2025-06-03,completed,credit_card,11.15
833,303,2026-06-04,returned,cod,14.81
834,464,2026-06-30,cancelled,credit_card,11.91
835,204,2026-04-09,completed,cod,7.21
836,382,2026-03-07,returned,paypal,5.06
837,282,2026-06-05,completed,paypal,11.45
838,500,2025-12-08,completed,credit_card,8.26
839,420,2026-06-07,completed,debit_card,12.6
840,308,2025-02-18,returned,cod,7.88
841,483,2026-03-18,completed,paypal,0.73
842,129,2026-03-08,returned,paypal,3.13
843,215,2026-01-23,returned,debit_card,3.73
844,228,2025-05-24,completed,paypal,0.16
845,53,2026-07-24,cancelled,debit_card,9.91
846,487,2026-03-29,cancelled,paypal,1.69
847,309,2026-07-13,completed,debit_card,13.04
848,328,2026-07-31,completed,upi,10.0
849,303,2026-05-13,completed,credit_card,14.96
850,49,2024-07-09,completed,paypal,8.7
851,465,2024-08-04,completed,cod,2.71
852,420,2026-07-21,completed,paypal,14.6
853,358,2025-10-13,completed,debit_card,8.38
854,425,2025-10-27,completed,credit_card,9.59
855,173,2026-02-12,completed,debit_card,14.39
856,287,2026-01-05,completed,upi,9.28
857,365,2026-07-06,cancelled,paypal,2.19
858,292,2026-03-09,completed,debit_card,6.64
859,141,2026-05-31,cancelled,debit_card,12.5
860,7,2025-11-01,completed,credit_card,12.86
861,134,2026-05-02,completed,paypal,6.47
862,441,2025-05-02,returned,cod,1.93
863,317,2026-06-30,cancelled,cod,6.54
864,245,2026-07-31,completed,credit_card,10.23
865,130,2024-12-07,returned,upi,6.46
866,357,2026-03-17,completed,paypal,3.49
867,33,2026-06-07,cancelled,debit_card,10.99
868,476,2026-01-18,completed,paypal,1.34
869,160,2026-02-25,completed,upi,13.19
870,132,2026-01-16,returned,credit_card,14.73
871,87,2026-01-05,returned,credit_card,0.07
872,275,2025-08-16,completed,credit_card,13.08
873,434,2026-07-31,completed,cod,2.23
874,93,2026-05-19,returned,debit_card,13.5
875,284,2024-08-20,completed,debit_card,5.49
876,184,2025-10-16,cancelled,cod,1.48
877,484,2026-05-08,cancelled,upi,6.53
878,54,2025-03-07,returned,upi,9.14
879,485,2026-04-07,completed,cod,11.22
880,423,2026-06-17,returned,cod,12.74
881,293,2025-11-05,returned,credit_card,0.68
882,470,2026-02-14,completed,debit_card,2.13
883,482,2026-07-12,completed,upi,10.35
884,355,2026-02-17,completed,upi,1.93
885,94,2026-07-04,completed,debit_card,14.15
886,390,2025-08-20,cancelled,debit_card,14.25
887,391,2024-12-14,completed,upi,9.23
888,292,2026-02-19,completed,paypal,12.89
889,79,2025-03-04,returned,credit_card,3.38
890,432,2026-01-12,returned,cod,4.32
891,266,2026-06-17,completed,cod,10.81
892,2,2026-06-11,completed,upi,11.53
893,322,2024-12-23,returned,cod,1.11
894,326,2026-06-06,cancelled,debit_card,6.81
895,379,2026-02-09,cancelled,paypal,2.16
896,488,2026-03-05,cancelled,paypal,5.07
897,330,2025-11-22,completed,upi,2.12
898,464,2026-07-17,returned,upi,0.76
899,483,2026-04-06,completed,debit_card,5.79
900,211,2025-06-02,cancelled,debit_card,13.02
901,50,2024-11-14,completed,credit_card,0.13
902,477,2026-03-01,completed,debit_card,14.37
903,174,2026-01-27,completed,paypal,4.55
904,340,2024-07-15,cancelled,credit_card,11.34
905,393,2025-08-14,returned,paypal,13.96
906,154,2026-01-04,cancelled,debit_card,1.66
907,309,2026-07-26,cancelled,credit_card,9.33
908,333,2025-08-22,completed,paypal,6.73
909,475,2025-12-04,completed,cod,0.29
910,412,2026-07-17,cancelled,upi,10.61
911,137,2024-05-17,cancelled,credit_card,12.08
912,39,2024-08-31,completed,credit_card,2.31
913,7,2025-12-17,returned,credit_card,2.34
914,475,2024-05-27,completed,credit_card,10.77
915,352,2025-08-22,completed,credit_card,10.75
916,95,2026-01-29,completed,credit_card,2.64
917,64,2026-07-13,completed,debit_card,2.81
918,219,2026-01-05,completed,debit_card,7.96
919,387,2026-05-17,completed,upi,0.18
920,349,2026-06-20,completed,cod,3.94
921,251,2025-08-22,returned,debit_card,3.42
922,473,2026-07-27,cancelled,upi,6.78
923,163,2025-02-23,completed,upi,5.49
924,173,2025-06-11,completed,upi,5.88
925,223,2024-11-10,cancelled,credit_card,5.3
926,245,2026-03-20,completed,debit_card,3.53
927,317,2026-06-25,returned,credit_card,8.99
928,484,2026-02-20,completed,paypal,9.51
929,304,2025-08-11,completed,upi,8.45
930,385,2026-01-11,returned,paypal,1.22
931,399,2025-12-18,cancelled,debit_card,3.35
932,318,2025-10-02,returned,debit_card,11.76
933,310,2026-07-06,completed,credit_card,11.03
934,359,2025-09-13,completed,paypal,3.06
935,466,2026-04-15,cancelled,upi,8.33
936,490,2024-07-06,completed,credit_card,13.02
937,145,2025-10-08,returned,cod,0.59
938,174,2024-04-30,cancelled,paypal,11.26
939,60,2026-06-09,completed,debit_card,3.59
940,164,2025-12-31,cancelled,upi,0.29
941,302,2026-03-27,completed,debit_card,8.74
942,452,2026-01-28,returned,debit_card,5.96
943,285,2026-04-27,returned,upi,2.4
944,202,2024-08-20,completed,upi,0.43
945,354,2026-02-25,completed,cod,12.27
946,262,2025-04-29,completed,credit_card,3.25
947,168,2026-01-24,cancelled,cod,11.31
948,26,2026-03-10,completed,credit_card,4.55
949,144,2025-05-18,completed,paypal,11.56
950,234,2026-06-12,completed,credit_card,13.2
951,375,2026-06-02,completed,debit_card,0.98
952,33,2025-09-25,completed,upi,3.04
953,23,2026-01-07,cancelled,cod,14.28
954,242,2025-08-30,completed,paypal,9.88
955,240,2025-05-31,completed,debit_card,12.21
956,239,2025-07-08,returned,debit_card,13.35
957,406,2024-10-30,cancelled,credit_card,12.35
958,54,2025-11-22,completed,paypal,14.02
959,60,2025-10-28,completed,cod,14.05
960,1,2026-01-14,completed,upi,2.17
961,387,2026-04-22,completed,debit_card,8.13
962,9,2026-05-02,completed,credit_card,3.11
963,487,2026-04-18,cancelled,paypal,9.92
964,199,2026-05-17,completed,paypal,6.43
965,409,2026-02-27,returned,credit_card,6.34
966,126,2025-12-10,cancelled,upi,11.24
967,398,2026-02-22,cancelled,debit_card,9.21
968,442,2024-10-18,returned,upi,1.04
969,474,2025-11-21,completed,paypal,8.78
970,249,2026-02-22,completed,upi,11.64
971,175,2026-03-12,returned,upi,3.43
972,358,2026-04-02,completed,cod,13.47
973,34,2024-06-10,completed,paypal,7.12
974,135,2026-04-16,completed,debit_card,8.73
975,104,2026-07-19,completed,debit_card,11.2
976,451,2025-09-01,completed,debit_card,12.91
977,89,2025-07-31,returned,cod,12.88
978,262,2025-06-30,completed,upi,7.7
979,321,2026-06-05,completed,debit_card,12.42
980,231,2026-06-04,completed,debit_card,7.19
981,34,2025-10-09,completed,debit_card,11.59
982,144,2025-07-05,completed,paypal,12.54
983,265,2025-01-28,completed,paypal,14.01
984,498,2026-06-27,completed,paypal,7.77
985,352,2026-01-01,returned,cod,4.82
986,455,2026-01-17,cancelled,paypal,3.68
987,282,2026-05-28,completed,credit_card,2.83
988,137,2024-04-14,cancelled,upi,8.93
989,434,2026-07-20,completed,credit_card,8.23
990,58,2026-04-26,returned,paypal,4.26
991,182,2025-06-26,completed,credit_card,8.31
992,47,2025-10-05,returned,paypal,12.14
993,209,2025-07-21,completed,upi,9.14
994,344,2025-10-14,cancelled,cod,12.91
995,315,2026-07-27,cancelled,credit_card,8.12
996,316,2026-04-07,cancelled,cod,3.08
997,404,2025-04-21,completed,debit_card,4.71
998,358,2025-03-24,cancelled,credit_card,5.83
999,224,2025-11-22,completed,debit_card,4.04
1000,25,2026-01-10,completed,debit_card,1.39
1001,210,2026-02-20,completed,cod,1.0
1002,336,2026-07-15,completed,paypal,8.22
1003,419,2025-11-30,returned,credit_card,11.69
1004,140,2026-06-01,completed,cod,7.57
1005,25,2026-05-13,completed,debit_card,3.63
1006,311,2026-06-13,completed,credit_card,14.74
1007,387,2026-04-11,returned,cod,10.89
1008,38,2026-01-10,completed,paypal,1.73
1009,397,2025-04-04,cancelled,cod,11.86
1010,462,2024-11-28,cancelled,paypal,7.3
1011,473,2026-07-18,completed,paypal,0.8
1012,479,2026-07-23,cancelled,credit_card,5.29
1013,365,2026-06-17,completed,credit_card,0.37
1014,409,2026-06-24,cancelled,paypal,9.33
1015,391,2026-03-16,completed,cod,10.93
1016,316,2026-04-05,completed,upi,3.3
1017,100,2026-01-03,returned,debit_card,6.26
1018,440,2024-11-01,completed,upi,11.81
1019,343,2025-11-30,completed,cod,10.92
1020,80,2026-07-20,returned,paypal,12.09
1021,482,2026-04-29,completed,upi,14.59
1022,238,2026-06-18,completed,cod,7.59
1023,34,2026-05-15,completed,credit_card,6.53
1024,302,2026-05-11,cancelled,upi,12.74
1025,43,2024-06-28,completed,debit_card,8.11
1026,432,2026-03-15,completed,cod,1.31
1027,43,2024-05-15,returned,credit_card,12.32
1028,137,2025-10-21,completed,cod,12.55
1029,34,2025-06-29,returned,paypal,2.36
1030,157,2025-09-29,cancelled,upi,12.1
1031,237,2026-01-27,completed,credit_card,1.19
1032,247,2026-06-12,cancelled,credit_card,13.95
1033,431,2025-11-08,cancelled,debit_card,12.19
1034,162,2026-05-03,completed,credit_card,13.04
1035,22,2026-07-13,completed,debit_card,7.69
1036,315,2025-07-05,completed,credit_card,1.57
1037,387,2026-06-13,completed,paypal,4.99
1038,136,2025-08-21,completed,debit_card,10.03
1039,412,2026-07-09,returned,cod,14.1
1040,308,2026-07-27,completed,upi,14.83
1041,288,2026-07-15,completed,cod,9.84
1042,169,2026-05-18,cancelled,credit_card,1.49
1043,374,2025-04-17,completed,credit_card,11.48
1044,34,2026-05-19,completed,debit_card,1.7
1045,43,2025-04-04,completed,paypal,2.65
1046,84,2025-08-24,completed,debit_card,7.83
1047,86,2025-08-06,returned,upi,11.6
1048,337,2026-02-01,returned,upi,5.81
1049,341,2026-04-02,completed,upi,11.25
1050,69,2026-06-18,returned,cod,8.42
1051,254,2025-12-30,returned,paypal,1.8
1052,160,2026-05-08,completed,credit_card,12.88
1053,133,2025-09-12,completed,paypal,5.1
1054,95,2024-12-01,completed,cod,9.04
1055,500,2025-08-31,completed,paypal,13.33
1056,26,2026-05-17,completed,cod,11.32
1057,337,2025-07-14,completed,upi,11.28
1058,337,2025-08-20,completed,credit_card,2.05
1059,457,2025-12-31,completed,upi,12.14
1060,416,2024-09-27,cancelled,debit_card,10.93
1061,407,2025-09-09,cancelled,cod,3.57
1062,128,2026-01-12,cancelled,paypal,9.73
1063,128,2026-01-16,completed,debit_card,14.97
1064,203,2025-04-16,completed,paypal,14.39
1065,189,2025-12-26,cancelled,upi,9.89
1066,446,2026-06-23,completed,upi,7.33
1067,456,2026-06-04,cancelled,cod,4.34
1068,233,2025-04-07,completed,debit_card,6.74
1069,9,2026-05-29,cancelled,upi,3.28
1070,291,2024-09-06,completed,paypal,3.78
1071,491,2024-05-08,completed,cod,6.3
1072,357,2026-05-22,completed,cod,2.99
1073,242,2026-04-07,completed,cod,5.0
1074,459,2024-12-18,completed,upi,13.0
1075,349,2026-05-21,cancelled,debit_card,3.31
1076,471,2026-05-17,cancelled,credit_card,14.87
1077,244,2026-04-01,completed,cod,2.51
1078,111,2025-10-06,completed,credit_card,1.33
1079,293,2024-02-10,completed,debit_card,2.58
1080,108,2024-08-09,completed,paypal,6.91
1081,353,2026-06-26,completed,upi,5.67
1082,44,2025-01-14,completed,credit_card,2.31
1083,417,2026-06-25,completed,cod,10.71
1084,110,2026-06-26,completed,debit_card,6.09
1085,246,2025-04-05,returned,debit_card,0.79
1086,261,2026-07-04,returned,credit_card,3.62
1087,430,2026-02-06,completed,debit_card,10.48
1088,227,2025-02-24,cancelled,cod,1.2
1089,14,2024-10-27,completed,credit_card,4.84
1090,77,2026-03-29,completed,upi,10.08
1091,90,2026-06-08,completed,cod,9.32
1092,21,2026-06-28,cancelled,upi,0.39
1093,289,2025-07-30,completed,upi,2.24
1094,296,2025-10-22,completed,cod,10.71
1095,320,2026-06-07,completed,debit_card,0.97
1096,469,2025-10-07,completed,paypal,9.38
1097,368,2025-11-13,returned,credit_card,6.0
1098,348,2025-08-22,completed,cod,8.57
1099,370,2026-06-03,returned,upi,3.21
1100,200,2024-09-09,completed,paypal,11.36
1101,118,2026-04-18,completed,cod,10.25
1102,144,2025-01-08,returned,cod,14.4
1103,426,2026-05-15,completed,paypal,0.56
1104,105,2026-06-19,completed,paypal,2.91
1105,239,2026-04-11,completed,cod,0.72
1106,111,2024-12-26,cancelled,paypal,14.99
1107,18,2026-02-20,completed,cod,11.42
1108,467,2025-08-01,completed,credit_card,14.96
1109,399,2026-03-19,completed,cod,1.92
1110,465,2025-09-07,completed,cod,10.2
1111,277,2025-01-13,completed,debit_card,5.96
1112,123,2025-10-10,completed,paypal,5.07
1113,357,2026-04-22,completed,debit_card,7.8
1114,223,2026-07-01,completed,cod,10.41
1115,400,2025-09-30,completed,debit_card,13.12
1116,200,2025-05-14,returned,credit_card,12.27
1117,234,2026-05-26,completed,debit_card,1.5
1118,27,2026-03-22,returned,cod,2.75
1119,124,2025-08-20,returned,credit_card,11.91
1120,331,2025-11-30,returned,credit_card,0.8
1121,149,2024-12-19,returned,debit_card,14.02
1122,283,2026-03-11,returned,cod,11.19
1123,11,2026-06-20,completed,cod,9.28
1124,400,2025-12-02,cancelled,upi,8.46
1125,243,2025-12-01,cancelled,credit_card,6.86
1126,311,2025-09-12,completed,cod,13.62
1127,420,2026-04-10,completed,paypal,14.4
1128,16,2026-02-17,completed,upi,8.86
1129,194,2026-06-14,cancelled,credit_card,13.85
1130,426,2026-05-04,completed,debit_card,12.11
1131,278,2024-07-09,completed,cod,11.94
1132,386,2026-07-21,completed,credit_card,10.02
1133,314,2025-11-08,completed,credit_card,14.18
1134,233,2025-06-07,completed,cod,2.94
1135,227,2025-09-27,cancelled,debit_card,0.87
1136,447,2026-07-30,cancelled,upi,13.85
1137,204,2026-07-21,returned,paypal,1.01
1138,489,2026-03-09,completed,debit_card,3.04
1139,53,2025-02-07,returned,debit_card,0.01
1140,423,2026-07-27,completed,debit_card,7.02
1141,493,2026-04-13,returned,paypal,0.72
1142,129,2026-05-10,completed,upi,7.06
1143,380,2026-04-10,returned,debit_card,13.73
1144,48,2026-07-26,cancelled,cod,8.04
1145,294,2026-06-02,completed,upi,11.77
1146,15,2026-06-03,completed,cod,11.25
1147,349,2025-10-13,cancelled,upi,10.5
1148,392,2025-10-26,cancelled,cod,2.15
1149,82,2025-12-15,cancelled,paypal,0.22
1150,38,2025-12-01,completed,credit_card,14.73
1151,303,2026-06-07,completed,debit_card,6.45
1152,431,2026-04-05,cancelled,cod,10.75
1153,44,2025-05-23,completed,upi,9.39
1154,277,2026-05-16,completed,credit_card,14.01
1155,278,2024-07-10,returned,cod,13.73
1156,269,2026-03-04,cancelled,debit_card,10.24
1157,459,2025-08-04,cancelled,upi,10.92
1158,461,2025-07-27,completed,paypal,4.02
1159,72,2025-12-21,returned,paypal,2.79
1160,201,2026-06-09,completed,debit_card,8.19
1161,468,2025-03-20,cancelled,debit_card,14.53
1162,272,2026-07-31,completed,credit_card,3.35
1163,250,2026-04-21,completed,paypal,3.36
1164,58,2026-06-02,returned,upi,2.47
1165,20,2024-09-01,completed,debit_card,5.92
1166,56,2025-09-07,completed,debit_card,1.61
1167,434,2026-07-27,completed,debit_card,11.98
1168,398,2025-03-01,completed,upi,5.74
1169,84,2025-08-20,completed,cod,12.14
1170,442,2025-03-10,completed,upi,10.59
1171,258,2024-10-14,completed,cod,13.66
1172,14,2025-02-19,completed,credit_card,0.64
1173,450,2024-08-15,completed,paypal,1.04
1174,18,2026-06-14,completed,upi,8.33
1175,267,2026-03-01,returned,upi,5.79
1176,188,2026-07-11,returned,debit_card,13.79
1177,69,2026-06-24,completed,debit_card,3.0
1178,194,2026-03-20,completed,cod,3.67
1179,242,2025-04-08,returned,credit_card,9.98
1180,134,2026-06-12,completed,cod,9.42
1181,461,2025-10-01,completed,upi,0.8
1182,33,2026-03-25,completed,debit_card,6.64
1183,94,2025-12-30,completed,cod,14.33
1184,460,2025-10-24,completed,paypal,10.54
1185,214,2025-04-06,cancelled,upi,11.06
1186,416,2026-02-02,returned,credit_card,2.71
1187,462,2025-12-11,cancelled,cod,13.66
1188,459,2025-06-30,completed,cod,14.27
1189,453,2024-12-18,completed,cod,7.33
1190,122,2026-06-16,cancelled,credit_card,11.98
1191,155,2025-03-02,cancelled,credit_card,12.22
1192,296,2025-07-07,returned,paypal,9.96
1193,142,2026-06-04,completed,credit_card,9.18
1194,108,2025-12-23,returned,upi,1.39
1195,325,2026-06-11,completed,credit_card,3.11
1196,239,2026-05-13,completed,credit_card,1.73
1197,207,2025-10-16,completed,debit_card,0.63
1198,195,2025-03-13,completed,cod,0.2
1199,392,2026-03-18,completed,credit_card,1.35
1200,269,2026-04-08,completed,credit_card,8.65
1201,434,2026-07-24,completed,upi,12.59
1202,477,2025-12-18,returned,cod,5.18
1203,188,2026-03-16,completed,debit_card,3.18
1204,399,2026-01-11,completed,debit_card,14.85
1205,315,2024-12-01,cancelled,debit_card,8.36
1206,219,2026-06-28,completed,upi,3.42
1207,164,2025-11-29,completed,credit_card,3.33
1208,289,2026-06-26,cancelled,paypal,6.35
1209,89,2025-03-08,completed,upi,12.62
1210,23,2025-12-30,completed,credit_card,11.96
1211,217,2025-12-07,completed,cod,0.2
1212,55,2025-05-23,returned,credit_card,13.03
1213,44,2025-02-22,returned,credit_card,6.13
1214,365,2025-12-29,completed,credit_card,14.53
1215,361,2025-12-21,completed,credit_card,8.48
1216,130,2026-04-01,completed,debit_card,1.81
1217,412,2026-07-28,completed,cod,6.04
1218,124,2025-03-03,cancelled,credit_card,0.48
1219,35,2026-06-05,completed,credit_card,6.7
1220,367,2026-07-26,completed,cod,0.05
1221,131,2026-01-17,returned,cod,0.57
1222,309,2026-07-10,completed,credit_card,6.16
1223,426,2024-11-26,completed,upi,2.75
1224,490,2026-04-26,completed,credit_card,3.22
1225,463,2026-06-14,completed,credit_card,1.34
1226,341,2025-10-08,completed,credit_card,12.74
1227,261,2025-09-12,completed,cod,13.92
1228,263,2026-04-13,completed,cod,14.74
1229,342,2025-12-05,completed,debit_card,5.7
1230,392,2025-12-07,completed,cod,13.36
1231,326,2026-04-15,completed,credit_card,8.83
1232,298,2025-10-17,completed,paypal,6.41
1233,55,2026-04-08,returned,upi,2.73
1234,328,2026-06-03,returned,upi,5.76
1235,232,2026-07-09,completed,debit_card,0.97
1236,198,2026-03-11,completed,paypal,8.7
1237,258,2026-01-13,completed,paypal,8.02
1238,12,2025-03-19,completed,paypal,1.11
1239,339,2026-02-28,completed,debit_card,10.72
1240,369,2026-04-25,completed,paypal,2.8
1241,171,2025-01-10,completed,paypal,13.6
1242,163,2025-11-25,completed,debit_card,10.46
1243,34,2026-05-12,returned,debit_card,10.5
1244,139,2026-01-04,returned,credit_card,11.81
1245,340,2025-08-20,returned,debit_card,10.48
1246,64,2026-05-29,completed,cod,10.19
1247,127,2025-11-22,completed,paypal,1.7
1248,211,2026-07-09,completed,credit_card,7.72
1249,305,2026-07-02,returned,paypal,12.1
1250,463,2026-06-23,returned,upi,6.47
1251,388,2025-10-05,completed,cod,13.39
1252,410,2026-01-31,cancelled,debit_card,12.81
1253,56,2025-10-13,completed,cod,9.12
1254,439,2025-09-06,completed,debit_card,2.28
1255,337,2026-01-11,completed,upi,2.02
1256,52,2024-12-31,completed,cod,12.23
1257,365,2026-05-14,returned,debit_card,2.94
1258,477,2025-09-06,completed,upi,2.02
1259,129,2025-07-06,cancelled,paypal,3.42
1260,326,2026-04-30,completed,paypal,14.22
1261,167,2025-05-23,completed,paypal,0.71
1262,451,2025-08-01,completed,debit_card,14.17
1263,482,2026-06-25,completed,upi,6.58
1264,445,2026-03-21,completed,credit_card,13.47
1265,402,2026-05-24,completed,credit_card,3.82
1266,369,2025-07-30,completed,cod,13.41
1267,36,2026-07-07,cancelled,upi,7.11
1268,470,2026-07-02,completed,paypal,3.93
1269,274,2026-05-28,completed,upi,9.04
1270,330,2025-05-18,completed,cod,6.85
1271,162,2026-02-04,returned,debit_card,12.56
1272,71,2025-10-29,cancelled,debit_card,0.55
1273,130,2025-05-07,completed,debit_card,13.57
1274,201,2026-07-25,completed,cod,3.15
1275,75,2025-06-02,completed,credit_card,0.22
1276,223,2025-06-23,completed,credit_card,13.65
1277,32,2026-07-17,returned,paypal,13.93
1278,248,2025-10-12,cancelled,cod,9.62
1279,347,2025-01-08,completed,credit_card,2.98
1280,2,2026-03-04,completed,paypal,14.29
1281,7,2026-02-08,completed,paypal,13.01
1282,1,2025-11-16,returned,paypal,1.51
1283,284,2024-11-05,cancelled,cod,10.88
1284,315,2024-09-01,completed,credit_card,5.56
1285,221,2026-07-30,completed,upi,12.74
1286,172,2026-04-24,completed,credit_card,6.91
1287,278,2025-12-28,returned,debit_card,4.2
1288,28,2026-06-29,completed,paypal,4.0
1289,427,2024-10-19,completed,upi,11.69
1290,426,2024-06-01,returned,credit_card,14.07
1291,474,2026-05-13,completed,upi,4.13
1292,424,2025-10-01,completed,upi,14.88
1293,232,2026-06-22,completed,debit_card,14.91
1294,247,2026-03-09,completed,paypal,14.14
1295,191,2024-01-10,returned,debit_card,12.66
1296,96,2025-08-01,completed,credit_card,11.16
1297,23,2024-07-13,cancelled,credit_card,12.14
1298,151,2025-05-25,completed,cod,7.83
1299,429,2026-06-06,completed,cod,11.9
1300,79,2025-05-05,returned,cod,6.05
1301,132,2026-05-25,completed,paypal,13.07
1302,223,2024-07-09,cancelled,upi,2.91
1303,469,2024-09-02,returned,credit_card,4.96
1304,361,2025-10-07,cancelled,paypal,6.73
1305,423,2025-11-11,returned,credit_card,8.11
1306,15,2026-07-15,returned,credit_card,13.34
1307,399,2026-04-11,cancelled,credit_card,9.02
1308,152,2026-07-27,cancelled,credit_card,10.3
1309,162,2025-07-01,completed,debit_card,14.97
1310,225,2026-07-14,completed,cod,5.36
1311,214,2025-01-22,completed,paypal,1.66
1312,325,2026-07-05,completed,upi,4.24
1313,15,2026-05-20,completed,credit_card,0.15
1314,481,2024-12-19,completed,upi,0.68
1315,184,2026-03-12,completed,paypal,10.29
1316,292,2026-07-13,completed,credit_card,5.97
1317,257,2025-01-13,completed,debit_card,9.93
1318,168,2025-06-08,completed,debit_card,9.49
1319,195,2025-02-16,completed,debit_card,13.48
1320,299,2024-09-10,completed,cod,10.54
1321,8,2026-07-15,completed,cod,0.6
1322,78,2025-03-11,completed,upi,5.89
1323,459,2026-06-25,completed,upi,5.01
1324,344,2026-06-25,completed,credit_card,13.27
1325,131,2025-08-18,cancelled,credit_card,10.42
1326,83,2025-09-30,returned,credit_card,2.71
1327,3,2026-07-29,completed,cod,1.42
1328,224,2025-10-31,returned,paypal,4.98
1329,26,2026-06-02,completed,upi,8.02
1330,28,2026-01-23,completed,cod,2.07
1331,340,2024-07-24,completed,paypal,1.33
1332,216,2025-01-18,returned,cod,10.66
1333,322,2024-11-30,completed,credit_card,9.51
1334,437,2025-03-25,completed,upi,7.47
1335,461,2025-06-10,returned,credit_card,6.27
1336,101,2026-07-08,completed,paypal,10.73
1337,12,2025-06-28,returned,credit_card,6.24
1338,443,2026-03-06,completed,debit_card,8.73
1339,42,2026-07-18,completed,credit_card,6.3
1340,208,2026-07-04,completed,upi,12.62
1341,298,2025-08-08,completed,paypal,9.84
1342,5,2026-03-02,returned,upi,2.51
1343,61,2024-05-15,completed,debit_card,3.84
1344,348,2026-04-04,returned,credit_card,8.01
1345,308,2026-04-23,cancelled,paypal,3.31
1346,134,2024-12-02,completed,debit_card,1.16
1347,240,2026-06-25,cancelled,cod,10.13
1348,190,2026-04-30,completed,upi,5.8
1349,275,2025-01-13,returned,paypal,13.88
1350,155,2025-10-04,completed,credit_card,12.8
1351,189,2025-05-29,completed,debit_card,5.77
1352,419,2025-10-29,completed,paypal,13.29
1353,337,2025-12-25,completed,credit_card,14.42
1354,482,2026-05-10,completed,debit_card,2.13
1355,282,2026-06-04,completed,cod,4.21
1356,459,2025-01-27,cancelled,cod,11.96
1357,332,2026-07-18,completed,cod,6.16
1358,221,2025-11-25,completed,upi,2.82
1359,79,2025-08-02,returned,credit_card,0.37
1360,66,2025-03-05,completed,debit_card,4.8
1361,496,2026-02-26,completed,debit_card,11.45
1362,398,2025-04-08,completed,credit_card,9.01
1363,369,2026-03-21,returned,paypal,12.41
1364,355,2026-04-07,completed,cod,2.85
1365,45,2026-07-07,completed,credit_card,7.04
1366,500,2025-12-09,completed,cod,2.81
1367,203,2025-03-13,completed,cod,3.33
1368,207,2026-04-25,completed,paypal,6.64
1369,55,2025-10-18,completed,debit_card,5.19
1370,125,2026-06-16,cancelled,debit_card,1.0
1371,204,2026-07-04,completed,credit_card,12.42
1372,439,2026-01-05,completed,cod,4.86
1373,397,2025-12-04,completed,upi,9.92
1374,244,2024-06-11,completed,paypal,3.77
1375,338,2025-08-03,completed,credit_card,6.42
1376,292,2026-03-11,returned,upi,8.89
1377,413,2024-09-28,completed,upi,12.05
1378,8,2025-08-08,returned,upi,1.44
1379,482,2025-11-23,returned,debit_card,11.28
1380,252,2026-07-24,cancelled,debit_card,1.2
1381,122,2025-12-31,returned,paypal,3.05
1382,301,2025-11-16,completed,credit_card,11.62
1383,72,2026-02-28,returned,upi,5.93
1384,454,2025-04-22,cancelled,debit_card,5.78
1385,181,2025-05-07,completed,upi,2.99
1386,292,2026-05-24,completed,paypal,3.09
1387,271,2026-06-23,cancelled,upi,10.12
1388,212,2025-11-25,cancelled,debit_card,4.48
1389,132,2026-07-31,completed,paypal,9.18
1390,116,2026-03-26,cancelled,paypal,0.26
1391,343,2026-06-01,returned,cod,8.74
1392,32,2026-07-15,completed,upi,11.43
1393,300,2025-08-09,completed,credit_card,3.67
1394,222,2026-03-17,cancelled,credit_card,2.23
1395,440,2025-10-31,completed,cod,10.6
1396,134,2026-05-01,completed,cod,4.48
1397,282,2026-05-25,completed,debit_card,4.45
1398,440,2025-06-05,completed,paypal,6.86
1399,155,2025-02-26,cancelled,cod,6.24
1400,386,2026-07-27,completed,debit_card,13.29
1401,456,2026-07-03,completed,upi,3.95
1402,164,2025-08-17,completed,debit_card,8.05
1403,230,2026-04-28,completed,debit_card,3.02
1404,12,2025-08-26,completed,paypal,6.12
1405,219,2025-11-10,cancelled,cod,9.15
1406,467,2025-09-17,returned,cod,11.54
1407,35,2026-06-09,returned,credit_card,1.36
1408,225,2026-05-30,cancelled,paypal,9.91
1409,26,2026-06-14,completed,cod,3.41
1410,21,2026-01-11,cancelled,upi,11.37
1411,97,2025-06-11,returned,credit_card,11.92
1412,25,2025-11-15,returned,upi,14.49
1413,284,2025-08-13,returned,credit_card,10.04
1414,423,2026-07-13,completed,credit_card,11.97
1415,182,2025-04-27,returned,paypal,11.03
1416,90,2025-06-23,cancelled,upi,11.23
1417,439,2025-12-20,completed,debit_card,1.69
1418,451,2026-05-19,cancelled,debit_card,13.63
1419,500,2025-09-13,completed,paypal,6.64
1420,307,2026-07-06,completed,credit_card,4.06
1421,441,2025-09-10,returned,upi,11.49
1422,219,2026-07-20,completed,debit_card,14.21
1423,79,2024-05-27,cancelled,credit_card,13.29
1424,372,2024-12-04,completed,cod,4.29
1425,22,2026-01-06,returned,paypal,4.74
1426,392,2026-01-25,completed,upi,5.65
1427,100,2025-05-29,completed,debit_card,9.82
1428,274,2026-07-30,completed,debit_card,0.96
1429,487,2026-05-02,completed,paypal,11.24
1430,391,2026-05-25,completed,cod,4.9
1431,327,2026-04-03,cancelled,debit_card,12.48
1432,152,2026-07-10,completed,cod,2.11
1433,84,2026-04-20,completed,cod,3.25
1434,470,2026-05-10,completed,credit_card,7.07
1435,377,2025-02-12,completed,debit_card,13.13
1436,83,2026-03-10,completed,debit_card,8.16
1437,415,2025-05-03,completed,debit_card,13.29
1438,432,2026-07-21,completed,cod,11.51
1439,274,2026-07-10,cancelled,debit_card,12.34
1440,405,2026-06-22,completed,debit_card,12.22
1441,127,2026-01-15,returned,paypal,14.48
1442,80,2026-06-07,completed,debit_card,13.5
1443,481,2024-12-07,cancelled,upi,7.4
1444,387,2026-03-17,returned,debit_card,0.09
1445,236,2026-07-02,completed,paypal,14.55
1446,421,2025-01-11,cancelled,upi,5.53
1447,158,2025-10-30,returned,cod,8.48
1448,223,2026-03-05,completed,upi,11.07
1449,392,2026-05-23,cancelled,cod,14.83
1450,401,2026-02-08,cancelled,paypal,10.29
1451,211,2025-10-29,completed,paypal,12.58
1452,328,2026-07-01,completed,paypal,14.47
1453,205,2025-03-29,cancelled,credit_card,5.95
1454,267,2024-12-25,completed,credit_card,8.34
1455,427,2024-12-20,returned,paypal,6.24
1456,25,2025-09-15,completed,credit_card,10.19
1457,286,2026-06-23,returned,debit_card,12.38
1458,213,2026-05-18,completed,credit_card,1.69
1459,139,2025-09-05,completed,paypal,1.97
1460,73,2024-11-07,completed,paypal,13.65
1461,5,2026-03-09,completed,debit_card,13.98
1462,278,2024-11-29,completed,paypal,8.96
1463,179,2026-01-13,completed,debit_card,10.52
1464,473,2026-07-19,cancelled,upi,2.36
1465,167,2025-02-28,completed,cod,10.03
1466,208,2025-11-20,returned,paypal,7.34
1467,138,2026-01-14,completed,paypal,9.58
1468,183,2026-04-20,completed,cod,6.89
1469,100,2025-03-08,returned,debit_card,6.32
1470,423,2026-07-31,returned,debit_card,6.41
1471,274,2026-05-04,returned,credit_card,5.29
1472,285,2026-05-28,completed,paypal,10.26
1473,374,2025-06-20,cancelled,cod,0.75
1474,381,2025-09-24,completed,cod,12.14
1475,498,2026-07-01,completed,cod,8.81
1476,477,2026-02-21,completed,credit_card,10.56
1477,190,2026-03-26,completed,cod,13.66
1478,380,2025-09-23,returned,credit_card,2.69
1479,276,2025-02-28,completed,paypal,7.93
1480,385,2026-07-25,completed,paypal,13.88
1481,475,2024-10-02,cancelled,upi,11.41
1482,372,2025-02-03,completed,debit_card,7.92
1483,252,2026-05-25,returned,credit_card,4.13
1484,296,2025-05-07,completed,paypal,2.22
1485,259,2026-06-28,completed,upi,14.42
1486,65,2026-02-16,completed,credit_card,1.83
1487,294,2026-05-15,completed,debit_card,9.69
1488,272,2026-07-29,returned,credit_card,12.83
1489,32,2026-07-14,completed,debit_card,10.72
1490,195,2026-05-17,cancelled,debit_card,13.73
1491,369,2026-04-18,returned,debit_card,3.13
1492,165,2026-06-08,cancelled,credit_card,5.5
1493,300,2026-02-07,returned,debit_card,5.36
1494,127,2025-12-04,returned,credit_card,9.9
1495,3,2025-08-12,completed,paypal,2.66
1496,36,2026-07-01,cancelled,credit_card,0.52
1497,325,2026-06-18,completed,cod,13.08
1498,252,2024-08-28,completed,paypal,2.14
1499,271,2026-07-31,returned,debit_card,8.88
1500,254,2025-10-13,completed,cod,9.4
1501,259,2026-06-28,completed,cod,7.64
1502,426,2026-07-26,completed,cod,11.23
1503,55,2026-01-19,completed,credit_card,3.05
1504,241,2026-04-16,completed,cod,3.34
1505,8,2025-11-08,completed,debit_card,10.76
1506,474,2025-02-14,completed,debit_card,12.94
1507,237,2026-01-23,completed,paypal,11.37
1508,354,2025-11-25,returned,paypal,1.5
1509,283,2026-03-12,completed,credit_card,9.32
1510,382,2026-05-02,completed,cod,6.1
1511,74,2025-06-26,completed,credit_card,3.98
1512,99,2026-07-24,cancelled,cod,6.47
1513,479,2026-07-31,completed,credit_card,0.48
1514,185,2025-03-14,cancelled,cod,8.75
1515,310,2026-07-19,completed,credit_card,1.44
1516,409,2026-04-08,completed,cod,6.92
1517,48,2025-06-27,completed,cod,12.19
1518,209,2026-05-09,completed,upi,1.66
1519,132,2026-03-30,completed,upi,0.81
1520,403,2025-08-28,completed,paypal,2.16
1521,140,2026-02-15,cancelled,upi,13.25
1522,241,2026-03-30,completed,upi,9.04
1523,277,2025-03-14,completed,upi,0.56
1524,490,2025-12-20,returned,credit_card,2.56
1525,450,2025-09-27,cancelled,debit_card,3.21
1526,421,2026-06-14,returned,credit_card,14.65
1527,150,2026-02-05,returned,debit_card,1.29
1528,102,2026-06-18,completed,debit_card,4.18
1529,294,2026-05-29,cancelled,paypal,4.11
1530,381,2026-01-18,completed,credit_card,5.39
1531,266,2026-05-28,completed,paypal,11.16
1532,409,2025-08-16,completed,cod,14.32
1533,121,2026-06-29,cancelled,debit_card,14.01
1534,133,2025-09-21,completed,credit_card,0.76
1535,452,2025-04-14,completed,credit_card,9.93
1536,186,2026-07-15,completed,debit_card,4.17
1537,76,2026-06-17,completed,credit_card,0.88
1538,260,2025-06-11,completed,debit_card,7.7
1539,240,2025-01-28,completed,debit_card,6.17
1540,151,2025-01-02,completed,cod,1.42
1541,341,2026-04-15,completed,credit_card,0.91
1542,16,2024-11-03,completed,debit_card,14.75
1543,16,2026-06-05,completed,cod,10.73
1544,385,2026-04-12,completed,paypal,4.68
1545,91,2025-11-13,cancelled,upi,14.81
1546,256,2026-06-30,completed,paypal,7.38
1547,252,2025-03-16,returned,debit_card,2.45
1548,232,2026-06-07,returned,upi,12.71
1549,437,2026-05-23,cancelled,cod,12.84
1550,107,2025-10-16,completed,credit_card,6.19
1551,290,2025-12-24,completed,debit_card,1.88
1552,386,2026-07-24,returned,debit_card,14.21
1553,130,2026-07-21,completed,debit_card,5.35
1554,101,2026-07-25,returned,credit_card,7.97
1555,448,2026-04-01,completed,credit_card,7.92
1556,434,2026-07-20,completed,credit_card,2.73
1557,411,2025-08-31,completed,credit_card,1.78
1558,374,2026-04-02,cancelled,credit_card,14.81
1559,229,2025-09-23,returned,cod,9.07
1560,142,2025-10-02,completed,debit_card,4.47
1561,400,2025-11-13,cancelled,debit_card,11.41
1562,326,2026-06-07,returned,paypal,13.01
1563,106,2026-02-22,completed,debit_card,5.07
1564,271,2026-07-26,cancelled,cod,11.17
1565,15,2026-06-30,returned,credit_card,11.69
1566,62,2025-12-14,completed,upi,5.08
1567,94,2026-02-26,returned,credit_card,10.11
1568,449,2026-01-20,completed,debit_card,14.55
1569,197,2026-07-16,cancelled,cod,5.29
1570,224,2026-05-28,completed,debit_card,8.67
1571,422,2026-05-03,cancelled,credit_card,0.07
1572,24,2026-07-02,completed,debit_card,4.23
1573,71,2025-12-04,returned,paypal,7.55
1574,218,2026-01-01,completed,credit_card,4.75
1575,244,2026-05-02,completed,cod,14.84
1576,2,2026-02-09,completed,credit_card,13.21
1577,492,2026-03-06,completed,upi,3.7
1578,414,2025-05-17,completed,debit_card,8.88
1579,79,2025-03-08,completed,upi,11.38
1580,34,2025-06-08,completed,credit_card,6.91
1581,186,2026-07-21,completed,upi,7.97
1582,158,2024-09-27,returned,credit_card,11.64
1583,89,2025-06-04,completed,upi,10.28
1584,229,2026-01-06,cancelled,debit_card,2.16
1585,107,2026-04-25,cancelled,upi,6.26
1586,259,2026-06-12,returned,credit_card,6.1
1587,471,2026-04-14,cancelled,cod,10.19
1588,4,2025-08-03,completed,cod,14.15
1589,99,2026-07-25,cancelled,upi,0.87
1590,361,2025-09-26,completed,cod,3.9
1591,374,2025-05-31,completed,credit_card,10.59
1592,39,2026-07-06,cancelled,paypal,9.77
1593,148,2026-03-11,returned,upi,8.66
1594,5,2026-02-06,returned,debit_card,2.81
1595,456,2026-07-01,completed,upi,4.03
1596,13,2025-10-21,cancelled,upi,13.25
1597,42,2026-05-28,completed,upi,13.31
1598,6,2026-02-28,completed,cod,2.97
1599,296,2025-08-05,completed,upi,2.4
1600,204,2026-04-10,completed,credit_card,2.34
1601,237,2026-06-17,completed,upi,2.7
1602,199,2026-04-08,completed,credit_card,4.48
1603,86,2026-02-08,completed,paypal,14.66
1604,384,2026-03-27,completed,upi,12.7
1605,6,2026-03-18,returned,debit_card,8.93
1606,122,2026-07-30,completed,paypal,3.89
1607,35,2024-04-23,completed,paypal,13.59
1608,368,2026-07-24,completed,debit_card,12.83
1609,471,2025-10-12,returned,upi,1.98
1610,400,2026-03-10,returned,upi,4.7
1611,82,2025-12-04,completed,upi,2.73
1612,68,2026-04-24,cancelled,upi,1.14
1613,484,2026-03-17,completed,upi,4.78
1614,3,2026-04-02,returned,debit_card,9.9
1615,170,2026-02-13,completed,paypal,1.41
1616,122,2025-10-11,returned,upi,7.28
1617,420,2026-04-03,completed,cod,11.87
1618,451,2025-10-21,completed,cod,8.84
1619,171,2026-05-18,completed,cod,7.96
1620,300,2026-07-06,completed,paypal,4.58
1621,300,2025-12-20,completed,cod,2.39
1622,94,2026-04-01,cancelled,debit_card,11.35
1623,331,2024-11-25,completed,debit_card,11.89
1624,6,2026-02-23,returned,upi,5.92
1625,185,2025-11-08,completed,debit_card,1.0
1626,390,2025-08-02,returned,debit_card,3.68
1627,238,2026-06-14,completed,cod,3.33
1628,495,2024-12-06,returned,debit_card,6.92
1629,205,2025-02-28,cancelled,credit_card,7.11
1630,238,2026-06-20,completed,paypal,6.35
1631,211,2024-11-07,completed,cod,3.88
1632,481,2025-06-09,completed,upi,5.23
1633,186,2026-07-24,cancelled,credit_card,6.33
1634,500,2025-05-11,completed,upi,12.13
1635,154,2026-01-25,completed,credit_card,13.23
1636,255,2025-02-02,completed,paypal,5.18
1637,390,2025-06-25,completed,paypal,13.11
1638,362,2025-11-05,completed,credit_card,14.69
1639,257,2025-03-26,completed,upi,11.13
1640,409,2025-08-31,returned,debit_card,7.15
1641,157,2026-04-17,cancelled,credit_card,4.4
1642,334,2025-06-29,cancelled,paypal,13.44
1643,45,2026-07-19,completed,cod,11.2
1644,431,2026-04-15,cancelled,credit_card,4.35
1645,173,2024-12-28,completed,debit_card,6.66
1646,208,2026-05-21,completed,cod,14.0
1647,329,2025-06-13,completed,cod,0.24
1648,349,2025-11-08,returned,cod,13.03
1649,61,2026-01-26,cancelled,credit_card,3.94
1650,36,2026-01-27,completed,cod,13.96
1651,298,2026-01-06,completed,cod,12.59
1652,62,2026-01-10,completed,upi,10.54
1653,469,2024-04-20,returned,upi,12.34
1654,357,2026-02-02,returned,debit_card,14.59
1655,155,2026-06-07,returned,credit_card,1.69
1656,175,2026-07-30,returned,upi,2.85
1657,28,2026-03-05,completed,credit_card,6.99
1658,271,2026-07-20,completed,credit_card,5.69
1659,397,2024-12-22,completed,upi,0.82
1660,82,2026-05-25,completed,cod,2.48
1661,76,2026-03-07,returned,cod,14.49
1662,57,2026-02-05,cancelled,upi,5.88
1663,69,2026-06-13,completed,cod,1.8
1664,100,2025-07-29,completed,paypal,3.28
1665,339,2026-04-28,completed,paypal,2.43
1666,128,2025-11-14,completed,cod,13.64
1667,193,2025-08-04,completed,paypal,0.63
1668,189,2025-11-09,completed,debit_card,13.11
1669,481,2025-12-31,cancelled,debit_card,14.99
1670,238,2026-07-17,returned,cod,6.12
1671,96,2026-01-30,returned,upi,2.77
1672,97,2025-02-22,cancelled,cod,14.78
1673,96,2025-06-06,cancelled,credit_card,4.52
1674,417,2026-06-30,completed,paypal,3.0
1675,335,2026-05-17,cancelled,upi,2.2
1676,105,2026-07-09,returned,upi,4.82
1677,318,2026-05-22,completed,credit_card,7.78
1678,220,2025-10-29,completed,cod,14.15
1679,187,2024-11-22,completed,upi,9.24
1680,127,2025-09-07,cancelled,paypal,1.81
1681,339,2026-03-19,completed,upi,1.45
1682,101,2026-07-28,completed,credit_card,7.44
1683,319,2026-03-26,returned,debit_card,7.73
1684,95,2025-06-24,completed,paypal,12.7
1685,491,2025-10-17,cancelled,debit_card,11.62
1686,388,2026-03-23,completed,upi,9.45
1687,310,2026-07-03,returned,paypal,7.63
1688,139,2025-12-13,completed,debit_card,9.03
1689,332,2026-06-24,cancelled,credit_card,0.76
1690,411,2025-03-06,completed,paypal,13.39
1691,390,2025-10-25,returned,cod,2.24
1692,108,2025-09-13,cancelled,upi,11.53
1693,279,2026-01-03,cancelled,paypal,9.43
1694,277,2024-04-01,completed,upi,4.83
1695,370,2025-12-27,completed,debit_card,0.83
1696,465,2025-12-10,completed,upi,7.31
1697,114,2025-10-08,completed,debit_card,10.21
1698,276,2025-09-23,returned,paypal,8.41
1699,152,2026-07-28,completed,debit_card,0.27
1700,488,2026-01-05,completed,paypal,4.44
1701,459,2025-02-17,completed,upi,11.26
1702,449,2026-03-07,cancelled,upi,1.98
1703,379,2026-06-20,completed,credit_card,1.95
1704,122,2025-10-07,cancelled,upi,3.58
1705,375,2026-04-21,completed,upi,3.99
1706,441,2025-04-01,returned,credit_card,8.89
1707,70,2025-01-16,returned,paypal,5.08
1708,306,2025-11-06,completed,credit_card,8.62
1709,69,2026-07-11,completed,upi,14.02
1710,286,2026-06-26,completed,paypal,3.38
1711,288,2026-07-01,returned,cod,5.84
1712,81,2025-04-09,returned,paypal,2.24
1713,216,2026-05-25,completed,paypal,8.13
1714,230,2026-07-14,completed,upi,13.53
1715,349,2025-08-16,completed,upi,3.46
1716,49,2025-01-28,cancelled,credit_card,5.2
1717,227,2026-07-16,completed,credit_card,10.64
1718,28,2025-02-10,cancelled,credit_card,8.59
1719,494,2025-09-01,cancelled,cod,3.22
1720,322,2026-06-12,cancelled,upi,8.2
1721,396,2025-08-05,completed,upi,12.71
1722,439,2025-03-05,completed,cod,2.78
1723,251,2025-07-16,completed,debit_card,12.75
1724,290,2025-10-05,completed,paypal,0.6
1725,471,2025-11-19,returned,debit_card,3.36
1726,217,2026-03-20,completed,debit_card,11.42
1727,254,2026-02-22,completed,cod,8.86
1728,420,2026-04-20,completed,paypal,12.64
1729,283,2025-08-08,completed,credit_card,0.06
1730,253,2026-06-27,cancelled,upi,3.28
1731,206,2025-03-19,cancelled,credit_card,13.88
1732,320,2026-05-26,completed,debit_card,9.45
1733,243,2026-02-12,completed,debit_card,13.47
1734,216,2024-06-05,completed,cod,13.89
1735,434,2026-07-31,cancelled,paypal,14.19
1736,162,2026-06-01,cancelled,cod,3.13
1737,302,2026-06-06,completed,credit_card,13.0
1738,132,2026-04-18,completed,debit_card,1.51
1739,359,2025-10-15,completed,upi,6.55
1740,154,2024-08-05,completed,paypal,5.97
1741,169,2026-05-30,completed,upi,7.83
1742,295,2026-07-10,returned,paypal,5.87
1743,453,2026-05-11,completed,credit_card,12.84
1744,43,2025-05-03,cancelled,debit_card,0.11
1745,475,2025-08-22,cancelled,paypal,4.92
1746,3,2024-09-02,completed,upi,7.86
1747,37,2025-09-10,cancelled,paypal,3.83
1748,442,2025-07-26,completed,credit_card,11.55
1749,398,2024-10-28,completed,upi,13.01
1750,210,2026-01-21,completed,cod,4.47
1751,356,2025-06-23,completed,cod,9.17
1752,34,2026-07-04,returned,upi,8.95
1753,7,2025-11-03,completed,credit_card,6.96
1754,165,2025-09-22,completed,cod,3.77
1755,425,2026-07-02,completed,debit_card,9.87
1756,467,2026-07-21,returned,debit_card,4.98
1757,289,2026-06-13,cancelled,upi,7.07
1758,2,2026-05-10,returned,debit_card,12.59
1759,126,2026-02-12,completed,upi,0.47
1760,247,2026-05-06,returned,debit_card,1.48
1761,48,2026-06-22,returned,credit_card,7.03
1762,476,2025-07-27,completed,debit_card,6.9
1763,453,2025-04-27,completed,upi,10.19
1764,239,2025-07-04,returned,paypal,10.55
1765,255,2025-07-01,completed,debit_card,8.9
1766,232,2026-07-24,completed,upi,7.71
1767,262,2026-02-22,cancelled,debit_card,6.07
1768,78,2025-07-13,returned,upi,10.22
1769,46,2025-12-29,completed,cod,9.71
1770,469,2025-05-30,cancelled,cod,0.55
1771,68,2026-04-29,cancelled,debit_card,8.84
1772,156,2026-06-02,completed,debit_card,10.71
1773,236,2026-07-04,returned,upi,12.93
1774,410,2026-03-14,cancelled,debit_card,11.1
1775,324,2024-09-19,completed,upi,10.14
1776,48,2026-01-26,cancelled,cod,9.05
1777,23,2025-04-24,completed,cod,8.06
1778,158,2025-06-15,completed,credit_card,11.29
1779,275,2026-04-04,completed,paypal,9.42
1780,328,2026-06-08,completed,paypal,6.4
1781,396,2026-04-05,cancelled,paypal,12.22
1782,314,2025-10-23,cancelled,debit_card,11.38
1783,225,2025-08-06,completed,cod,5.9
1784,84,2025-10-05,completed,debit_card,4.5
1785,200,2024-04-26,cancelled,debit_card,4.5
1786,146,2026-06-04,completed,upi,4.02
1787,428,2026-07-27,completed,debit_card,11.82
1788,303,2026-03-28,returned,debit_card,10.41
1789,395,2024-06-21,completed,upi,14.43
1790,286,2026-06-14,cancelled,upi,6.79
1791,212,2025-04-11,completed,credit_card,2.09
1792,407,2025-07-10,completed,debit_card,4.03
1793,243,2026-05-02,returned,credit_card,4.91
1794,126,2026-04-20,completed,upi,4.56
1795,197,2026-05-31,cancelled,debit_card,5.69
1796,464,2026-04-11,cancelled,cod,9.51
1797,451,2025-11-04,completed,paypal,9.12
1798,499,2025-09-11,completed,paypal,0.95
1799,205,2026-03-14,completed,debit_card,8.0
1800,352,2026-05-04,completed,cod,12.44
1801,265,2026-03-17,returned,paypal,3.2
1802,125,2025-11-29,cancelled,upi,6.37
1803,299,2024-10-04,completed,credit_card,14.07
1804,8,2026-03-08,returned,credit_card,8.23
1805,269,2026-05-24,cancelled,paypal,1.93
1806,474,2026-05-30,completed,paypal,14.13
1807,95,2025-03-15,completed,debit_card,14.38
1808,380,2025-09-15,completed,paypal,11.82
1809,19,2024-11-25,completed,credit_card,3.84
1810,20,2024-07-07,completed,debit_card,13.04
1811,39,2024-06-27,completed,paypal,8.01
1812,93,2026-03-05,cancelled,credit_card,11.95
1813,146,2026-03-15,completed,debit_card,4.56
1814,99,2026-07-23,completed,credit_card,10.95
1815,319,2026-07-06,completed,paypal,6.07
1816,492,2026-05-17,completed,paypal,8.44
1817,460,2026-02-15,completed,paypal,11.81
1818,148,2026-06-08,completed,upi,6.51
1819,128,2026-01-27,completed,debit_card,13.16
1820,382,2026-07-22,completed,paypal,4.07
1821,402,2026-03-11,cancelled,cod,2.21
1822,237,2026-01-11,completed,debit_card,0.35
1823,86,2026-06-01,completed,credit_card,4.11
1824,63,2025-01-04,cancelled,debit_card,8.88
1825,297,2026-05-22,completed,upi,12.64
1826,384,2026-05-12,returned,paypal,0.17
1827,150,2026-01-09,cancelled,credit_card,9.31
1828,490,2025-07-22,completed,debit_card,5.25
1829,116,2026-03-06,completed,paypal,3.23
1830,373,2025-10-17,completed,upi,7.4
1831,206,2024-05-28,completed,cod,9.82
1832,469,2025-10-23,completed,credit_card,13.14
1833,31,2026-02-22,completed,debit_card,1.12
1834,344,2025-06-28,cancelled,cod,1.5
1835,362,2025-05-17,returned,paypal,13.89
1836,343,2026-06-27,completed,debit_card,14.56
1837,39,2026-05-03,returned,debit_card,14.55
1838,404,2024-05-24,completed,upi,4.52
1839,401,2026-01-30,completed,debit_card,3.74
1840,364,2025-08-05,completed,paypal,3.27
1841,95,2025-09-29,completed,upi,8.22
1842,72,2026-01-01,completed,upi,10.81
1843,278,2025-10-11,returned,paypal,7.81
1844,303,2026-07-01,completed,upi,6.77
1845,80,2026-04-09,cancelled,debit_card,11.41
1846,340,2024-03-30,completed,paypal,12.89
1847,93,2025-06-15,completed,cod,6.68
1848,496,2026-03-31,cancelled,upi,8.12
1849,389,2025-10-30,cancelled,debit_card,8.04
1850,99,2026-07-31,completed,credit_card,5.27
1851,90,2026-01-21,completed,paypal,0.2
1852,1,2025-05-22,completed,credit_card,10.89
1853,437,2025-09-28,completed,paypal,14.51
1854,285,2025-11-07,returned,upi,7.86
1855,38,2025-03-21,completed,credit_card,9.33
1856,391,2026-03-12,completed,paypal,4.32
1857,177,2026-06-11,returned,credit_card,10.11
1858,422,2026-07-08,returned,upi,3.76
1859,417,2026-07-06,returned,paypal,14.37
1860,295,2024-11-04,cancelled,cod,14.47
1861,216,2025-04-30,completed,debit_card,6.79
1862,48,2025-08-25,cancelled,cod,1.04
1863,314,2026-01-12,completed,paypal,4.52
1864,90,2025-07-29,completed,cod,0.07
1865,364,2025-04-13,completed,credit_card,10.8
1866,145,2026-07-03,returned,credit_card,5.76
1867,337,2025-02-07,returned,paypal,10.13
1868,199,2026-04-09,completed,paypal,0.3
1869,81,2025-01-29,cancelled,paypal,14.27
1870,310,2026-07-12,cancelled,credit_card,5.94
1871,430,2026-02-19,returned,debit_card,7.5
1872,300,2025-06-27,completed,cod,3.59
1873,250,2025-05-04,returned,credit_card,0.03
1874,51,2025-12-28,completed,debit_card,12.63
1875,373,2026-05-04,returned,cod,12.18
1876,412,2026-07-07,completed,debit_card,1.24
1877,126,2026-06-07,completed,credit_card,9.22
1878,220,2025-01-27,completed,paypal,2.65
1879,281,2026-02-23,cancelled,credit_card,11.96
1880,219,2025-12-12,completed,debit_card,2.03
1881,80,2025-10-28,completed,upi,12.28
1882,12,2025-02-24,completed,debit_card,6.8
1883,74,2025-09-10,cancelled,paypal,8.99
1884,176,2026-07-16,completed,paypal,13.43
1885,150,2025-06-27,cancelled,upi,12.99
1886,94,2026-02-23,completed,paypal,3.31
1887,198,2026-07-10,cancelled,upi,3.9
1888,158,2025-03-29,completed,paypal,0.09
1889,345,2025-01-10,cancelled,debit_card,11.26
1890,351,2025-01-02,completed,credit_card,1.96
1891,401,2026-03-12,completed,credit_card,2.79
1892,467,2026-01-12,cancelled,cod,6.95
1893,336,2026-01-09,cancelled,credit_card,3.05
1894,29,2026-07-18,completed,paypal,0.96
1895,72,2026-06-10,cancelled,debit_card,0.07
1896,421,2024-09-29,returned,paypal,7.55
1897,435,2026-07-28,returned,upi,0.34
1898,470,2025-12-17,cancelled,cod,2.0
1899,477,2025-12-19,completed,credit_card,12.37
1900,150,2025-10-11,completed,upi,5.17
1901,124,2024-12-17,completed,upi,5.77
1902,181,2025-11-18,completed,debit_card,0.63
1903,477,2026-02-09,cancelled,paypal,6.71
1904,467,2025-05-09,cancelled,cod,7.91
1905,44,2026-03-11,returned,upi,12.4
1906,22,2026-06-01,completed,credit_card,4.99
1907,190,2025-09-11,completed,debit_card,14.81
1908,349,2026-01-30,returned,paypal,13.94
1909,81,2026-02-05,completed,upi,11.31
1910,266,2026-05-27,completed,upi,1.6
1911,470,2026-05-08,cancelled,debit_card,13.29
1912,425,2025-08-04,returned,debit_card,14.25
1913,376,2026-07-26,returned,upi,2.98
1914,149,2025-07-15,completed,credit_card,5.23
1915,313,2026-06-16,completed,upi,6.04
1916,9,2026-07-16,completed,debit_card,2.42
1917,103,2026-06-02,completed,credit_card,8.69
1918,125,2025-11-09,completed,credit_card,5.02
1919,17,2026-07-02,cancelled,paypal,8.41
1920,234,2026-07-27,completed,debit_card,4.78
1921,130,2025-12-07,completed,cod,13.86
1922,72,2026-02-15,cancelled,paypal,2.19
1923,18,2026-07-27,completed,credit_card,8.19
1924,383,2026-04-10,completed,paypal,1.29
1925,107,2025-03-06,cancelled,credit_card,6.01
1926,164,2026-02-19,completed,upi,8.97
1927,370,2025-06-16,returned,credit_card,7.89
1928,358,2025-10-29,completed,paypal,8.16
1929,218,2024-07-25,completed,upi,5.91
1930,235,2026-04-11,completed,upi,12.7
1931,400,2026-01-24,completed,cod,6.49
1932,49,2025-10-03,returned,credit_card,11.2
1933,376,2026-06-24,completed,credit_card,6.08
1934,272,2026-07-31,completed,upi,13.9
1935,304,2025-05-23,completed,upi,6.48
1936,96,2025-12-05,returned,cod,14.51
1937,299,2025-03-14,completed,cod,8.03
1938,78,2026-01-30,completed,cod,12.54
1939,482,2026-01-07,completed,upi,1.64
1940,203,2025-11-25,completed,cod,7.99
1941,158,2025-07-29,cancelled,credit_card,0.84
1942,486,2025-08-22,returned,upi,5.24
1943,325,2026-05-24,completed,cod,5.87
1944,293,2026-03-02,completed,upi,9.92
1945,87,2026-01-15,completed,upi,9.58
1946,89,2025-07-28,cancelled,debit_card,3.89
1947,201,2026-03-15,returned,paypal,13.52
1948,113,2024-10-13,completed,credit_card,4.21
1949,380,2025-11-23,completed,cod,14.17
1950,201,2026-06-08,completed,cod,4.7
1951,474,2025-10-24,returned,paypal,3.66
1952,275,2025-02-06,completed,credit_card,11.45
1953,238,2026-06-19,completed,credit_card,6.87
1954,433,2026-04-06,completed,paypal,9.52
1955,287,2025-10-01,completed,paypal,0.58
1956,95,2026-03-26,completed,paypal,3.15
1957,136,2025-06-13,completed,upi,9.31
1958,181,2026-01-29,completed,paypal,14.91
1959,136,2025-03-19,returned,upi,12.61
1960,271,2026-06-25,returned,paypal,5.23
1961,119,2026-04-11,completed,credit_card,7.15
1962,214,2025-04-19,cancelled,debit_card,8.16
1963,127,2026-01-23,completed,upi,1.43
1964,494,2026-01-05,completed,upi,3.86
1965,264,2026-05-25,returned,credit_card,7.67
1966,11,2025-09-21,returned,cod,5.04
1967,160,2026-02-05,completed,paypal,10.82
1968,398,2025-08-29,returned,cod,14.36
1969,75,2026-02-11,returned,debit_card,6.01
1970,242,2025-02-24,completed,upi,5.68
1971,303,2026-01-28,completed,paypal,2.91
1972,154,2024-10-22,cancelled,cod,5.59
1973,335,2025-09-02,returned,upi,7.25
1974,76,2026-05-31,returned,credit_card,14.23
1975,58,2026-05-19,completed,cod,1.25
1976,420,2026-07-05,completed,debit_card,1.47
1977,396,2025-02-23,completed,debit_card,8.47
1978,131,2025-02-06,completed,credit_card,0.16
1979,414,2026-07-24,completed,cod,7.42
1980,333,2026-05-25,completed,paypal,0.13
1981,179,2026-02-23,completed,cod,10.66
1982,39,2024-11-07,returned,debit_card,6.7
1983,125,2025-05-12,completed,upi,0.9
1984,375,2025-12-26,cancelled,cod,1.82
1985,378,2025-03-08,returned,credit_card,6.99
1986,368,2025-09-29,completed,upi,13.7
1987,93,2025-05-01,cancelled,credit_card,7.94
1988,300,2026-06-23,completed,cod,3.97
1989,174,2025-03-11,completed,cod,2.79
1990,73,2025-09-09,completed,cod,5.32
1991,425,2026-01-12,cancelled,cod,3.28
1992,107,2026-01-23,completed,debit_card,8.17
1993,153,2026-06-18,cancelled,upi,2.64
1994,153,2024-09-28,completed,paypal,2.78
1995,194,2026-06-25,returned,cod,13.54
1996,287,2026-05-09,completed,credit_card,0.42
1997,488,2025-11-01,returned,credit_card,9.92
1998,33,2025-01-25,completed,credit_card,5.66
1999,66,2026-06-06,completed,paypal,7.2
2000,314,2026-05-18,completed,cod,7.16
2001,252,2024-05-28,completed,paypal,8.19
2002,109,2026-07-22,completed,upi,12.92
2003,49,2024-08-30,returned,upi,14.72
2004,215,2026-05-08,completed,cod,6.16
2005,25,2025-11-12,completed,credit_card,7.49
2006,472,2025-02-25,completed,credit_card,7.05
2007,265,2025-10-31,returned,debit_card,5.13
2008,467,2025-12-19,completed,credit_card,6.57
2009,253,2026-06-23,completed,credit_card,12.28
2010,357,2026-01-08,cancelled,debit_card,8.57
2011,120,2025-01-05,completed,upi,3.26
2012,459,2025-11-24,returned,upi,7.82
2013,452,2026-07-22,cancelled,debit_card,9.44
2014,56,2025-11-14,cancelled,debit_card,4.93
2015,33,2025-02-18,completed,debit_card,14.44
2016,151,2024-10-16,completed,paypal,1.99
2017,353,2026-07-31,returned,debit_card,12.16
2018,376,2026-05-24,cancelled,paypal,4.63
2019,405,2025-09-02,completed,paypal,2.52
2020,211,2025-07-07,completed,credit_card,10.02
2021,240,2024-07-19,completed,paypal,12.46
2022,466,2026-07-11,completed,upi,12.9
2023,197,2026-06-09,returned,paypal,2.72
2024,89,2024-12-17,returned,paypal,3.51
2025,407,2026-01-07,completed,paypal,9.81
2026,382,2026-01-19,completed,upi,2.87
2027,270,2025-12-28,cancelled,cod,3.82
2028,414,2026-02-11,completed,debit_card,4.26
2029,442,2025-09-10,completed,cod,9.5
2030,168,2025-09-19,completed,cod,1.44
2031,70,2026-07-10,returned,upi,3.18
2032,9,2026-06-20,completed,upi,10.5
2033,27,2025-04-03,completed,cod,6.6
2034,111,2026-01-29,completed,upi,1.54
2035,352,2025-04-04,cancelled,upi,9.93
2036,265,2025-10-26,completed,paypal,4.86
2037,210,2026-03-17,returned,debit_card,7.27
2038,242,2026-06-20,returned,cod,2.52
2039,442,2025-05-24,returned,paypal,13.07
2040,332,2026-05-29,returned,debit_card,11.38
2041,395,2024-08-12,completed,upi,8.24
2042,465,2026-07-04,cancelled,upi,5.25
2043,217,2025-02-02,completed,paypal,10.2
2044,379,2026-04-07,completed,credit_card,8.06
2045,245,2026-05-13,completed,upi,13.24
2046,144,2025-03-17,cancelled,upi,13.29
2047,228,2025-12-13,completed,credit_card,7.64
2048,258,2026-06-04,completed,debit_card,8.81
2049,402,2026-04-16,cancelled,upi,6.99
2050,103,2026-06-17,completed,credit_card,4.76
2051,436,2025-09-05,completed,upi,5.59
2052,269,2026-05-28,cancelled,paypal,3.69
2053,221,2025-05-21,completed,credit_card,3.9
2054,31,2026-07-07,completed,paypal,8.77
2055,281,2026-03-07,completed,cod,3.23
2056,262,2026-03-12,cancelled,cod,7.3
2057,299,2025-09-04,cancelled,upi,8.21
2058,207,2026-02-15,returned,cod,5.62
2059,217,2025-04-15,completed,paypal,4.17
2060,35,2024-10-20,completed,cod,5.83
2061,231,2025-11-30,completed,cod,8.86
2062,380,2026-04-11,completed,debit_card,3.92
2063,53,2024-12-06,completed,debit_card,11.75
2064,155,2024-10-09,completed,credit_card,14.54
2065,462,2025-06-12,completed,cod,12.22
2066,449,2026-05-16,returned,credit_card,12.13
2067,276,2025-07-13,completed,cod,3.31
2068,66,2025-06-23,completed,debit_card,1.54
2069,242,2024-09-04,completed,credit_card,14.85
2070,101,2026-07-09,completed,paypal,3.35
2071,273,2025-10-16,completed,credit_card,9.25
2072,384,2025-12-20,completed,paypal,1.8
2073,470,2025-09-14,completed,upi,14.58
2074,410,2026-07-21,completed,upi,8.03
2075,333,2026-05-27,cancelled,cod,8.53
2076,292,2026-04-15,completed,paypal,7.38
2077,75,2025-03-01,completed,upi,13.69
2078,238,2026-06-16,completed,cod,5.24
2079,477,2025-11-14,returned,upi,0.24
2080,184,2026-02-16,cancelled,paypal,6.77
2081,201,2026-03-28,completed,debit_card,0.53
2082,451,2026-01-04,completed,upi,10.46
2083,51,2026-06-26,completed,cod,5.73
2084,261,2025-09-05,completed,paypal,1.82
2085,38,2026-01-04,completed,paypal,6.89
2086,328,2026-04-06,returned,paypal,10.93
2087,262,2026-05-10,returned,upi,12.22
2088,454,2025-07-02,returned,debit_card,10.75
2089,112,2025-11-29,completed,paypal,3.15
2090,254,2025-12-04,completed,cod,14.24
2091,76,2025-07-26,completed,paypal,9.54
2092,351,2026-06-17,completed,cod,9.43
2093,228,2025-08-25,completed,credit_card,11.85
2094,329,2025-11-19,completed,credit_card,9.17
2095,428,2026-07-25,cancelled,debit_card,12.56
2096,244,2026-02-22,completed,debit_card,13.83
2097,396,2025-07-17,cancelled,upi,6.15
2098,336,2026-06-22,completed,credit_card,12.07
2099,113,2025-04-20,completed,paypal,11.92
2100,21,2026-04-17,cancelled,paypal,13.97
2101,294,2026-01-30,completed,cod,10.36
2102,370,2026-07-03,completed,cod,3.69
2103,175,2025-03-05,returned,debit_card,1.34
2104,190,2026-02-13,cancelled,cod,4.0
2105,259,2026-02-27,cancelled,upi,5.62
2106,50,2025-07-20,returned,debit_card,5.09
2107,278,2024-08-08,returned,debit_card,7.76
2108,164,2026-05-13,completed,upi,0.28
2109,393,2026-03-13,returned,upi,9.86
2110,289,2025-08-26,completed,credit_card,12.45
2111,108,2025-01-22,returned,upi,7.0
2112,64,2026-01-05,completed,upi,6.82
2113,37,2026-05-19,completed,cod,7.26
2114,131,2024-08-16,completed,paypal,4.06
2115,122,2025-11-29,returned,paypal,14.5
2116,250,2025-09-23,returned,credit_card,9.8
2117,123,2025-02-08,completed,upi,0.03
2118,206,2026-01-15,cancelled,credit_card,3.82
2119,266,2026-07-10,completed,upi,14.08
2120,10,2025-12-17,cancelled,paypal,9.24
2121,54,2025-07-04,completed,upi,6.9
2122,161,2026-05-04,completed,upi,13.56
2123,282,2026-07-15,returned,upi,6.68
2124,189,2026-01-27,returned,cod,6.11
2125,55,2025-07-09,returned,credit_card,1.12
2126,326,2026-05-18,returned,debit_card,6.48
2127,394,2025-07-13,completed,cod,14.45
2128,370,2025-09-21,completed,upi,12.65
2129,303,2026-03-30,completed,debit_card,13.3
2130,444,2025-09-09,cancelled,credit_card,13.85
2131,110,2024-12-07,completed,paypal,4.2
2132,396,2026-07-26,completed,credit_card,3.21
2133,429,2026-05-26,cancelled,cod,4.51
2134,255,2024-11-04,completed,upi,10.06
2135,125,2025-08-01,completed,credit_card,13.49
2136,278,2024-09-07,cancelled,credit_card,2.93
2137,239,2025-04-24,completed,cod,5.6
2138,145,2026-01-30,returned,cod,5.92
2139,257,2025-05-19,returned,debit_card,0.67
2140,315,2025-09-01,cancelled,paypal,1.64
2141,369,2026-07-15,completed,debit_card,4.48
2142,36,2026-07-18,completed,cod,8.61
2143,237,2026-02-28,completed,credit_card,14.41
2144,71,2026-01-27,completed,upi,11.94
2145,363,2026-02-01,cancelled,paypal,11.89
2146,210,2026-03-05,cancelled,debit_card,13.28
2147,354,2026-03-13,completed,credit_card,0.39
2148,467,2025-10-01,completed,credit_card,8.57
2149,253,2026-07-03,completed,upi,10.49
2150,458,2026-05-20,completed,credit_card,1.94
2151,123,2025-10-06,cancelled,cod,3.88
2152,326,2026-07-03,completed,credit_card,9.59
2153,468,2026-05-16,cancelled,paypal,14.92
2154,156,2026-05-17,completed,credit_card,8.12
2155,305,2026-07-18,returned,paypal,12.26
2156,489,2026-05-15,cancelled,upi,4.6
2157,86,2025-11-15,returned,debit_card,4.44
2158,195,2025-09-25,completed,upi,0.17
2159,320,2026-04-25,cancelled,upi,6.59
2160,193,2025-04-29,cancelled,upi,8.84
2161,96,2026-03-28,completed,upi,8.09
2162,483,2025-09-12,completed,debit_card,3.24
2163,499,2025-10-22,completed,credit_card,5.98
2164,399,2026-01-07,returned,paypal,1.36
2165,273,2026-05-04,completed,debit_card,1.6
2166,390,2025-11-21,completed,paypal,5.0
2167,272,2026-07-30,returned,upi,0.41
2168,63,2024-11-28,completed,upi,0.51
2169,206,2025-07-16,completed,cod,11.64
2170,471,2026-04-12,cancelled,debit_card,12.4
2171,159,2025-11-30,completed,upi,2.61
2172,154,2024-06-07,cancelled,credit_card,3.52
2173,41,2024-11-23,completed,cod,7.32
2174,371,2025-12-13,completed,paypal,5.5
2175,445,2025-11-28,cancelled,upi,1.97
2176,27,2025-08-29,cancelled,credit_card,7.22
2177,353,2026-07-27,completed,upi,8.02
2178,46,2026-03-20,completed,upi,14.67
2179,380,2026-07-03,returned,paypal,7.5
2180,49,2025-03-19,completed,credit_card,8.48
2181,62,2026-01-10,completed,cod,10.86
2182,138,2026-03-08,completed,upi,8.78
2183,145,2026-02-27,completed,credit_card,13.56
2184,122,2026-07-11,cancelled,debit_card,5.78
2185,335,2026-04-04,cancelled,upi,3.53
2186,156,2026-06-10,returned,upi,2.47
2187,81,2026-07-10,returned,credit_card,11.44
2188,242,2025-10-07,cancelled,credit_card,9.4
2189,308,2024-11-22,cancelled,paypal,7.24
2190,79,2024-06-12,completed,upi,11.73
2191,348,2025-09-29,completed,upi,3.63
2192,420,2026-03-15,cancelled,paypal,13.67
2193,137,2024-06-29,returned,debit_card,3.26
2194,407,2026-01-25,returned,upi,10.27
2195,394,2025-09-02,completed,upi,10.93
2196,310,2026-06-30,returned,credit_card,10.55
2197,233,2025-06-06,completed,paypal,4.52
2198,329,2025-05-11,completed,upi,9.29
2199,10,2026-03-29,completed,debit_card,11.09
2200,424,2026-04-11,completed,debit_card,3.69
2201,92,2026-05-19,completed,upi,14.0
2202,366,2025-12-03,completed,credit_card,3.63
2203,50,2024-10-08,cancelled,credit_card,5.48
2204,78,2025-04-16,completed,paypal,5.9
2205,417,2026-07-08,completed,debit_card,4.81
2206,353,2026-07-11,returned,paypal,13.97
2207,171,2026-05-12,completed,paypal,7.44
2208,409,2025-12-11,completed,cod,9.48
2209,382,2026-05-13,completed,credit_card,10.07
2210,22,2026-02-11,completed,credit_card,4.72
2211,111,2026-07-21,cancelled,credit_card,13.69
2212,426,2025-11-08,returned,cod,8.36
2213,275,2025-12-31,completed,cod,12.26
2214,205,2026-05-31,returned,debit_card,5.7
2215,250,2025-06-10,completed,cod,1.68
2216,10,2026-07-04,returned,debit_card,10.91
2217,394,2026-01-01,returned,upi,14.28
2218,289,2025-06-16,cancelled,upi,7.9
2219,221,2025-05-28,completed,cod,11.93
2220,369,2025-04-06,completed,paypal,7.94
2221,245,2026-01-14,completed,credit_card,10.16
2222,286,2026-07-21,completed,cod,11.74
2223,341,2025-10-23,completed,paypal,14.33
2224,382,2025-11-02,returned,cod,13.78
2225,267,2026-02-14,cancelled,debit_card,4.65
2226,104,2026-07-29,completed,debit_card,7.89
2227,41,2025-08-06,completed,paypal,2.36
2228,139,2026-01-04,cancelled,debit_card,7.68
2229,207,2025-09-21,completed,debit_card,1.91
2230,20,2025-06-21,cancelled,upi,6.77
2231,338,2026-01-04,returned,cod,11.05
2232,221,2025-05-27,returned,credit_card,12.75
2233,142,2026-05-22,returned,credit_card,8.76
2234,156,2025-07-31,completed,debit_card,2.4
2235,445,2026-06-13,completed,upi,1.15
2236,348,2025-11-17,returned,credit_card,13.8
2237,294,2026-04-28,completed,upi,1.28
2238,162,2025-10-22,returned,debit_card,13.33
2239,36,2026-03-27,completed,credit_card,14.16
2240,160,2026-06-03,completed,cod,5.42
2241,25,2026-03-31,cancelled,credit_card,4.44
2242,485,2026-07-02,completed,upi,4.92
2243,133,2026-05-15,returned,cod,13.82
2244,37,2024-07-17,cancelled,credit_card,3.36
2245,45,2025-03-12,completed,credit_card,14.95
2246,226,2026-03-23,returned,upi,6.96
2247,7,2025-09-11,cancelled,credit_card,0.38
2248,240,2024-06-14,completed,upi,7.29
2249,102,2026-06-30,completed,credit_card,6.66
2250,55,2026-03-01,completed,credit_card,4.17
2251,147,2026-05-31,completed,paypal,5.01
2252,482,2025-11-02,completed,cod,14.78
2253,356,2026-03-09,returned,debit_card,5.77
2254,54,2025-07-21,completed,cod,13.04
2255,270,2025-12-23,completed,debit_card,12.53
2256,233,2026-02-24,completed,paypal,10.52
2257,200,2025-06-26,completed,upi,0.09
2258,65,2025-05-09,completed,upi,2.04
2259,385,2026-03-11,cancelled,paypal,6.01
2260,368,2025-12-08,completed,debit_card,7.13
2261,489,2026-06-28,returned,debit_card,5.43
2262,28,2024-03-28,completed,credit_card,11.76
2263,419,2026-02-14,cancelled,credit_card,6.23
2264,392,2026-01-31,returned,paypal,9.99
2265,32,2026-07-18,completed,cod,1.87
2266,37,2026-01-07,returned,debit_card,13.18
2267,42,2026-06-13,cancelled,paypal,1.82
2268,123,2025-09-11,returned,debit_card,4.75
2269,293,2026-02-09,completed,debit_card,14.66
2270,233,2024-07-29,completed,upi,13.32
2271,441,2025-02-08,completed,paypal,2.78
2272,159,2026-07-08,completed,debit_card,0.69
2273,360,2026-03-30,returned,credit_card,11.56
2274,78,2024-11-28,completed,upi,14.31
2275,261,2026-01-27,completed,cod,11.94
2276,395,2025-01-10,cancelled,cod,2.93
2277,369,2026-06-09,completed,credit_card,1.1
2278,238,2026-07-06,completed,credit_card,2.4
2279,494,2025-04-17,completed,cod,2.09
2280,367,2026-06-21,completed,paypal,8.17
2281,316,2026-05-08,completed,cod,4.42
2282,203,2025-10-31,completed,debit_card,9.37
2283,263,2024-07-14,returned,paypal,10.33
2284,108,2025-03-23,completed,upi,2.02
2285,362,2025-08-19,completed,debit_card,13.16
2286,294,2026-02-19,returned,credit_card,12.97
2287,203,2025-07-15,completed,upi,12.6
2288,1,2025-05-03,completed,paypal,13.65
2289,224,2026-01-31,completed,cod,6.96
2290,404,2026-03-26,completed,cod,0.41
2291,355,2025-07-02,returned,credit_card,8.8
2292,294,2026-07-13,cancelled,credit_card,10.96
2293,82,2026-03-06,completed,debit_card,9.91
2294,30,2026-06-04,completed,upi,14.93
2295,55,2025-03-22,completed,paypal,11.64
2296,21,2025-09-08,completed,upi,4.15
2297,410,2025-12-13,completed,debit_card,9.14
2298,375,2026-03-10,returned,debit_card,0.68
2299,349,2025-11-18,cancelled,cod,11.96
2300,498,2026-06-06,cancelled,paypal,4.88
2301,282,2026-06-19,completed,cod,8.56
2302,338,2025-09-23,completed,credit_card,11.65
2303,235,2025-07-14,completed,debit_card,10.07
2304,453,2026-07-04,completed,upi,1.58
2305,277,2025-09-02,completed,debit_card,7.7
2306,365,2026-06-21,completed,credit_card,7.05
2307,410,2025-12-13,completed,credit_card,12.75
2308,464,2026-07-15,completed,upi,2.03
2309,201,2025-04-25,completed,debit_card,5.11
2310,255,2025-07-17,cancelled,cod,1.08
2311,227,2025-03-23,cancelled,upi,14.36
2312,337,2024-10-09,completed,upi,7.62
2313,365,2026-05-17,completed,paypal,0.2
2314,393,2025-08-26,completed,debit_card,1.3
2315,122,2026-02-23,completed,credit_card,4.27
2316,39,2024-12-27,cancelled,cod,4.95
2317,183,2025-12-04,completed,paypal,10.42
2318,21,2026-03-21,completed,upi,3.77
2319,141,2026-07-20,cancelled,upi,1.67
2320,76,2026-02-15,completed,upi,4.87
2321,364,2025-01-01,completed,upi,4.44
2322,171,2025-02-09,completed,upi,3.18
2323,111,2025-04-05,completed,upi,6.15
2324,15,2026-06-26,completed,debit_card,6.0
2325,486,2025-05-02,completed,upi,1.56
2326,300,2025-09-17,completed,paypal,9.17
2327,122,2026-01-12,returned,credit_card,11.11
2328,2,2026-02-15,completed,credit_card,7.21
2329,65,2025-06-05,returned,debit_card,9.79
2330,86,2026-07-31,returned,debit_card,0.93
2331,86,2025-12-02,returned,cod,0.8
2332,380,2025-12-14,cancelled,upi,0.2
2333,282,2026-06-06,completed,upi,7.42
2334,264,2026-07-27,returned,upi,14.3
2335,307,2025-04-07,returned,debit_card,13.4
2336,62,2025-09-05,completed,credit_card,5.12
2337,104,2026-07-18,cancelled,upi,4.58
2338,391,2025-07-01,completed,cod,10.27
2339,10,2025-12-21,returned,cod,1.28
2340,88,2025-11-22,cancelled,upi,9.73
2341,146,2026-02-15,completed,upi,14.63
2342,475,2026-07-01,returned,credit_card,0.77
2343,179,2026-02-18,returned,upi,2.45
2344,89,2026-03-25,cancelled,paypal,13.57
2345,390,2025-09-13,completed,debit_card,5.75
2346,150,2025-04-14,completed,credit_card,13.51
2347,228,2026-04-21,cancelled,upi,11.12
2348,408,2026-05-07,completed,cod,9.86
2349,140,2026-07-10,returned,credit_card,7.73
2350,377,2025-03-10,completed,upi,3.83
2351,75,2026-04-25,returned,credit_card,1.46
2352,266,2026-05-27,completed,cod,3.75
2353,257,2026-02-25,completed,credit_card,12.28
2354,80,2026-03-18,returned,upi,9.94
2355,424,2025-10-15,returned,cod,13.05
2356,374,2026-05-07,completed,upi,4.58
2357,127,2026-02-06,completed,upi,10.82
2358,235,2024-10-31,cancelled,paypal,8.03
2359,471,2026-04-04,returned,cod,6.82
2360,60,2026-03-23,completed,cod,14.87
2361,357,2025-11-24,completed,credit_card,14.82
2362,151,2026-02-07,returned,debit_card,6.33
2363,362,2025-06-21,completed,credit_card,14.49
2364,68,2026-06-30,completed,upi,9.53
2365,275,2026-03-04,completed,paypal,4.47
2366,279,2026-05-31,completed,upi,8.17
2367,214,2025-02-19,completed,paypal,5.2
2368,72,2025-03-12,completed,cod,10.57
2369,431,2026-03-31,completed,upi,13.25
2370,316,2026-06-24,returned,upi,1.37
2371,268,2025-08-31,completed,debit_card,11.81
2372,370,2025-09-29,completed,credit_card,7.59
2373,114,2026-01-12,completed,paypal,7.21
2374,330,2025-02-18,completed,paypal,4.96
2375,237,2026-02-14,completed,debit_card,8.26
2376,176,2026-07-01,completed,upi,7.82
2377,54,2024-07-27,cancelled,upi,14.57
2378,403,2025-12-14,cancelled,cod,0.15
2379,96,2026-05-19,completed,cod,12.72
2380,225,2025-04-23,completed,upi,13.37
2381,216,2024-10-23,completed,upi,6.19
2382,61,2024-10-19,returned,upi,1.37
2383,277,2026-02-07,completed,credit_card,5.49
2384,207,2026-04-15,completed,debit_card,9.54
2385,318,2025-06-06,cancelled,cod,10.02
2386,14,2025-09-18,completed,debit_card,10.32
2387,177,2025-12-21,completed,debit_card,11.09
2388,333,2025-09-29,completed,credit_card,9.15
2389,152,2026-07-17,completed,debit_card,0.9
2390,319,2026-05-14,cancelled,debit_card,0.39
2391,5,2026-06-21,completed,cod,3.0
2392,283,2026-07-22,completed,paypal,10.78
2393,14,2025-07-19,cancelled,cod,13.7
2394,167,2025-07-12,cancelled,credit_card,1.3
2395,308,2026-06-16,cancelled,debit_card,13.39
2396,14,2025-03-21,returned,credit_card,13.24
2397,304,2025-10-20,returned,credit_card,2.44
2398,294,2026-02-10,returned,cod,0.54
2399,373,2025-12-30,completed,upi,14.39
2400,28,2025-01-22,completed,upi,1.28
2401,19,2025-07-06,completed,credit_card,3.59
2402,488,2025-12-31,returned,paypal,6.45
2403,363,2026-07-30,cancelled,debit_card,3.39
2404,334,2026-05-23,completed,paypal,11.56
2405,237,2025-12-25,completed,paypal,8.91
2406,127,2025-06-08,cancelled,credit_card,0.44
2407,420,2026-01-30,completed,cod,7.43
2408,216,2024-08-05,completed,debit_card,3.24
2409,456,2026-07-29,completed,paypal,13.23
2410,73,2025-12-20,completed,cod,12.58
2411,162,2025-01-23,completed,cod,11.54
2412,364,2026-04-19,completed,upi,13.17
2413,356,2025-03-16,cancelled,paypal,6.58
2414,46,2026-01-13,completed,upi,3.42
2415,155,2024-07-08,returned,credit_card,1.66
2416,110,2026-05-25,cancelled,credit_card,1.09
2417,384,2025-07-28,completed,paypal,5.1
2418,386,2026-07-22,completed,upi,6.78
2419,174,2026-06-23,returned,paypal,10.12
2420,398,2024-08-04,completed,cod,5.65
2421,189,2025-03-25,returned,paypal,12.57
2422,97,2025-05-01,completed,credit_card,3.61
2423,415,2026-03-14,returned,paypal,10.69
2424,71,2025-05-09,cancelled,paypal,12.67
2425,58,2026-05-16,completed,upi,3.07
2426,346,2025-08-10,cancelled,debit_card,8.26
2427,47,2026-02-01,completed,credit_card,1.36
2428,350,2026-06-10,returned,paypal,9.54
2429,399,2026-07-31,returned,paypal,8.39
2430,321,2026-04-23,completed,paypal,11.61
2431,213,2025-06-27,cancelled,paypal,9.56
2432,346,2026-03-05,returned,paypal,1.09
2433,214,2025-04-03,completed,paypal,14.0
2434,389,2026-07-01,cancelled,paypal,12.0
2435,492,2026-07-24,returned,cod,12.87
2436,3,2024-10-22,cancelled,cod,8.41
2437,125,2025-02-27,completed,credit_card,2.35
2438,278,2025-04-23,completed,debit_card,8.24
2439,207,2026-05-22,completed,credit_card,11.53
2440,350,2026-06-27,cancelled,credit_card,12.48
2441,414,2025-09-24,completed,credit_card,7.48
2442,259,2026-04-21,returned,debit_card,10.09
2443,147,2026-05-24,completed,upi,4.75
2444,396,2026-07-03,completed,cod,1.54
2445,96,2025-08-11,completed,upi,9.17
2446,488,2025-12-27,completed,debit_card,14.3
2447,390,2025-07-10,cancelled,debit_card,5.03
2448,65,2025-12-24,returned,debit_card,7.23
2449,70,2026-05-12,cancelled,debit_card,3.26
2450,72,2025-08-06,cancelled,debit_card,2.79
2451,480,2024-06-22,completed,upi,0.17
2452,321,2026-07-07,returned,debit_card,8.0
2453,238,2026-06-23,cancelled,credit_card,8.89
2454,190,2026-01-02,completed,paypal,10.92
2455,318,2026-04-10,completed,upi,4.34
2456,272,2026-07-29,returned,debit_card,3.95
2457,309,2026-07-04,returned,cod,7.03
2458,298,2026-05-11,cancelled,paypal,11.97
2459,170,2025-08-21,cancelled,upi,6.52
2460,73,2026-01-24,returned,paypal,10.86
2461,271,2026-07-04,completed,paypal,2.2
2462,106,2026-07-10,cancelled,debit_card,8.95
2463,404,2026-04-04,completed,upi,5.43
2464,379,2026-02-27,completed,debit_card,11.04
2465,407,2026-06-16,completed,debit_card,2.55
2466,34,2025-05-23,cancelled,credit_card,11.95
2467,382,2026-01-01,cancelled,paypal,4.56
2468,30,2026-03-11,completed,cod,2.97
2469,469,2026-06-12,completed,cod,1.61
2470,469,2025-09-01,completed,debit_card,8.09
2471,98,2026-05-28,returned,paypal,11.1
2472,164,2026-05-31,completed,cod,0.61
2473,262,2026-07-01,returned,cod,12.43
2474,129,2025-12-06,cancelled,cod,4.95
2475,183,2026-01-12,completed,debit_card,7.57
2476,170,2026-01-21,cancelled,cod,4.36
2477,221,2026-05-16,returned,credit_card,9.86
2478,91,2025-10-30,completed,credit_card,14.78
2479,404,2025-04-26,returned,credit_card,9.58
2480,161,2026-06-26,returned,debit_card,3.22
2481,161,2026-05-04,completed,credit_card,2.51
2482,95,2025-06-25,completed,upi,1.42
2483,402,2026-05-20,completed,paypal,5.04
2484,6,2026-05-10,returned,debit_card,8.96
2485,252,2026-01-09,completed,cod,6.34
2486,391,2025-04-23,completed,cod,5.3
2487,110,2025-10-07,completed,upi,7.44
2488,404,2026-04-01,completed,credit_card,9.74
2489,220,2025-01-04,cancelled,credit_card,2.52
2490,426,2026-03-21,completed,cod,1.23
2491,343,2026-04-07,completed,cod,12.66
2492,448,2026-04-04,cancelled,cod,10.81
2493,405,2025-08-20,completed,cod,6.46
2494,84,2025-07-26,completed,debit_card,11.32
2495,403,2025-11-09,completed,cod,11.53
2496,132,2026-01-20,returned,debit_card,4.1
2497,424,2025-09-29,cancelled,paypal,5.11
2498,141,2026-06-04,completed,debit_card,9.98
2499,477,2026-07-30,cancelled,upi,2.69
2500,44,2026-04-12,completed,debit_card,0.67
2501,164,2026-05-13,completed,debit_card,14.49
2502,5,2026-06-29,completed,paypal,8.95
2503,334,2024-08-21,completed,upi,5.54
2504,81,2024-12-23,completed,upi,14.28
2505,493,2026-04-21,completed,debit_card,5.12
2506,93,2025-01-10,completed,credit_card,5.09
2507,102,2026-06-08,completed,debit_card,10.78
2508,368,2025-10-11,completed,cod,1.28
2509,56,2026-05-03,completed,credit_card,4.22
2510,114,2026-01-11,completed,upi,13.14
2511,477,2026-05-29,completed,debit_card,1.39
2512,499,2026-01-07,completed,upi,7.79
2513,393,2026-07-29,completed,cod,7.84
2514,165,2024-11-23,completed,credit_card,1.01
2515,377,2026-07-16,completed,cod,14.43
2516,195,2025-04-24,completed,cod,1.93
2517,432,2025-12-28,cancelled,cod,5.4
2518,66,2025-04-04,completed,upi,12.62
2519,2,2026-07-18,completed,credit_card,12.08
2520,73,2026-02-26,returned,upi,13.97
2521,416,2025-01-13,completed,debit_card,3.41
2522,319,2026-06-26,returned,upi,0.43
2523,106,2025-10-06,completed,paypal,4.52
2524,207,2025-09-20,completed,credit_card,5.5
2525,110,2024-10-03,completed,debit_card,2.79
2526,203,2026-06-22,cancelled,paypal,6.9
2527,7,2025-01-05,cancelled,upi,14.44
2528,352,2026-07-01,completed,credit_card,8.72
2529,285,2026-02-28,cancelled,debit_card,6.4
2530,370,2026-06-30,completed,cod,14.97
2531,181,2025-02-11,completed,debit_card,3.04
2532,495,2026-05-02,completed,upi,5.27
2533,121,2026-07-20,returned,credit_card,7.11
2534,193,2025-05-29,returned,credit_card,1.25
2535,38,2026-01-21,completed,upi,8.61
2536,466,2026-06-24,cancelled,paypal,8.64
2537,250,2025-09-25,returned,debit_card,5.41
2538,335,2026-03-19,completed,debit_card,6.49
2539,444,2025-07-04,completed,credit_card,1.12
2540,145,2025-07-28,completed,upi,14.58
2541,410,2026-01-20,completed,upi,10.56
2542,464,2026-01-18,completed,cod,9.92
2543,481,2026-06-26,cancelled,upi,9.99
2544,222,2026-03-18,completed,debit_card,0.86
2545,469,2026-03-13,cancelled,cod,2.93
2546,321,2026-04-07,cancelled,credit_card,12.26
2547,483,2025-12-29,returned,upi,14.79
2548,87,2026-04-12,completed,debit_card,7.35
2549,380,2026-02-12,cancelled,cod,3.89
2550,19,2026-05-27,completed,paypal,0.35
2551,426,2026-07-06,returned,cod,5.98
2552,226,2026-04-07,completed,cod,13.0
2553,4,2025-08-31,completed,cod,3.24
2554,471,2025-12-09,completed,upi,3.32
2555,451,2026-01-06,completed,debit_card,12.16
2556,185,2026-02-04,completed,cod,6.78
2557,222,2026-07-08,completed,debit_card,3.28
2558,58,2026-04-25,returned,debit_card,11.74
2559,448,2026-05-19,completed,credit_card,5.88
2560,111,2025-07-06,cancelled,paypal,4.04
2561,17,2026-07-05,cancelled,credit_card,10.89
2562,453,2025-12-16,completed,debit_card,8.55
2563,331,2026-07-07,returned,paypal,14.4
2564,256,2026-01-23,returned,upi,0.13
2565,219,2026-01-13,completed,upi,0.54
2566,131,2025-10-13,completed,upi,3.2
2567,67,2026-07-21,completed,cod,0.87
2568,232,2026-07-12,returned,debit_card,11.88
2569,137,2024-04-04,returned,cod,9.88
2570,455,2025-04-09,cancelled,credit_card,12.67
2571,106,2025-01-08,completed,cod,14.21
2572,16,2025-10-28,returned,cod,1.76
2573,61,2024-07-13,returned,paypal,3.23
2574,65,2025-03-05,completed,cod,13.12
2575,466,2026-07-28,completed,paypal,7.96
2576,426,2026-06-04,completed,paypal,3.55
2577,81,2026-03-01,completed,debit_card,11.47
2578,490,2024-09-27,returned,paypal,2.77
2579,22,2026-01-30,completed,cod,1.86
2580,423,2026-04-06,returned,cod,4.23
2581,16,2026-01-08,returned,debit_card,9.82
2582,477,2026-03-03,completed,paypal,9.02
2583,32,2026-07-26,completed,debit_card,6.7
2584,191,2025-08-19,completed,paypal,4.26
2585,230,2026-03-10,completed,cod,12.18
2586,32,2026-07-19,completed,paypal,9.0
2587,433,2024-11-26,cancelled,upi,1.99
2588,398,2025-06-08,cancelled,upi,3.95
2589,401,2025-06-28,completed,upi,2.21
2590,53,2026-04-11,completed,credit_card,5.08
2591,187,2025-06-04,completed,credit_card,6.36
2592,4,2025-06-17,returned,credit_card,0.45
2593,165,2026-06-23,completed,credit_card,9.39
2594,348,2024-11-18,completed,credit_card,5.53
2595,363,2025-08-21,completed,debit_card,14.11
2596,87,2026-06-21,completed,cod,7.98
2597,388,2025-09-04,cancelled,upi,6.06
2598,151,2025-04-13,cancelled,upi,4.38
2599,351,2026-05-25,completed,upi,8.99
2600,313,2026-07-03,completed,paypal,5.82
2601,48,2026-06-21,completed,paypal,12.12
2602,285,2026-04-28,completed,cod,5.83
2603,197,2026-07-10,cancelled,debit_card,2.79
2604,118,2026-06-17,returned,paypal,0.8
2605,257,2024-12-21,completed,paypal,11.81
2606,205,2025-11-22,cancelled,cod,5.78
2607,35,2026-07-31,completed,upi,9.56
2608,240,2024-07-17,completed,upi,1.61
2609,262,2025-11-23,cancelled,paypal,6.84
2610,26,2026-05-10,completed,credit_card,9.47
2611,484,2026-05-16,completed,paypal,6.13
2612,451,2026-03-30,completed,credit_card,8.15
2613,438,2025-08-24,returned,credit_card,11.69
2614,21,2026-06-26,returned,credit_card,11.05
2615,426,2026-07-26,cancelled,paypal,9.27
2616,10,2026-02-08,completed,cod,9.31
2617,163,2025-06-28,completed,credit_card,4.68
2618,375,2026-07-24,completed,credit_card,3.31
2619,174,2026-05-09,completed,upi,1.65
2620,45,2025-08-05,cancelled,upi,6.17
2621,391,2025-03-04,completed,upi,4.89
2622,457,2025-12-29,completed,debit_card,6.82
2623,250,2025-04-12,cancelled,cod,0.04
2624,93,2025-05-26,completed,debit_card,8.62
2625,272,2026-07-29,returned,paypal,14.52
2626,271,2026-06-27,completed,debit_card,4.07
2627,370,2025-06-14,completed,credit_card,12.84
2628,259,2026-02-19,completed,credit_card,0.75
2629,127,2025-06-14,cancelled,debit_card,11.46
2630,396,2026-02-08,completed,debit_card,6.98
2631,208,2026-02-03,completed,upi,13.94
2632,403,2026-02-13,completed,paypal,6.61
2633,361,2026-07-27,completed,cod,13.48
2634,230,2026-07-15,returned,paypal,5.71
2635,228,2025-09-20,completed,paypal,9.06
2636,186,2026-07-27,completed,upi,9.1
2637,154,2024-03-26,cancelled,paypal,10.56
2638,11,2026-06-17,cancelled,paypal,0.1
2639,76,2026-05-16,completed,upi,1.66
2640,379,2026-02-20,completed,cod,6.54
2641,311,2026-06-30,completed,upi,12.58
2642,256,2026-06-15,cancelled,debit_card,7.91
2643,143,2026-07-02,completed,upi,7.6
2644,332,2026-07-15,returned,upi,4.59
2645,326,2026-05-19,returned,paypal,5.86
2646,439,2026-06-12,completed,cod,11.74
2647,243,2025-12-18,completed,cod,1.81
2648,261,2026-04-15,completed,upi,6.77
2649,275,2025-09-02,completed,upi,9.07
2650,328,2026-04-23,completed,upi,12.15
2651,216,2025-09-06,returned,debit_card,3.16
2652,392,2026-06-26,returned,debit_card,0.59
2653,217,2026-06-03,completed,credit_card,2.04
2654,303,2026-07-11,returned,debit_card,4.36
2655,114,2025-10-10,cancelled,upi,7.66
2656,429,2026-07-02,completed,paypal,4.88
2657,155,2025-02-05,completed,paypal,3.1
2658,181,2024-07-21,returned,debit_card,13.5
2659,330,2026-01-07,cancelled,debit_card,13.23
2660,413,2025-09-07,returned,paypal,4.87
2661,154,2024-07-09,cancelled,cod,7.11
2662,458,2026-06-14,completed,debit_card,14.39
2663,97,2025-01-06,cancelled,paypal,5.93
2664,431,2026-06-18,completed,upi,2.81
2665,426,2025-01-23,completed,paypal,11.9
2666,152,2026-07-13,completed,upi,5.75
2667,475,2024-11-25,cancelled,credit_card,10.81
2668,406,2024-12-14,returned,cod,12.8
2669,397,2025-11-06,completed,upi,2.85
2670,91,2025-09-01,completed,debit_card,4.37
2671,35,2025-04-09,returned,credit_card,13.58
2672,63,2024-09-30,completed,debit_card,6.52
2673,464,2025-12-23,completed,cod,1.75
2674,417,2026-07-22,completed,credit_card,9.76
2675,146,2025-12-21,completed,debit_card,12.23
2676,87,2026-04-20,completed,debit_card,0.09
2677,364,2025-01-05,completed,upi,4.53
2678,462,2025-09-10,completed,paypal,6.54
2679,455,2026-02-07,completed,cod,14.27
2680,51,2025-09-24,completed,cod,4.72
2681,149,2024-09-05,returned,paypal,14.01
2682,452,2025-10-01,cancelled,debit_card,14.14
2683,124,2026-04-15,cancelled,upi,12.0
2684,362,2026-04-18,cancelled,upi,4.54
2685,124,2025-05-24,completed,paypal,12.82
2686,146,2026-07-12,cancelled,debit_card,5.17
2687,382,2026-07-14,returned,debit_card,8.9
2688,337,2024-12-27,returned,debit_card,11.93
2689,11,2026-05-28,completed,paypal,2.71
2690,267,2026-05-31,returned,paypal,8.68
2691,219,2026-06-22,returned,debit_card,10.12
2692,30,2025-06-07,completed,upi,14.75
2693,4,2026-03-07,returned,paypal,8.5
2694,479,2026-04-04,completed,cod,5.38
2695,101,2026-07-14,completed,paypal,9.19
2696,472,2025-02-03,completed,cod,6.16
2697,310,2026-06-29,completed,credit_card,3.78
2698,258,2025-09-25,completed,debit_card,13.25
2699,33,2026-06-03,returned,cod,11.25
2700,463,2025-12-02,cancelled,paypal,14.22
2701,258,2025-07-22,completed,debit_card,0.81
2702,411,2025-03-13,completed,upi,4.47
2703,39,2026-02-24,completed,credit_card,8.16
2704,389,2025-10-11,completed,cod,9.1
2705,110,2026-06-16,completed,paypal,4.58
2706,34,2024-04-28,completed,paypal,12.65
2707,150,2025-05-20,completed,credit_card,3.52
2708,500,2025-07-02,completed,debit_card,8.95
2709,268,2026-02-15,returned,cod,8.31
2710,40,2024-11-23,completed,cod,8.06
2711,175,2026-05-09,returned,upi,13.94
2712,371,2025-03-16,completed,credit_card,8.08
2713,160,2025-04-09,completed,credit_card,5.22
2714,72,2025-01-27,completed,paypal,12.41
2715,216,2026-07-21,cancelled,credit_card,2.1
2716,39,2026-04-28,completed,debit_card,6.88
2717,173,2025-07-03,completed,paypal,4.24
2718,240,2026-05-26,returned,cod,8.07
2719,12,2025-11-27,cancelled,credit_card,14.81
2720,343,2025-12-16,returned,credit_card,13.39
2721,215,2025-11-15,completed,debit_card,14.4
2722,357,2025-08-16,returned,cod,6.22
2723,258,2025-09-22,cancelled,credit_card,3.46
2724,151,2025-05-22,completed,upi,3.66
2725,416,2024-11-10,completed,credit_card,3.91
2726,305,2026-07-31,returned,cod,8.6
2727,476,2026-04-23,completed,credit_card,1.4
2728,191,2024-04-17,returned,credit_card,2.49
2729,463,2026-05-04,completed,debit_card,10.93
2730,15,2026-07-31,completed,debit_card,5.7
2731,327,2025-08-12,completed,cod,12.54
2732,195,2024-04-13,cancelled,credit_card,3.72
2733,84,2026-05-08,cancelled,upi,9.81
2734,70,2025-11-12,cancelled,credit_card,1.86
2735,141,2026-07-23,completed,paypal,3.14
2736,274,2026-04-25,completed,cod,8.71
2737,118,2026-04-08,returned,credit_card,10.4
2738,24,2026-06-26,returned,credit_card,8.79
2739,251,2025-11-17,completed,paypal,11.68
2740,414,2025-04-01,completed,upi,0.13
2741,304,2025-08-02,returned,paypal,13.55
2742,131,2024-05-26,cancelled,debit_card,12.9
2743,294,2026-06-20,completed,debit_card,12.64
2744,481,2025-03-03,cancelled,paypal,3.02
2745,346,2026-05-01,returned,cod,14.02
2746,47,2026-05-14,cancelled,cod,13.65
2747,230,2026-03-22,completed,upi,10.64
2748,75,2025-11-11,completed,debit_card,3.2
2749,210,2026-07-26,completed,credit_card,11.5
2750,42,2026-04-27,returned,upi,3.47
2751,4,2024-12-30,completed,cod,10.78
2752,326,2026-05-22,returned,paypal,2.55
2753,467,2025-09-15,cancelled,debit_card,10.97
2754,383,2026-06-01,completed,credit_card,12.37
2755,85,2024-10-26,completed,debit_card,13.41
2756,448,2026-03-29,completed,paypal,13.54
2757,16,2026-06-16,returned,paypal,0.78
2758,175,2024-06-03,completed,upi,10.05
2759,312,2026-04-07,cancelled,debit_card,2.59
2760,212,2026-03-22,completed,debit_card,3.52
2761,318,2026-02-23,returned,upi,14.19
2762,405,2026-02-08,completed,debit_card,2.51
2763,223,2024-06-03,returned,paypal,14.08
2764,333,2025-10-17,returned,upi,4.87
2765,212,2025-10-19,completed,upi,1.92
2766,393,2026-07-23,completed,credit_card,4.63
2767,350,2026-05-29,completed,upi,2.19
2768,218,2026-07-07,cancelled,upi,3.85
2769,262,2026-04-28,completed,cod,4.72
2770,329,2025-01-31,cancelled,paypal,14.24
2771,295,2025-06-09,completed,upi,11.11
2772,2,2026-01-23,completed,upi,9.42
2773,202,2026-07-04,returned,debit_card,14.79
2774,187,2025-04-18,cancelled,debit_card,14.84
2775,338,2026-03-16,returned,paypal,11.82
2776,362,2025-12-15,completed,paypal,11.63
2777,335,2026-04-20,completed,debit_card,0.46
2778,302,2026-07-27,completed,upi,10.98
2779,481,2025-12-08,completed,paypal,11.81
2780,303,2026-02-11,cancelled,paypal,13.38
2781,258,2026-05-25,cancelled,upi,2.8
2782,363,2026-01-21,completed,credit_card,11.09
2783,35,2024-12-18,completed,upi,7.59
2784,215,2025-10-21,completed,cod,2.58
2785,161,2026-07-07,completed,credit_card,6.92
2786,357,2025-04-09,completed,paypal,14.22
2787,376,2026-07-21,cancelled,upi,0.11
2788,226,2026-06-24,cancelled,upi,13.81
2789,499,2025-12-30,completed,cod,5.29
2790,329,2025-01-20,returned,upi,4.66
2791,69,2026-07-19,returned,cod,7.31
2792,86,2025-05-03,cancelled,credit_card,10.3
2793,352,2025-10-05,completed,credit_card,5.7
2794,127,2024-12-23,completed,credit_card,8.16
2795,56,2026-07-08,completed,cod,3.94
2796,257,2025-10-11,completed,paypal,7.85
2797,176,2026-06-14,completed,debit_card,6.18
2798,257,2025-07-26,completed,debit_card,4.92
2799,129,2025-04-14,cancelled,cod,13.85
2800,421,2025-10-26,completed,paypal,12.91
2801,60,2026-01-18,returned,upi,2.87
2802,403,2026-05-05,completed,debit_card,12.55
2803,398,2026-06-02,completed,credit_card,8.58
2804,371,2025-05-04,cancelled,debit_card,2.26
2805,209,2025-07-19,completed,cod,3.18
2806,345,2026-05-21,completed,paypal,0.22
2807,161,2026-07-15,returned,paypal,0.98
2808,486,2025-05-11,completed,upi,4.2
2809,444,2025-10-24,completed,cod,0.81
2810,248,2025-07-12,returned,debit_card,3.53
2811,224,2026-01-12,completed,paypal,6.61
2812,183,2026-02-25,completed,paypal,4.81
2813,112,2026-07-04,completed,cod,3.99
2814,438,2024-11-23,completed,cod,0.76
2815,229,2025-07-06,completed,debit_card,10.57
2816,125,2026-04-07,completed,paypal,6.93
2817,405,2026-04-10,completed,upi,14.11
2818,335,2026-06-18,completed,cod,1.33
2819,129,2025-06-16,cancelled,paypal,13.15
2820,81,2024-10-27,completed,upi,9.44
2821,81,2026-02-04,returned,credit_card,12.71
2822,302,2026-03-29,completed,upi,3.18
2823,146,2026-04-02,completed,cod,6.2
2824,95,2025-06-17,cancelled,paypal,9.73
2825,239,2025-02-17,cancelled,debit_card,4.7
2826,404,2026-03-20,cancelled,upi,8.53
2827,113,2025-04-29,completed,debit_card,2.74
2828,48,2026-05-12,completed,paypal,5.3
2829,146,2026-01-25,cancelled,paypal,3.21
2830,405,2025-12-02,completed,debit_card,8.86
2831,327,2026-07-31,completed,paypal,13.39
2832,45,2025-12-12,returned,upi,13.47
2833,337,2025-07-11,cancelled,upi,6.87
2834,476,2026-04-25,completed,cod,9.51
2835,9,2026-07-05,completed,paypal,8.69
2836,290,2025-01-13,completed,debit_card,4.91
2837,420,2026-07-30,returned,debit_card,7.1
2838,91,2025-12-08,completed,paypal,9.57
2839,280,2025-04-14,cancelled,cod,5.94
2840,479,2026-07-13,returned,paypal,1.25
2841,336,2026-02-25,completed,cod,3.71
2842,380,2025-11-03,completed,upi,6.31
2843,427,2025-03-30,cancelled,upi,9.04
2844,477,2025-09-14,completed,upi,3.23
2845,125,2025-10-13,completed,credit_card,4.37
2846,86,2026-01-04,completed,debit_card,3.67
2847,396,2026-05-09,cancelled,paypal,5.98
2848,388,2025-01-03,completed,paypal,7.94
2849,223,2026-02-23,completed,credit_card,6.98
2850,69,2026-07-12,completed,cod,14.51
2851,24,2026-07-28,completed,cod,0.15
2852,192,2026-07-17,completed,debit_card,3.98
2853,350,2026-06-22,completed,debit_card,10.67
2854,289,2025-11-22,completed,debit_card,7.94
2855,384,2025-08-28,cancelled,upi,7.58
2856,407,2026-04-26,completed,cod,0.11
2857,227,2025-08-09,completed,debit_card,2.57
2858,312,2026-06-05,completed,credit_card,0.91
2859,164,2025-10-10,returned,paypal,6.19
2860,376,2026-03-26,returned,debit_card,14.94
2861,255,2025-01-28,cancelled,debit_card,6.82
2862,47,2026-04-08,completed,credit_card,12.4
2863,306,2024-12-06,completed,credit_card,2.68
2864,34,2026-02-01,cancelled,paypal,12.84
2865,440,2025-12-18,returned,upi,13.69
2866,325,2026-06-30,returned,credit_card,14.1
2867,356,2025-09-02,cancelled,upi,6.24
2868,138,2026-03-03,cancelled,credit_card,1.45
2869,49,2025-06-14,cancelled,paypal,4.97
2870,361,2026-03-10,completed,paypal,6.78
2871,98,2025-07-31,completed,cod,13.76
2872,312,2026-07-21,completed,debit_card,9.43
2873,458,2026-06-09,completed,cod,7.55
2874,300,2026-03-15,completed,paypal,10.84
2875,404,2024-08-10,cancelled,debit_card,5.0
2876,323,2025-08-14,completed,credit_card,6.17
2877,354,2026-06-09,completed,credit_card,5.62
2878,206,2024-11-09,returned,cod,6.29
2879,137,2025-02-28,completed,credit_card,11.1
2880,174,2024-11-04,returned,paypal,4.4
2881,122,2026-06-01,completed,paypal,1.12
2882,130,2026-02-03,completed,paypal,3.22
2883,484,2026-05-14,completed,cod,3.3
2884,455,2025-10-17,completed,paypal,4.86
2885,129,2025-10-04,completed,debit_card,11.14
2886,381,2026-04-29,cancelled,credit_card,10.88
2887,468,2025-08-18,returned,credit_card,5.79
2888,396,2025-10-26,cancelled,credit_card,5.25
2889,164,2025-07-20,completed,debit_card,1.22
2890,27,2025-07-16,cancelled,debit_card,8.37
2891,191,2024-02-15,cancelled,cod,5.93
2892,143,2026-03-25,completed,paypal,5.88
2893,361,2026-02-23,returned,cod,4.1
2894,392,2026-07-09,completed,cod,3.44
2895,228,2025-10-21,completed,upi,4.68
2896,112,2026-07-18,completed,cod,1.55
2897,434,2026-07-22,returned,credit_card,14.63
2898,324,2025-09-03,cancelled,credit_card,12.82
2899,88,2025-12-16,completed,credit_card,7.51
2900,430,2026-03-19,completed,cod,0.35
2901,257,2025-04-07,returned,debit_card,4.82
2902,233,2026-06-07,returned,paypal,0.57
2903,449,2025-11-08,returned,paypal,10.91
2904,382,2026-07-24,completed,upi,6.87
2905,141,2026-07-05,cancelled,paypal,13.16
2906,31,2026-07-28,completed,cod,5.09
2907,287,2025-08-17,completed,paypal,8.56
2908,213,2026-02-26,completed,upi,13.33
2909,483,2026-05-16,cancelled,debit_card,5.01
2910,204,2026-02-28,completed,paypal,13.28
2911,254,2025-06-26,cancelled,debit_card,7.82
2912,44,2025-09-03,completed,debit_card,3.03
2913,333,2025-09-23,completed,upi,9.79
2914,82,2025-12-05,completed,cod,3.6
2915,160,2026-02-27,completed,paypal,4.96
2916,57,2026-04-28,completed,debit_card,5.37
2917,196,2026-04-24,completed,cod,4.73
2918,354,2025-07-22,completed,credit_card,3.09
2919,383,2026-07-24,completed,upi,0.34
2920,324,2024-12-11,completed,paypal,12.22
2921,357,2026-06-29,returned,upi,3.74
2922,245,2025-08-07,completed,debit_card,10.0
2923,237,2026-07-04,completed,debit_card,5.61
2924,343,2026-07-08,returned,paypal,12.45
2925,362,2025-11-15,completed,upi,9.85
2926,133,2024-11-02,completed,debit_card,4.55
2927,131,2025-09-19,completed,credit_card,7.53
2928,481,2024-12-31,returned,debit_card,6.35
2929,358,2025-02-14,completed,paypal,9.99
2930,212,2024-05-01,completed,paypal,0.19
2931,91,2026-05-08,completed,paypal,9.71
2932,479,2026-06-07,completed,paypal,5.38
2933,299,2025-05-14,completed,cod,3.59
2934,292,2026-05-21,completed,credit_card,10.43
2935,107,2026-06-04,completed,upi,14.76
2936,77,2026-04-09,cancelled,cod,6.06
2937,247,2026-07-17,returned,cod,14.86
2938,254,2026-02-06,completed,paypal,10.63
2939,3,2024-12-27,completed,upi,4.22
2940,269,2026-06-04,completed,debit_card,12.18
2941,99,2026-07-15,cancelled,debit_card,5.22
2942,34,2024-03-14,completed,credit_card,12.57
2943,105,2026-06-07,completed,debit_card,4.63
2944,60,2026-02-24,returned,debit_card,0.19
2945,423,2026-04-24,returned,upi,14.5
2946,471,2026-06-18,completed,credit_card,1.41
2947,481,2025-06-19,cancelled,upi,5.77
2948,127,2025-04-08,cancelled,paypal,8.72
2949,340,2025-10-23,completed,credit_card,12.49
2950,129,2026-03-24,completed,debit_card,12.68
2951,190,2026-02-18,returned,upi,8.33
2952,278,2025-10-18,completed,cod,5.33
2953,212,2024-10-22,returned,credit_card,3.69
2954,212,2026-05-30,completed,debit_card,7.62
2955,138,2026-05-15,returned,credit_card,13.34
2956,399,2026-02-16,completed,paypal,11.11
2957,452,2025-09-17,returned,cod,12.66
2958,189,2026-01-17,cancelled,upi,7.73
2959,414,2025-02-21,completed,cod,11.7
2960,213,2025-08-25,completed,cod,11.63
2961,22,2026-07-26,cancelled,debit_card,0.01
2962,482,2026-05-20,completed,credit_card,2.37
2963,397,2025-07-19,returned,debit_card,14.8
2964,413,2025-01-10,completed,cod,6.12
2965,306,2024-11-01,returned,paypal,4.06
2966,83,2025-11-23,completed,credit_card,2.05
2967,27,2025-11-15,completed,credit_card,11.69
2968,344,2025-06-07,completed,upi,3.14
2969,294,2026-06-25,completed,cod,9.07
2970,272,2026-07-29,returned,upi,7.47
2971,323,2025-06-29,completed,credit_card,14.5
2972,423,2026-02-07,completed,cod,6.73
2973,437,2026-01-25,completed,upi,12.47
2974,112,2026-06-12,cancelled,paypal,4.35
2975,83,2026-05-26,returned,debit_card,9.5
2976,478,2024-11-18,returned,credit_card,8.26
2977,444,2025-08-12,completed,upi,7.64
2978,230,2026-05-15,cancelled,upi,1.07
2979,472,2025-04-02,returned,upi,4.79
2980,225,2025-12-15,returned,upi,1.66
2981,166,2026-03-20,cancelled,credit_card,2.84
2982,392,2026-01-23,completed,upi,10.79
2983,58,2026-06-12,completed,credit_card,11.43
2984,377,2026-04-11,cancelled,debit_card,11.81
2985,444,2026-03-19,completed,cod,8.17
2986,488,2026-03-26,completed,debit_card,13.83
2987,154,2025-11-10,completed,debit_card,4.18
2988,241,2026-05-31,completed,upi,2.89
2989,83,2026-06-08,returned,upi,8.7
2990,143,2026-07-05,returned,upi,11.28
2991,408,2026-06-15,completed,debit_card,10.86
2992,481,2025-12-23,completed,paypal,3.61
2993,134,2026-07-02,completed,credit_card,13.36
2994,98,2026-01-29,completed,cod,0.14
2995,76,2026-07-20,completed,credit_card,7.87
2996,492,2026-07-13,completed,paypal,6.57
2997,11,2025-07-17,completed,cod,6.59
2998,22,2025-12-25,cancelled,debit_card,11.16
2999,312,2026-04-06,returned,paypal,11.74
3000,349,2025-08-31,completed,credit_card,0.92
3001,394,2025-12-20,cancelled,debit_card,14.77
3002,38,2025-08-04,completed,cod,9.53
3003,219,2025-10-09,completed,upi,10.97
3004,10,2025-12-31,cancelled,paypal,9.19
3005,38,2026-07-15,completed,upi,5.83
3006,448,2025-10-16,completed,debit_card,13.45
3007,238,2026-07-27,completed,cod,7.74
3008,338,2025-07-13,completed,credit_card,12.61
3009,392,2025-12-05,completed,upi,8.62
3010,386,2026-07-30,returned,debit_card,2.35
3011,261,2026-06-24,completed,debit_card,1.66
3012,495,2024-12-31,completed,credit_card,7.16
3013,455,2025-11-30,completed,debit_card,0.81
3014,129,2026-01-12,cancelled,debit_card,11.82
3015,389,2026-01-05,cancelled,upi,5.32
3016,269,2026-03-08,completed,debit_card,14.78
3017,499,2025-07-11,completed,cod,12.82
3018,162,2025-01-28,returned,debit_card,13.67
3019,55,2025-03-06,cancelled,credit_card,7.27
3020,203,2025-11-03,cancelled,debit_card,7.18
3021,194,2026-04-01,completed,upi,3.95
3022,265,2026-07-26,completed,cod,9.59
3023,127,2025-11-05,completed,upi,0.27
3024,479,2026-04-09,completed,credit_card,6.41
3025,198,2026-04-12,completed,cod,12.45
3026,93,2026-05-29,returned,upi,13.19
3027,369,2026-01-09,cancelled,paypal,4.09
3028,35,2025-11-20,completed,paypal,12.34
3029,103,2026-06-11,completed,paypal,7.05
3030,220,2025-11-14,completed,debit_card,0.48
3031,233,2026-07-16,completed,upi,14.29
3032,440,2025-08-29,cancelled,cod,13.76
3033,497,2025-04-18,returned,credit_card,2.49
3034,327,2026-04-06,completed,credit_card,10.79
3035,407,2025-12-10,completed,upi,13.49
3036,12,2026-06-02,completed,upi,11.27
3037,376,2026-06-02,completed,upi,5.54
3038,442,2025-01-23,completed,upi,4.69
3039,300,2025-12-30,returned,debit_card,2.65
3040,422,2026-07-18,returned,debit_card,13.44
3041,229,2026-03-29,completed,cod,13.52
3042,332,2026-07-23,returned,credit_card,11.94
3043,149,2024-10-17,completed,paypal,0.92
3044,62,2025-01-05,completed,upi,10.23
3045,225,2025-11-15,completed,paypal,0.14
3046,281,2026-07-20,completed,upi,13.63
3047,127,2025-01-09,cancelled,debit_card,8.62
3048,423,2026-03-31,cancelled,upi,14.83
3049,340,2026-05-28,completed,upi,13.65
3050,48,2026-07-19,completed,debit_card,11.89
3051,225,2025-11-17,cancelled,paypal,4.3
3052,326,2026-05-01,completed,debit_card,9.41
3053,143,2026-02-28,completed,debit_card,10.52
3054,60,2025-09-06,cancelled,upi,12.86
3055,188,2026-04-13,completed,paypal,14.46
3056,253,2026-06-04,completed,credit_card,1.9
3057,204,2026-01-11,cancelled,debit_card,4.7
3058,96,2025-04-28,completed,credit_card,5.49
3059,172,2026-02-08,completed,debit_card,6.82
3060,331,2024-12-02,completed,cod,14.9
3061,164,2025-10-03,cancelled,paypal,3.72
3062,347,2026-03-06,completed,credit_card,1.61
3063,342,2025-12-19,completed,upi,7.73
3064,437,2026-04-15,completed,cod,1.81
3065,365,2025-09-15,completed,credit_card,8.29
3066,193,2025-04-27,completed,cod,10.81
3067,156,2026-04-26,completed,debit_card,14.41
3068,493,2026-06-23,cancelled,paypal,2.16
3069,269,2026-04-21,cancelled,debit_card,0.77
3070,3,2026-04-10,completed,credit_card,3.67
3071,222,2026-04-03,cancelled,paypal,7.43
3072,182,2026-03-13,returned,credit_card,3.17
3073,333,2025-06-12,cancelled,paypal,5.28
3074,458,2026-05-09,cancelled,upi,3.82
3075,430,2026-04-27,cancelled,paypal,4.81
3076,139,2025-08-19,completed,upi,7.72
3077,196,2026-04-12,completed,debit_card,5.56
3078,119,2026-03-07,completed,cod,3.09
3079,233,2025-09-07,completed,credit_card,6.31
3080,187,2026-01-27,completed,paypal,1.43
3081,377,2025-05-29,returned,upi,12.57
3082,27,2025-04-15,completed,credit_card,4.43
3083,365,2026-05-04,returned,paypal,9.67
3084,303,2026-03-20,returned,debit_card,2.01
3085,234,2026-06-18,completed,upi,10.12
3086,412,2026-07-17,returned,paypal,2.8
3087,159,2025-07-14,completed,debit_card,10.66
3088,393,2026-05-04,cancelled,cod,12.48
3089,340,2025-07-15,returned,paypal,6.71
3090,331,2025-01-06,completed,paypal,4.66
3091,341,2026-05-24,returned,paypal,6.17
3092,471,2025-08-30,completed,cod,4.88
3093,287,2025-09-23,cancelled,debit_card,3.44
3094,293,2025-03-27,completed,upi,10.12
3095,443,2024-11-07,completed,credit_card,8.25
3096,381,2025-05-21,completed,cod,12.25
3097,130,2026-06-28,completed,cod,10.49
3098,140,2025-12-01,completed,upi,12.87
3099,23,2025-05-29,completed,upi,1.86
3100,119,2026-06-06,cancelled,paypal,10.13
3101,25,2025-12-29,completed,credit_card,4.49
3102,296,2026-02-12,completed,upi,12.64
3103,62,2026-07-22,completed,paypal,11.52
3104,79,2025-05-01,completed,upi,13.95
3105,389,2025-10-26,completed,upi,2.64
3106,486,2026-06-04,cancelled,credit_card,2.75
3107,441,2025-11-17,completed,upi,10.47
3108,456,2026-07-18,completed,credit_card,0.92
3109,29,2026-06-17,returned,upi,13.05
3110,466,2026-05-31,completed,credit_card,3.07
3111,213,2025-08-06,completed,upi,13.83
3112,236,2026-06-24,completed,paypal,5.41
3113,482,2026-04-13,completed,credit_card,9.85
3114,11,2025-07-03,completed,debit_card,6.52
3115,321,2026-05-26,completed,cod,5.3
3116,453,2025-03-15,returned,paypal,8.35
3117,3,2026-07-09,completed,debit_card,8.2
3118,279,2025-09-07,returned,cod,7.47
3119,270,2025-10-16,cancelled,paypal,6.19
3120,6,2026-03-23,returned,paypal,10.89
3121,246,2025-01-14,cancelled,paypal,12.28
3122,272,2026-07-27,completed,credit_card,8.43
3123,416,2026-03-25,cancelled,upi,2.91
3124,142,2026-07-06,cancelled,debit_card,2.98
3125,1,2025-02-17,completed,upi,4.35
3126,243,2025-11-18,cancelled,credit_card,9.36
3127,59,2026-06-08,returned,credit_card,6.59
3128,271,2026-07-16,completed,cod,6.76
3129,410,2026-05-27,returned,cod,3.8
3130,174,2025-06-11,completed,upi,7.15
3131,234,2026-07-12,completed,upi,13.54
3132,388,2026-02-05,returned,upi,4.98
3133,166,2026-05-22,completed,paypal,4.3
3134,165,2025-11-14,completed,paypal,0.49
3135,120,2025-06-10,completed,upi,5.04
3136,478,2026-07-23,returned,cod,0.3
3137,323,2025-11-08,cancelled,cod,9.77
3138,14,2026-05-08,cancelled,cod,14.94
3139,205,2025-04-16,returned,credit_card,10.29
3140,119,2026-01-29,completed,upi,5.34
3141,180,2026-05-22,cancelled,credit_card,1.02
3142,18,2026-06-10,returned,paypal,0.11
3143,317,2026-07-20,completed,upi,7.82
3144,34,2026-05-20,completed,cod,1.6
3145,231,2026-05-16,returned,debit_card,1.67
3146,491,2025-10-11,completed,cod,3.24
3147,275,2026-02-13,cancelled,paypal,10.0
3148,247,2026-05-27,completed,cod,5.34
3149,484,2026-06-07,cancelled,upi,13.5
3150,353,2026-07-26,returned,cod,8.22
3151,167,2026-03-01,cancelled,debit_card,3.17
3152,482,2025-10-09,completed,paypal,1.28
3153,487,2026-06-04,returned,debit_card,1.75
3154,119,2026-03-22,completed,paypal,6.61
3155,486,2026-03-09,returned,cod,2.07
3156,124,2025-09-18,cancelled,paypal,11.09
3157,186,2026-07-19,returned,credit_card,7.27
3158,360,2026-03-04,returned,credit_card,11.56
3159,303,2026-07-22,returned,credit_card,4.1
3160,290,2026-04-02,returned,upi,3.16
3161,440,2026-06-27,returned,paypal,5.7
3162,50,2025-09-17,completed,credit_card,5.72
3163,444,2025-12-15,completed,upi,1.62
3164,144,2025-03-24,completed,cod,0.9
3165,458,2025-12-20,completed,upi,14.07
3166,45,2026-04-06,completed,credit_card,12.72
3167,338,2026-03-13,completed,cod,13.54
3168,23,2025-02-25,returned,cod,7.28
3169,461,2025-07-24,cancelled,upi,0.04
3170,356,2024-11-21,completed,paypal,2.87
3171,102,2025-07-24,cancelled,debit_card,12.47
3172,38,2026-05-14,completed,cod,10.01
3173,4,2025-08-24,cancelled,cod,7.55
3174,449,2026-03-28,completed,credit_card,6.58
3175,272,2026-07-27,completed,debit_card,6.1
3176,230,2026-05-26,cancelled,upi,4.37
3177,149,2024-12-01,returned,cod,2.91
3178,178,2026-06-14,completed,upi,6.13
3179,331,2026-04-09,completed,debit_card,0.48
3180,365,2025-12-17,completed,upi,6.75
3181,22,2026-07-21,completed,cod,10.21
3182,499,2026-05-18,completed,cod,0.24
3183,62,2026-02-15,completed,cod,7.93
3184,415,2025-01-28,completed,cod,12.05
3185,219,2025-09-05,returned,upi,12.69
3186,20,2024-10-27,cancelled,debit_card,12.15
3187,327,2026-04-16,completed,upi,14.43
3188,23,2025-08-09,completed,credit_card,0.91
3189,10,2026-05-29,completed,cod,13.26
3190,182,2025-05-03,cancelled,cod,5.93
3191,149,2024-04-13,cancelled,debit_card,7.07
3192,102,2026-03-04,completed,debit_card,9.29
3193,480,2025-03-06,cancelled,paypal,7.7
3194,117,2026-07-26,completed,paypal,14.09
3195,348,2025-04-20,completed,paypal,0.56
3196,121,2026-06-26,returned,cod,6.03
3197,139,2026-01-19,completed,upi,6.17
3198,125,2026-03-10,cancelled,paypal,0.58
3199,323,2025-07-04,completed,paypal,14.87
3200,43,2025-02-18,cancelled,credit_card,1.36
3201,199,2026-04-22,completed,upi,5.98
3202,463,2026-06-19,completed,debit_card,1.58
3203,230,2026-03-03,returned,cod,4.43
3204,459,2026-07-27,completed,credit_card,12.62
3205,214,2025-07-21,completed,cod,5.54
3206,96,2025-11-11,cancelled,upi,14.91
3207,381,2025-11-09,completed,debit_card,4.42
3208,42,2026-07-01,completed,cod,0.66
3209,406,2026-02-25,completed,debit_card,5.91
3210,320,2026-06-06,returned,credit_card,6.02
3211,81,2025-08-15,returned,paypal,14.91
3212,454,2025-10-18,completed,cod,13.37
3213,306,2025-09-20,completed,paypal,9.82
3214,15,2026-06-09,completed,debit_card,9.75
3215,65,2026-04-15,completed,cod,3.32
3216,84,2025-06-26,completed,paypal,7.05
3217,439,2025-07-09,cancelled,credit_card,10.64
3218,492,2026-07-22,completed,credit_card,3.8
3219,218,2025-02-20,completed,credit_card,11.95
3220,77,2026-01-29,completed,upi,5.86
3221,97,2026-04-24,completed,credit_card,14.2
3222,50,2025-04-15,cancelled,credit_card,13.97
3223,279,2026-02-17,completed,upi,8.03
3224,440,2025-07-05,completed,upi,4.6
3225,49,2026-01-20,cancelled,cod,11.58
3226,415,2026-03-11,completed,credit_card,3.81
3227,10,2025-12-20,completed,cod,4.91
3228,371,2026-06-03,completed,credit_card,8.98
3229,485,2026-04-22,returned,cod,9.53
3230,306,2025-10-16,completed,credit_card,12.19
3231,391,2025-02-08,completed,credit_card,6.91
3232,2,2025-12-14,returned,paypal,14.14
3233,90,2025-12-22,cancelled,debit_card,2.16
3234,52,2025-08-10,completed,credit_card,9.14
3235,58,2026-05-04,returned,upi,0.98
3236,353,2026-07-27,cancelled,upi,9.12
3237,492,2026-07-27,completed,debit_card,8.74
3238,53,2025-02-02,completed,debit_card,0.76
3239,191,2026-03-02,completed,debit_card,13.03
3240,374,2025-03-10,completed,debit_card,12.84
3241,128,2026-04-23,cancelled,credit_card,14.12
3242,87,2026-02-05,completed,credit_card,6.36
3243,474,2025-08-24,returned,paypal,4.05
3244,407,2025-09-30,cancelled,credit_card,10.07
3245,471,2026-01-19,completed,cod,7.78
3246,64,2026-04-06,completed,cod,12.17
3247,264,2026-07-23,completed,debit_card,6.97
3248,396,2025-02-12,cancelled,upi,6.24
3249,494,2026-06-25,completed,paypal,11.15
3250,106,2025-03-27,completed,paypal,10.28
3251,397,2025-06-13,cancelled,cod,9.47
3252,459,2024-08-14,completed,paypal,7.76
3253,50,2025-10-14,completed,paypal,6.73
3254,451,2025-12-04,completed,upi,14.18
3255,414,2026-05-03,returned,credit_card,1.94
3256,500,2026-04-12,completed,credit_card,13.81
3257,374,2026-02-01,completed,paypal,14.94
3258,475,2025-12-16,completed,credit_card,14.61
3259,60,2026-05-23,cancelled,upi,11.98
3260,378,2025-11-18,returned,credit_card,5.81
3261,7,2025-02-12,completed,credit_card,0.34
3262,88,2026-05-05,cancelled,credit_card,4.23
3263,241,2026-07-07,completed,credit_card,1.34
3264,290,2025-07-20,returned,credit_card,4.62
3265,445,2025-05-09,cancelled,paypal,1.07
3266,21,2025-09-16,completed,debit_card,1.82
3267,143,2026-05-20,returned,upi,4.24
3268,228,2026-01-30,completed,paypal,14.13
3269,368,2026-01-22,returned,credit_card,10.76
3270,339,2025-05-06,cancelled,paypal,12.76
3271,125,2026-01-06,cancelled,upi,6.27
3272,76,2025-12-12,completed,cod,1.49
3273,30,2026-05-27,returned,credit_card,8.82
3274,476,2026-07-17,completed,cod,11.9
3275,403,2025-10-08,returned,upi,7.27
3276,18,2026-05-02,cancelled,upi,14.17
3277,10,2025-12-21,completed,paypal,14.44
3278,190,2026-02-04,completed,upi,3.88
3279,483,2026-03-03,completed,debit_card,12.42
3280,400,2025-09-26,cancelled,debit_card,7.06
3281,481,2025-04-27,cancelled,upi,0.34
3282,449,2025-12-05,completed,cod,2.59
3283,115,2026-06-04,cancelled,upi,10.21
3284,58,2026-05-09,completed,upi,8.73
3285,89,2025-06-15,returned,debit_card,5.16
3286,219,2026-07-09,cancelled,cod,0.93
3287,378,2025-09-28,completed,debit_card,3.13
3288,145,2025-06-15,returned,credit_card,1.35
3289,462,2025-01-04,completed,debit_card,1.02
3290,237,2026-05-22,completed,paypal,6.52
3291,119,2025-11-27,completed,cod,14.28
3292,247,2026-05-23,completed,debit_card,7.95
3293,377,2025-09-29,completed,debit_card,13.11
3294,184,2025-10-09,completed,paypal,2.97
3295,489,2026-05-10,cancelled,upi,8.84
3296,88,2026-07-29,cancelled,upi,2.49
3297,361,2025-12-05,returned,upi,12.99
3298,264,2026-04-02,completed,credit_card,4.28
3299,398,2026-06-05,completed,debit_card,11.8
3300,271,2026-06-19,completed,cod,5.93
3301,41,2024-11-12,completed,paypal,7.67
3302,356,2024-09-03,completed,upi,4.13
3303,256,2025-10-24,completed,debit_card,14.16
3304,339,2025-04-16,returned,debit_card,6.21
3305,82,2026-03-14,completed,credit_card,6.24
3306,28,2024-09-12,completed,credit_card,14.64
3307,33,2026-07-05,completed,credit_card,14.35
3308,484,2026-02-20,returned,upi,0.87
3309,456,2026-07-02,cancelled,upi,9.1
3310,140,2025-12-07,completed,paypal,6.01
3311,57,2026-07-19,completed,paypal,13.2
3312,11,2025-04-11,returned,upi,10.07
3313,491,2025-03-17,completed,paypal,4.06
3314,75,2026-03-19,cancelled,credit_card,7.95
3315,23,2024-08-15,completed,credit_card,3.41
3316,211,2026-07-26,returned,cod,1.75
3317,335,2025-06-19,completed,upi,8.02
3318,384,2026-06-15,cancelled,upi,6.17
3319,129,2025-05-12,cancelled,credit_card,4.84
3320,8,2025-08-13,cancelled,paypal,11.37
3321,461,2026-05-02,cancelled,cod,3.76
3322,353,2026-06-27,returned,debit_card,11.98
3323,106,2024-12-11,returned,debit_card,1.66
3324,114,2025-12-07,cancelled,upi,13.67
3325,304,2025-09-12,completed,upi,9.42
3326,111,2025-10-09,completed,credit_card,12.9
3327,124,2026-01-24,completed,debit_card,13.52
3328,386,2026-07-19,cancelled,upi,2.28
3329,442,2025-10-09,returned,upi,2.82
3330,448,2025-12-06,completed,credit_card,12.08
3331,314,2026-02-23,returned,upi,12.29
3332,200,2025-02-26,returned,paypal,7.73
3333,221,2025-06-05,completed,paypal,12.55
3334,145,2025-12-21,returned,credit_card,9.53
3335,272,2026-07-31,completed,debit_card,12.73
3336,61,2025-11-14,returned,paypal,13.73
3337,158,2024-03-02,cancelled,debit_card,7.66
3338,432,2026-03-17,completed,credit_card,2.83
3339,262,2025-12-15,completed,credit_card,10.79
3340,326,2026-05-13,completed,cod,0.37
3341,66,2025-01-19,completed,upi,3.87
3342,170,2026-03-23,returned,cod,13.71
3343,397,2025-12-01,returned,cod,13.4
3344,105,2026-07-14,completed,upi,14.68
3345,425,2025-04-23,completed,upi,3.08
3346,114,2026-04-06,cancelled,cod,4.31
3347,355,2025-07-27,completed,paypal,13.52
3348,470,2025-12-21,cancelled,debit_card,11.85
3349,282,2026-06-21,cancelled,upi,11.72
3350,80,2026-01-07,completed,debit_card,10.37
3351,13,2026-02-20,completed,cod,13.75
3352,162,2026-01-31,returned,cod,6.28
3353,98,2025-04-14,returned,upi,0.44
3354,260,2026-02-27,cancelled,debit_card,6.06
3355,406,2025-09-01,returned,credit_card,13.13
3356,88,2026-03-18,cancelled,paypal,7.55
3357,231,2026-05-30,completed,debit_card,9.47
3358,227,2024-12-21,completed,credit_card,0.62
3359,287,2026-04-11,completed,cod,8.19
3360,409,2026-01-01,returned,debit_card,2.89
3361,111,2024-10-21,returned,credit_card,6.34
3362,328,2026-03-29,returned,upi,10.87
3363,269,2026-04-17,completed,debit_card,6.58
3364,403,2025-12-02,cancelled,cod,14.26
3365,366,2024-11-08,completed,debit_card,14.6
3366,174,2025-03-10,completed,paypal,7.21
3367,223,2024-10-16,completed,cod,4.63
3368,141,2026-07-14,cancelled,paypal,13.45
3369,151,2025-11-25,cancelled,debit_card,1.75
3370,135,2026-03-10,returned,upi,6.03
3371,83,2025-08-15,cancelled,upi,9.24
3372,161,2026-04-20,completed,debit_card,7.75
3373,80,2026-03-24,completed,upi,9.74
3374,284,2024-08-06,returned,paypal,3.01
3375,396,2025-07-10,cancelled,debit_card,7.22
3376,442,2025-07-09,cancelled,credit_card,8.78
3377,201,2025-10-09,returned,paypal,4.63
3378,205,2025-03-20,cancelled,paypal,12.93
3379,366,2025-01-01,completed,cod,8.56
3380,454,2025-05-09,completed,upi,0.89
3381,18,2026-02-06,cancelled,paypal,2.64
3382,352,2025-12-26,completed,paypal,14.6
3383,81,2026-03-24,completed,cod,13.16
3384,289,2026-06-11,completed,credit_card,3.9
3385,84,2026-07-20,returned,debit_card,11.44
3386,473,2026-07-23,completed,credit_card,13.65
3387,143,2026-04-06,completed,debit_card,3.42
3388,220,2025-07-08,completed,credit_card,4.42
3389,397,2025-09-03,completed,cod,11.93
3390,292,2026-04-20,completed,upi,9.54
3391,260,2025-09-20,returned,upi,14.54
3392,265,2026-07-24,completed,credit_card,5.14
3393,180,2026-03-04,completed,debit_card,4.3
3394,437,2025-06-20,completed,debit_card,8.86
3395,373,2025-11-18,completed,cod,2.45
3396,202,2025-03-01,completed,credit_card,14.58
3397,439,2025-03-27,cancelled,credit_card,9.33
3398,198,2026-07-24,completed,debit_card,6.66
3399,219,2026-02-17,cancelled,debit_card,0.05
3400,340,2025-01-17,completed,debit_card,9.3
3401,469,2025-04-20,cancelled,cod,2.3
3402,215,2026-01-03,completed,paypal,9.05
3403,37,2026-05-07,cancelled,cod,14.11
3404,460,2026-02-12,completed,cod,12.48
3405,185,2026-06-01,completed,debit_card,1.69
3406,23,2024-12-02,cancelled,cod,6.36
3407,333,2026-05-29,cancelled,debit_card,1.43
3408,428,2026-07-28,returned,debit_card,2.56
3409,100,2025-01-30,completed,paypal,2.45
3410,167,2025-12-06,returned,debit_card,10.99
3411,362,2026-02-25,completed,paypal,14.54
3412,39,2026-07-15,completed,upi,12.81
3413,228,2025-04-12,completed,credit_card,13.44
3414,16,2025-02-16,completed,cod,6.52
3415,143,2026-05-17,cancelled,upi,14.27
3416,207,2026-04-16,cancelled,credit_card,14.53
3417,201,2026-03-10,completed,paypal,6.8
3418,372,2024-11-15,returned,upi,7.2
3419,386,2026-07-30,completed,debit_card,3.65
3420,172,2026-02-09,cancelled,debit_card,12.55
3421,449,2025-11-30,completed,cod,8.95
3422,181,2024-08-15,cancelled,credit_card,12.88
3423,204,2025-11-22,completed,upi,12.71
3424,312,2026-05-25,completed,credit_card,8.92
3425,316,2026-04-24,completed,debit_card,2.24
3426,399,2026-01-27,cancelled,paypal,9.33
3427,366,2025-11-14,completed,paypal,3.86
3428,232,2026-07-31,completed,credit_card,0.98
3429,94,2026-03-02,cancelled,paypal,14.07
3430,41,2025-12-16,completed,credit_card,8.52
3431,210,2026-05-15,completed,upi,14.75
3432,452,2025-03-22,completed,credit_card,7.69
3433,414,2025-03-01,completed,paypal,13.54
3434,51,2026-04-24,completed,cod,3.82
3435,352,2025-06-09,cancelled,cod,8.95
3436,26,2026-06-24,returned,credit_card,13.39
3437,53,2026-03-22,cancelled,debit_card,12.53
3438,380,2026-04-20,completed,cod,2.3
3439,365,2026-07-01,completed,upi,2.65
3440,102,2025-06-23,completed,credit_card,11.2
3441,477,2026-04-27,cancelled,paypal,9.68
3442,495,2025-11-04,returned,debit_card,2.72
3443,109,2026-04-19,returned,debit_card,14.75
3444,260,2025-06-22,completed,cod,9.88
3445,124,2026-04-01,completed,credit_card,1.81
3446,319,2026-07-25,completed,paypal,12.09
3447,389,2025-12-28,returned,upi,3.63
3448,358,2025-06-14,completed,debit_card,8.53
3449,10,2025-11-14,cancelled,paypal,12.85
3450,457,2025-09-27,completed,upi,12.87
3451,81,2026-07-27,completed,cod,14.28
3452,276,2025-04-30,completed,upi,2.15
3453,11,2025-03-30,completed,paypal,2.97
3454,154,2026-04-06,completed,paypal,14.06
3455,301,2026-07-14,cancelled,credit_card,7.88
3456,401,2026-05-12,completed,cod,5.86
3457,413,2025-01-12,completed,credit_card,2.38
3458,144,2026-05-16,cancelled,paypal,10.15
3459,39,2025-09-26,cancelled,credit_card,13.74
3460,369,2025-08-06,returned,debit_card,1.06
3461,260,2025-10-03,cancelled,credit_card,11.25
3462,307,2025-10-26,cancelled,debit_card,4.74
3463,154,2024-04-26,completed,debit_card,4.79
3464,382,2026-01-12,completed,upi,0.39
3465,411,2026-07-06,completed,credit_card,12.61
3466,443,2026-01-15,completed,credit_card,10.73
3467,156,2025-10-18,returned,paypal,10.48
3468,496,2026-01-13,completed,upi,7.69
3469,237,2026-01-31,returned,credit_card,10.7
3470,355,2026-04-05,completed,upi,0.11
3471,69,2026-06-16,cancelled,cod,1.7
3472,126,2026-01-02,cancelled,paypal,7.89
3473,444,2026-02-07,completed,upi,1.34
3474,166,2026-01-08,completed,upi,13.01
3475,111,2026-06-20,cancelled,credit_card,2.65
3476,207,2025-09-11,cancelled,upi,2.14
3477,351,2025-03-27,completed,debit_card,14.41
3478,19,2025-06-27,returned,paypal,5.67
3479,450,2025-04-25,completed,paypal,1.51
3480,104,2026-07-17,returned,debit_card,4.4
3481,327,2025-10-20,completed,cod,9.48
3482,143,2026-02-17,completed,cod,1.52
3483,201,2025-06-21,cancelled,upi,5.41
3484,266,2026-05-10,completed,paypal,5.87
3485,296,2025-08-21,completed,paypal,7.66
3486,331,2026-07-17,completed,debit_card,3.2
3487,54,2025-12-17,returned,cod,13.97
3488,305,2026-04-24,cancelled,paypal,0.49
3489,11,2025-11-07,cancelled,credit_card,13.28
3490,376,2026-07-13,completed,upi,8.07
3491,117,2026-07-07,completed,debit_card,4.26
3492,173,2025-07-02,completed,paypal,5.45
3493,369,2026-02-25,completed,upi,2.94
3494,212,2025-10-27,completed,credit_card,14.31
3495,78,2025-06-02,cancelled,credit_card,6.6
3496,220,2024-02-27,completed,debit_card,5.45
3497,216,2024-07-24,completed,cod,0.42
3498,395,2025-12-06,completed,cod,2.47
3499,105,2026-06-19,returned,upi,9.28
3500,300,2026-01-05,completed,upi,14.28
3501,198,2026-04-15,cancelled,upi,5.64
3502,444,2025-11-23,completed,cod,8.71
3503,222,2026-01-29,completed,debit_card,7.81
3504,6,2026-04-24,completed,cod,11.42
3505,179,2025-12-28,returned,debit_card,12.14
3506,8,2026-02-09,cancelled,debit_card,13.34
3507,353,2026-06-26,returned,credit_card,11.02
3508,151,2025-08-14,completed,paypal,0.37
3509,60,2026-06-14,completed,paypal,6.2
3510,85,2025-12-18,completed,debit_card,14.45
3511,342,2025-11-08,completed,upi,6.08
3512,204,2026-07-18,completed,debit_card,14.24
3513,53,2026-03-16,completed,debit_card,10.21
3514,129,2026-03-19,completed,upi,3.74
3515,270,2025-08-29,completed,paypal,1.13
3516,64,2025-08-21,completed,paypal,6.92
3517,247,2026-04-20,completed,paypal,1.82
3518,33,2025-03-22,cancelled,cod,8.01
3519,64,2025-12-18,returned,paypal,7.11
3520,6,2026-07-02,returned,credit_card,13.35
3521,146,2026-04-01,completed,cod,7.9
3522,194,2026-03-26,returned,upi,3.26
3523,78,2026-07-08,completed,cod,11.17
3524,333,2025-08-17,completed,cod,11.81
3525,251,2025-10-12,completed,cod,2.77
3526,83,2026-04-28,cancelled,cod,1.55
3527,338,2026-04-22,completed,paypal,10.33
3528,468,2026-04-16,cancelled,cod,6.83
3529,307,2024-12-03,cancelled,debit_card,6.2
3530,247,2026-07-08,completed,debit_card,7.97
3531,291,2025-01-03,completed,cod,13.39
3532,218,2025-12-02,completed,debit_card,8.9
3533,485,2026-07-28,completed,credit_card,6.58
3534,27,2026-02-08,cancelled,cod,0.44
3535,455,2024-09-03,completed,cod,3.02
3536,332,2026-07-03,cancelled,credit_card,7.19
3537,13,2026-04-15,completed,cod,13.14
3538,185,2025-12-23,completed,credit_card,10.47
3539,400,2025-11-03,returned,paypal,5.3
3540,313,2026-05-27,completed,cod,3.51
3541,150,2025-08-31,returned,cod,13.56
3542,137,2025-01-19,completed,debit_card,5.27
3543,389,2025-11-03,completed,debit_card,6.57
3544,47,2025-11-30,completed,upi,9.16
3545,444,2026-02-28,returned,debit_card,9.37
3546,86,2026-04-12,cancelled,paypal,8.82
3547,230,2026-05-05,completed,paypal,7.12
3548,447,2026-07-28,completed,upi,3.15
3549,424,2025-09-21,cancelled,credit_card,9.9
3550,355,2025-06-26,completed,paypal,10.4
3551,318,2025-08-31,completed,upi,4.99
3552,93,2025-11-23,completed,paypal,2.92
3553,239,2026-05-18,completed,cod,8.34
3554,228,2025-07-24,completed,credit_card,2.07
3555,308,2026-07-10,completed,paypal,3.23
3556,406,2024-10-22,completed,paypal,4.96
3557,481,2025-07-30,completed,upi,9.61
3558,495,2025-01-07,completed,credit_card,3.54
3559,446,2026-04-18,cancelled,upi,3.27
3560,161,2026-05-08,cancelled,cod,14.73
3561,276,2025-09-25,completed,debit_card,8.4
3562,280,2026-05-06,returned,cod,14.85
3563,63,2025-09-21,completed,paypal,8.76
3564,140,2026-03-06,completed,upi,8.41
3565,236,2026-04-06,returned,upi,4.16
3566,447,2026-07-26,returned,credit_card,13.97
3567,487,2026-04-17,completed,cod,9.78
3568,55,2025-07-06,returned,cod,3.23
3569,126,2025-12-09,cancelled,upi,1.01
3570,116,2026-05-27,completed,cod,1.79
3571,410,2026-02-02,completed,paypal,10.27
3572,399,2026-02-21,completed,upi,4.45
3573,53,2025-04-03,completed,upi,5.7
3574,40,2026-07-02,completed,cod,9.24
3575,10,2026-05-08,completed,upi,4.82
3576,475,2024-05-25,returned,debit_card,13.15
3577,487,2026-05-27,completed,paypal,9.56
3578,48,2026-04-01,completed,upi,6.74
3579,138,2025-09-26,completed,upi,5.91
3580,34,2024-03-27,completed,credit_card,8.02
3581,343,2025-07-10,cancelled,paypal,12.4
3582,220,2026-03-20,completed,debit_card,12.27
3583,211,2025-10-21,completed,upi,3.9
3584,262,2026-07-20,returned,credit_card,13.39
3585,93,2025-09-08,cancelled,debit_card,12.44
3586,233,2026-07-09,completed,credit_card,3.67
3587,192,2026-06-14,completed,paypal,0.78
3588,31,2026-04-12,returned,credit_card,9.93
3589,169,2026-05-17,completed,debit_card,1.78
3590,300,2025-08-26,completed,credit_card,8.62
3591,8,2025-12-25,completed,cod,0.4
3592,375,2026-06-20,completed,debit_card,11.19
3593,187,2026-05-12,completed,paypal,14.09
3594,355,2025-08-21,completed,cod,3.64
3595,472,2025-05-04,returned,credit_card,10.18
3596,186,2026-07-29,returned,cod,4.39
3597,150,2025-09-15,cancelled,debit_card,10.04
3598,267,2025-12-16,completed,credit_card,11.92
3599,148,2026-02-08,returned,credit_card,9.49
3600,153,2026-01-07,completed,paypal,0.2
3601,388,2025-01-25,cancelled,upi,13.65
3602,248,2025-06-26,completed,upi,10.42
3603,70,2025-01-18,returned,debit_card,1.6
3604,326,2026-07-28,returned,debit_card,2.68
3605,365,2026-01-18,completed,credit_card,8.25
3606,285,2026-02-15,completed,upi,7.36
3607,243,2025-11-11,completed,upi,0.72
3608,131,2024-09-04,returned,credit_card,0.59
3609,32,2026-07-21,cancelled,paypal,6.97
3610,413,2026-04-11,completed,upi,9.43
3611,423,2026-07-12,returned,paypal,8.1
3612,136,2025-05-23,completed,paypal,9.18
3613,178,2025-08-19,returned,upi,12.07
3614,72,2025-12-09,completed,credit_card,7.07
3615,84,2025-07-26,cancelled,debit_card,14.73
3616,485,2026-06-30,completed,cod,14.0
3617,41,2025-01-29,completed,paypal,7.53
3618,65,2025-04-12,completed,debit_card,6.68
3619,468,2025-04-14,completed,credit_card,5.01
3620,274,2026-06-03,returned,upi,4.11
3621,282,2026-06-19,completed,debit_card,9.54
3622,299,2026-02-13,cancelled,upi,12.17
3623,115,2026-07-05,completed,debit_card,9.85
3624,371,2024-08-17,returned,paypal,10.69
3625,331,2025-01-29,completed,credit_card,9.31
3626,303,2026-05-09,completed,credit_card,5.42
3627,95,2026-03-11,returned,credit_card,4.81
3628,477,2025-12-11,completed,cod,3.07
3629,316,2026-01-26,completed,upi,2.17
3630,149,2024-11-04,completed,cod,6.11
3631,310,2026-07-10,returned,paypal,1.56
3632,270,2025-05-10,cancelled,debit_card,6.57
3633,267,2024-12-17,completed,cod,13.67
3634,472,2026-02-15,cancelled,paypal,10.73
3635,409,2026-01-31,completed,upi,8.89
3636,237,2026-01-15,completed,paypal,10.32
3637,365,2026-07-20,completed,credit_card,9.38
3638,213,2025-10-01,completed,cod,6.89
3639,24,2026-06-25,returned,debit_card,2.95
3640,97,2025-03-14,completed,paypal,1.62
3641,335,2025-08-04,completed,upi,12.97
3642,244,2024-07-10,completed,upi,14.69
3643,332,2026-06-26,completed,debit_card,12.41
3644,411,2025-08-04,completed,cod,9.53
3645,216,2024-09-29,completed,debit_card,12.32
3646,215,2025-10-06,cancelled,credit_card,14.81
3647,1,2025-07-22,completed,upi,8.07
3648,218,2025-12-01,completed,debit_card,3.08
3649,2,2025-10-30,cancelled,debit_card,9.29
3650,287,2025-10-31,completed,paypal,8.07
3651,287,2026-01-28,returned,upi,9.67
3652,397,2025-06-28,completed,paypal,5.45
3653,42,2026-06-30,returned,credit_card,5.25
3654,220,2025-06-07,returned,paypal,9.41
3655,169,2026-05-23,returned,credit_card,12.14
3656,301,2026-02-20,completed,credit_card,8.64
3657,377,2026-07-30,completed,upi,9.85
3658,327,2026-06-12,completed,paypal,6.85
3659,443,2025-01-23,completed,upi,4.82
3660,326,2026-06-01,returned,credit_card,10.53
3661,439,2025-08-02,completed,debit_card,4.4
3662,293,2025-12-29,completed,upi,13.44
3663,249,2026-01-30,completed,cod,7.19
3664,226,2026-02-10,returned,cod,0.44
3665,69,2026-06-14,completed,debit_card,2.92
3666,397,2025-05-15,returned,upi,5.67
3667,372,2025-09-05,cancelled,paypal,14.79
3668,181,2025-03-13,cancelled,paypal,5.11
3669,300,2025-10-16,returned,paypal,4.32
3670,358,2025-12-01,completed,credit_card,4.93
3671,54,2025-12-07,cancelled,credit_card,2.97
3672,98,2025-11-08,completed,paypal,1.15
3673,482,2025-11-19,cancelled,credit_card,12.45
3674,130,2026-07-20,completed,paypal,11.63
3675,236,2026-06-02,completed,paypal,7.85
3676,42,2026-07-17,returned,upi,9.52
3677,404,2024-04-01,completed,debit_card,9.95
3678,32,2026-07-14,returned,paypal,13.9
3679,254,2025-12-12,completed,upi,13.0
3680,298,2026-06-28,completed,credit_card,2.57
3681,91,2026-03-09,returned,credit_card,14.47
3682,470,2025-09-14,cancelled,debit_card,12.16
3683,29,2026-04-03,completed,credit_card,6.97
3684,493,2026-06-06,completed,upi,5.82
3685,126,2026-04-28,cancelled,paypal,1.11
3686,370,2026-06-01,completed,paypal,10.17
3687,196,2025-12-25,completed,credit_card,3.95
3688,370,2025-09-30,completed,paypal,9.83
3689,478,2025-01-09,completed,credit_card,11.46
3690,9,2026-04-29,completed,paypal,9.84
3691,407,2025-10-17,completed,paypal,5.49
3692,134,2024-12-09,returned,cod,11.67
3693,185,2026-01-07,completed,debit_card,13.61
3694,323,2025-12-10,completed,cod,10.11
3695,453,2025-11-17,completed,credit_card,6.82
3696,305,2026-07-16,returned,credit_card,9.68
3697,104,2026-07-19,completed,debit_card,0.63
3698,54,2024-05-20,cancelled,cod,7.04
3699,389,2026-01-10,completed,cod,1.18
3700,76,2025-07-11,completed,cod,5.97
3701,439,2025-06-30,completed,credit_card,10.74
3702,134,2026-06-03,returned,debit_card,2.56
3703,360,2026-01-14,completed,credit_card,1.45
3704,340,2024-10-14,completed,credit_card,9.61
3705,326,2026-06-10,cancelled,debit_card,8.83
3706,2,2026-06-05,completed,credit_card,9.63
3707,126,2026-02-21,cancelled,credit_card,1.93
3708,430,2026-01-15,cancelled,credit_card,7.35
3709,416,2026-05-15,returned,cod,7.06
3710,222,2026-02-10,returned,debit_card,2.49
3711,257,2025-03-14,completed,debit_card,3.26
3712,154,2024-04-27,completed,paypal,5.08
3713,227,2025-01-08,returned,cod,3.31
3714,356,2026-04-07,completed,debit_card,9.64
3715,330,2026-01-20,returned,credit_card,10.97
3716,261,2025-11-30,completed,upi,1.94
3717,287,2025-11-06,completed,cod,6.54
3718,381,2026-05-29,completed,paypal,8.22
3719,70,2025-05-15,cancelled,credit_card,11.19
3720,53,2025-03-12,completed,paypal,5.33
3721,332,2026-07-04,completed,credit_card,11.08
3722,102,2026-05-13,completed,credit_card,6.45
3723,31,2026-06-27,completed,upi,1.07
3724,312,2026-04-08,completed,upi,8.0
3725,373,2025-10-25,completed,debit_card,14.87
3726,225,2026-01-15,cancelled,credit_card,6.52
3727,269,2026-03-24,completed,credit_card,11.0
3728,497,2025-09-14,returned,credit_card,5.58
3729,36,2025-08-02,completed,upi,2.54
3730,89,2024-07-30,completed,cod,9.01
3731,29,2026-05-01,completed,debit_card,1.1
3732,46,2026-05-13,returned,cod,6.84
3733,60,2025-09-28,completed,paypal,7.84
3734,369,2025-07-16,cancelled,upi,0.78
3735,54,2025-03-20,completed,credit_card,1.19
3736,19,2025-09-18,completed,upi,14.45
3737,448,2026-03-30,completed,paypal,5.22
3738,103,2026-07-12,completed,debit_card,2.18
3739,265,2026-02-15,completed,cod,6.43
3740,362,2025-11-08,completed,credit_card,12.17
3741,461,2025-12-07,completed,paypal,10.65
3742,170,2025-09-07,completed,upi,6.4
3743,305,2026-07-28,cancelled,upi,13.41
3744,10,2026-06-14,cancelled,upi,7.47
3745,184,2025-10-28,completed,debit_card,11.14
3746,92,2026-05-07,returned,debit_card,10.08
3747,416,2025-08-09,completed,debit_card,5.72
3748,123,2026-04-05,completed,cod,2.71
3749,418,2026-07-22,returned,paypal,0.66
3750,19,2025-07-25,completed,cod,0.8
3751,25,2026-07-14,returned,credit_card,5.27
3752,35,2026-07-25,completed,paypal,3.17
3753,7,2025-07-05,returned,cod,9.15
3754,298,2025-05-14,returned,credit_card,11.13
3755,429,2024-08-20,cancelled,upi,4.19
3756,225,2025-09-26,completed,credit_card,14.54
3757,253,2026-06-13,completed,credit_card,4.99
3758,465,2025-01-27,returned,credit_card,3.19
3759,455,2025-02-11,completed,paypal,9.92
3760,23,2026-07-30,completed,debit_card,7.39
3761,2,2026-01-01,completed,credit_card,7.54
3762,306,2026-07-18,completed,cod,6.96
3763,160,2025-11-26,returned,credit_card,4.21
3764,221,2025-06-27,completed,paypal,4.03
3765,382,2026-01-15,returned,paypal,12.77
3766,448,2026-06-02,returned,debit_card,12.75
3767,402,2026-07-27,completed,paypal,3.83
3768,497,2025-01-24,returned,paypal,6.58
3769,386,2026-07-21,completed,cod,10.73
3770,480,2025-05-04,completed,debit_card,4.43
3771,500,2026-07-21,completed,credit_card,11.33
3772,163,2025-06-30,returned,upi,7.53
3773,216,2025-01-19,returned,debit_card,11.33
3774,338,2025-11-30,completed,paypal,0.27
3775,130,2025-11-30,cancelled,cod,11.33
3776,40,2025-07-02,completed,credit_card,7.19
3777,184,2025-10-17,returned,debit_card,13.68
3778,311,2026-02-17,completed,cod,14.88
3779,267,2024-12-29,completed,upi,11.29
3780,421,2025-03-02,returned,paypal,12.39
3781,261,2026-04-04,cancelled,upi,13.01
3782,465,2026-04-22,cancelled,credit_card,9.78
3783,183,2026-07-23,completed,upi,11.02
3784,141,2026-07-01,completed,paypal,9.79
3785,31,2026-07-14,cancelled,credit_card,3.91
3786,423,2026-01-25,completed,upi,10.15
3787,65,2026-04-09,returned,debit_card,9.39
3788,59,2026-02-22,cancelled,paypal,9.88
3789,332,2026-05-13,cancelled,paypal,11.96
3790,129,2025-09-01,completed,credit_card,3.52
3791,205,2025-09-08,completed,debit_card,10.29
3792,484,2026-04-21,cancelled,upi,11.59
3793,354,2025-12-07,completed,paypal,9.77
3794,139,2025-05-06,completed,credit_card,2.34
3795,371,2026-05-04,returned,cod,9.54
3796,103,2026-06-11,completed,upi,2.48
3797,456,2026-07-19,completed,upi,2.35
3798,358,2025-08-25,completed,cod,10.36
3799,444,2026-07-21,completed,upi,2.54
3800,238,2026-07-15,completed,debit_card,3.86
3801,341,2026-07-13,completed,upi,9.15
3802,402,2026-07-22,completed,paypal,11.38
3803,66,2025-10-16,cancelled,credit_card,14.46
3804,290,2025-07-24,completed,upi,1.38
3805,50,2025-10-14,completed,paypal,3.66
3806,5,2026-07-21,completed,paypal,3.67
3807,486,2025-03-25,cancelled,upi,4.91
3808,185,2025-11-06,returned,debit_card,5.55
3809,473,2026-07-21,completed,paypal,5.56
3810,257,2025-07-02,completed,upi,9.49
3811,385,2026-01-03,cancelled,upi,11.42
3812,425,2025-06-15,completed,upi,3.94
3813,461,2025-07-20,completed,cod,8.69
3814,71,2025-03-02,completed,cod,2.27
3815,219,2025-10-09,cancelled,cod,14.81
3816,18,2026-04-02,completed,paypal,10.91
3817,357,2025-08-22,cancelled,cod,0.25
3818,1,2025-08-17,cancelled,paypal,2.94
3819,466,2026-05-11,completed,cod,4.99
3820,195,2025-01-26,completed,upi,9.65
3821,204,2025-11-07,returned,credit_card,13.35
3822,388,2024-10-01,completed,debit_card,14.85
3823,65,2025-03-09,completed,cod,6.21
3824,104,2026-07-29,completed,paypal,3.31
3825,254,2025-04-13,completed,upi,4.14
3826,368,2025-12-31,completed,paypal,13.38
3827,330,2025-03-28,cancelled,upi,7.46
3828,38,2026-07-24,returned,paypal,10.15
3829,264,2026-04-26,completed,cod,12.43
3830,232,2026-07-07,completed,credit_card,2.3
3831,32,2026-07-24,completed,cod,6.88
3832,52,2025-06-03,cancelled,credit_card,7.41
3833,264,2026-06-20,completed,credit_card,10.86
3834,448,2026-07-24,returned,paypal,10.18
3835,166,2026-07-26,completed,upi,1.17
3836,98,2025-07-11,completed,paypal,2.18
3837,497,2025-07-19,completed,paypal,11.25
3838,176,2026-07-28,completed,upi,12.2
3839,289,2025-10-28,returned,credit_card,13.75
3840,85,2025-03-18,completed,credit_card,1.84
3841,259,2026-04-30,completed,paypal,3.61
3842,309,2026-07-16,completed,paypal,14.72
3843,79,2025-04-14,cancelled,upi,2.69
3844,240,2025-03-30,completed,credit_card,12.49
3845,174,2025-01-16,completed,cod,4.68
3846,71,2025-05-21,cancelled,debit_card,1.92
3847,274,2026-04-19,completed,credit_card,13.37
3848,252,2025-07-03,completed,debit_card,1.6
3849,453,2025-03-24,completed,credit_card,3.29
3850,34,2024-12-26,cancelled,paypal,12.49
3851,348,2024-11-21,completed,paypal,9.96
3852,479,2026-06-25,cancelled,cod,8.76
3853,8,2026-02-17,cancelled,paypal,9.27
3854,58,2026-02-26,returned,paypal,7.49
3855,95,2025-01-06,completed,credit_card,0.99
3856,333,2026-04-24,completed,debit_card,11.46
3857,109,2026-03-11,cancelled,credit_card,6.47
3858,310,2026-07-20,completed,credit_card,1.77
3859,206,2024-05-28,completed,upi,4.52
3860,409,2026-05-02,returned,paypal,10.67
3861,331,2026-02-25,completed,credit_card,13.33
3862,261,2026-07-02,completed,debit_card,4.14
3863,147,2026-06-04,returned,upi,11.79
3864,113,2024-11-24,cancelled,upi,4.32
3865,265,2026-05-11,completed,paypal,6.23
3866,393,2026-06-24,completed,paypal,9.93
3867,496,2025-08-24,completed,credit_card,1.07
3868,493,2026-05-29,returned,debit_card,1.63
3869,27,2026-01-16,completed,paypal,11.82
3870,273,2026-03-01,cancelled,paypal,2.34
3871,79,2024-06-03,completed,debit_card,0.77
3872,464,2026-03-05,cancelled,credit_card,6.86
3873,487,2026-05-17,cancelled,debit_card,5.61
3874,499,2025-08-11,returned,paypal,5.85
3875,267,2025-05-27,completed,paypal,1.9
3876,207,2025-09-10,completed,credit_card,14.21
3877,303,2026-03-08,returned,upi,0.41
3878,24,2026-05-03,completed,credit_card,11.85
3879,87,2026-02-16,completed,cod,7.0
3880,201,2026-07-07,cancelled,cod,6.75
3881,106,2025-01-03,completed,debit_card,10.31
3882,269,2026-03-11,cancelled,debit_card,9.44
3883,87,2026-04-22,completed,upi,10.86
3884,68,2026-04-16,completed,upi,1.16
3885,389,2026-03-15,completed,paypal,1.24
3886,251,2025-11-08,completed,debit_card,9.27
3887,141,2026-06-24,completed,paypal,14.73
3888,164,2026-02-05,completed,debit_card,12.92
3889,365,2025-11-29,cancelled,debit_card,11.95
3890,283,2025-11-29,completed,upi,14.5
3891,267,2026-02-24,completed,upi,6.49
3892,262,2025-08-06,cancelled,credit_card,5.28
3893,123,2024-08-26,completed,credit_card,2.8
3894,210,2026-05-20,completed,paypal,7.06
3895,19,2025-04-09,completed,upi,12.03
3896,424,2026-05-11,completed,cod,2.63
3897,293,2024-12-20,completed,debit_card,7.48
3898,348,2026-02-18,completed,cod,1.28
3899,274,2026-06-22,completed,paypal,0.29
3900,138,2026-06-20,completed,paypal,12.44
3901,251,2025-07-12,completed,upi,2.69
3902,26,2026-04-01,cancelled,cod,12.98
3903,186,2026-07-12,completed,upi,5.07
3904,205,2025-05-03,completed,cod,11.75
3905,218,2025-07-06,completed,paypal,12.42
3906,34,2026-02-07,completed,cod,1.29
3907,294,2026-02-13,returned,credit_card,8.06
3908,452,2026-03-23,completed,paypal,9.3
3909,54,2025-02-02,completed,upi,10.0
3910,102,2025-07-12,cancelled,upi,7.04
3911,155,2024-11-15,completed,cod,12.62
3912,132,2026-05-04,completed,credit_card,6.81
3913,476,2025-11-13,returned,debit_card,10.93
3914,107,2025-09-06,completed,debit_card,4.77
3915,118,2026-01-20,completed,paypal,6.69
3916,134,2024-12-11,completed,cod,14.18
3917,293,2024-06-12,completed,credit_card,5.97
3918,489,2026-06-12,completed,cod,9.96
3919,52,2025-04-21,completed,cod,14.5
3920,239,2026-03-12,completed,upi,1.23
3921,140,2026-01-13,completed,upi,10.23
3922,386,2026-07-31,completed,debit_card,12.07
3923,1,2026-06-25,cancelled,cod,11.54
3924,46,2026-06-16,completed,cod,2.93
3925,8,2025-08-31,returned,debit_card,9.57
3926,430,2025-12-15,cancelled,credit_card,4.42
3927,433,2025-09-01,cancelled,paypal,4.22
3928,181,2025-07-25,completed,upi,10.16
3929,165,2024-10-11,returned,cod,2.79
3930,318,2025-08-06,cancelled,cod,3.24
3931,311,2026-01-15,cancelled,upi,3.71
3932,250,2026-03-11,cancelled,debit_card,6.31
3933,60,2026-07-02,cancelled,paypal,12.92
3934,341,2026-07-11,returned,cod,5.05
3935,411,2025-04-25,returned,cod,10.97
3936,229,2025-10-24,completed,cod,4.49
3937,82,2025-12-07,completed,paypal,4.65
3938,432,2026-03-27,completed,paypal,13.65
3939,11,2025-08-17,completed,paypal,13.81
3940,15,2026-06-10,completed,credit_card,9.32
3941,186,2026-07-10,completed,credit_card,10.68
3942,79,2025-12-08,completed,debit_card,0.79
3943,15,2026-04-21,completed,cod,10.32
3944,226,2026-03-14,cancelled,debit_card,9.25
3945,165,2024-09-06,completed,upi,7.56
3946,101,2026-07-14,completed,cod,8.16
3947,103,2026-05-16,returned,debit_card,4.42
3948,339,2025-03-11,completed,cod,0.62
3949,453,2025-05-21,completed,paypal,10.77
3950,281,2026-03-19,completed,cod,2.39
3951,326,2026-07-03,returned,credit_card,10.13
3952,474,2025-01-18,returned,cod,3.61
3953,401,2025-10-10,cancelled,paypal,4.06
3954,336,2026-06-19,completed,paypal,4.38
3955,81,2025-06-14,returned,paypal,14.52
3956,39,2024-11-25,completed,credit_card,9.11
3957,296,2026-03-06,completed,credit_card,5.74
3958,343,2025-05-05,completed,paypal,8.65
3959,1,2026-07-13,completed,paypal,10.18
3960,229,2024-12-11,completed,paypal,1.57
3961,460,2026-06-17,returned,cod,3.62
3962,4,2026-07-21,completed,credit_card,10.85
3963,77,2026-05-20,completed,cod,5.12
3964,311,2025-12-27,completed,debit_card,10.53
3965,224,2026-04-13,returned,cod,2.61
3966,107,2025-05-18,completed,paypal,8.66
3967,82,2025-12-03,returned,debit_card,8.97
3968,153,2025-08-26,completed,debit_card,11.42
3969,220,2024-12-29,cancelled,upi,6.27
3970,288,2026-07-20,completed,credit_card,5.94
3971,432,2026-02-25,cancelled,cod,6.85
3972,435,2026-07-30,returned,credit_card,11.78
3973,260,2026-03-21,completed,cod,5.57
3974,328,2026-05-02,completed,paypal,2.62
3975,419,2026-01-22,completed,upi,14.69
3976,50,2025-07-06,returned,upi,3.95
3977,280,2026-01-10,completed,debit_card,4.97
3978,69,2026-07-17,cancelled,paypal,1.19
3979,281,2026-03-03,cancelled,paypal,11.31
3980,278,2025-10-24,completed,credit_card,4.72
3981,385,2026-05-15,completed,cod,9.82
3982,267,2025-04-10,completed,paypal,5.36
3983,46,2026-07-29,completed,cod,9.41
3984,192,2026-02-19,completed,paypal,14.89
3985,105,2026-07-05,completed,upi,11.39
3986,402,2026-07-12,cancelled,credit_card,14.8
3987,278,2024-11-02,returned,debit_card,5.7
3988,213,2026-04-03,completed,paypal,5.83
3989,218,2024-08-31,completed,credit_card,2.55
3990,391,2025-06-28,completed,cod,10.63
3991,178,2026-04-02,completed,debit_card,7.15
3992,265,2025-02-23,completed,credit_card,10.81
3993,104,2026-07-18,completed,debit_card,2.5
3994,343,2025-12-03,completed,debit_card,7.35
3995,346,2025-09-07,completed,credit_card,12.46
3996,417,2026-07-30,completed,paypal,1.68
3997,149,2024-07-24,completed,cod,8.87
3998,151,2025-03-22,completed,paypal,11.47
3999,142,2026-01-01,completed,credit_card,3.36
4000,342,2026-06-18,returned,debit_card,4.98
