order_item_id,order_id,product_id,quantity,unit_price,discount_pct
1,1,29,3,419.43,0
2,1,54,3,190.46,0
3,1,106,1,440.12,10
4,1,48,1,242.0,10
5,2,52,1,116.82,5
6,3,2,3,238.98,0
7,3,38,3,194.29,15
8,3,80,2,139.42,5
9,3,48,4,242.0,20
10,4,4,2,316.2,10
11,4,45,1,311.48,0
12,4,1,4,280.02,20
13,4,95,3,288.16,0
14,5,19,3,92.09,0
15,6,59,1,124.17,10
16,6,13,2,113.52,15
17,6,105,4,250.51,0
18,7,31,3,171.33,0
19,7,109,3,321.5,20
20,8,10,2,474.27,0
21,8,100,1,269.62,0
22,9,69,3,219.76,20
23,10,12,2,147.52,20
24,11,19,1,92.09,15
25,11,32,3,295.23,5
26,11,66,1,318.4,15
27,12,72,2,461.17,0
28,12,60,1,416.86,20
29,12,102,2,47.26,0
30,12,2,1,238.98,20
31,13,88,1,263.55,10
32,13,76,3,273.29,20
33,13,10,1,474.27,0
34,14,16,1,293.65,5
35,14,7,2,171.07,10
36,14,56,4,34.57,5
37,15,36,3,496.08,5
38,15,114,2,332.05,0
39,16,53,4,240.08,0
40,16,12,3,147.52,5
41,16,18,4,561.44,0
42,16,83,2,26.63,15
43,17,45,3,311.48,5
44,17,35,2,76.91,0
45,17,41,2,605.42,0
46,17,115,3,194.63,0
47,18,21,1,205.02,0
48,18,85,2,353.3,0
49,19,46,2,401.52,0
50,19,31,3,171.33,20
51,19,95,3,288.16,10
52,19,4,3,316.2,10
53,20,70,3,307.09,0
54,20,63,1,37.78,0
55,20,8,2,335.09,10
56,20,29,1,419.43,10
57,21,44,2,271.84,20
58,21,109,3,321.5,0
59,22,111,3,311.09,0
60,22,48,4,242.0,10
61,22,13,3,113.52,0
62,22,42,2,300.8,0
63,22,94,4,22.69,20
64,23,89,3,633.88,0
65,23,86,2,475.84,5
66,23,40,3,88.88,0
67,23,23,1,153.55,15
68,23,74,4,211.18,20
69,24,29,1,419.43,5
70,24,19,3,92.09,15
71,24,10,2,474.27,0
72,24,41,2,605.42,15
73,24,114,1,332.05,20
74,25,32,1,295.23,0
75,25,33,1,131.4,15
76,26,114,4,332.05,5
77,26,113,4,46.28,0
78,27,84,2,121.13,0
79,27,58,1,175.82,20
80,27,109,1,321.5,0
81,27,3,3,232.11,0
82,27,14,1,182.82,0
83,28,44,4,271.84,15
84,29,7,1,171.07,0
85,29,27,2,326.68,5
86,30,31,1,171.33,0
87,30,51,4,515.68,0
88,30,7,3,171.07,0
89,31,4,2,316.2,0
90,32,101,4,433.8,5
91,32,63,3,37.78,0
92,32,83,4,26.63,0
93,33,57,4,20.94,0
94,33,29,3,419.43,10
95,33,8,2,335.09,20
96,34,53,2,240.08,10
97,34,8,4,335.09,20
98,34,67,4,14.91,10
99,34,88,4,263.55,10
100,34,113,2,46.28,5
101,35,103,2,433.62,0
102,35,97,4,52.27,0
103,35,22,2,359.3,20
104,35,25,2,234.35,0
105,35,55,1,499.98,15
106,36,12,4,147.52,10
107,37,101,4,433.8,0
108,38,119,1,338.66,10
109,39,34,4,478.97,15
110,39,63,4,37.78,0
111,39,23,3,153.55,5
112,39,19,4,92.09,0
113,40,115,3,194.63,0
114,40,44,3,271.84,0
115,40,36,4,496.08,20
116,41,100,3,269.62,0
117,41,94,4,22.69,10
118,41,83,1,26.63,0
119,41,57,2,20.94,20
120,42,66,2,318.4,0
121,43,113,1,46.28,0
122,43,25,2,234.35,20
123,43,8,2,335.09,0
124,43,59,1,124.17,0
125,43,91,2,215.97,0
126,44,88,1,263.55,0
127,45,76,3,273.29,0
128,45,21,3,205.02,15
129,45,107,1,12.44,0
130,45,4,4,316.2,0
131,46,35,4,76.91,10
132,46,3,1,232.11,5
133,47,33,3,131.4,15
134,47,91,3,215.97,5
135,48,39,4,375.26,10
136,48,14,1,182.82,10
137,48,85,3,353.3,10
138,48,83,3,26.63,0
139,49,82,3,336.12,20
140,49,36,3,496.08,15
141,49,92,3,571.21,0
142,50,52,3,116.82,15
143,50,18,1,561.44,15
144,50,64,3,181.91,0
145,50,117,4,512.54,5
146,50,50,1,377.83,10
147,51,88,4,263.55,15
148,51,46,3,401.52,20
149,52,93,2,233.96,15
150,52,116,3,78.18,15
151,52,12,2,147.52,0
152,53,48,3,242.0,10
153,53,38,4,194.29,20
154,53,16,4,293.65,0
155,54,61,2,52.86,10
156,55,112,2,175.1,0
157,56,19,3,92.09,20
158,56,92,2,571.21,20
159,56,11,4,505.42,0
160,56,81,2,297.3,0
161,57,74,2,211.18,5
162,57,101,1,433.8,0
163,58,50,1,377.83,0
164,58,69,2,219.76,15
165,58,48,1,242.0,0
166,58,97,2,52.27,0
167,59,40,2,88.88,0
168,59,50,3,377.83,0
169,59,9,1,221.84,0
170,60,56,2,34.57,0
171,60,116,4,78.18,0
172,60,97,2,52.27,0
173,61,28,1,364.04,10
174,61,65,2,9.2,0
175,62,99,1,231.08,10
176,62,7,1,171.07,15
177,62,108,1,115.07,0
178,63,33,4,131.4,15
179,63,20,2,219.02,15
180,63,88,1,263.55,0
181,63,54,1,190.46,15
182,63,67,3,14.91,10
183,64,66,1,318.4,0
184,65,100,3,269.62,20
185,65,67,2,14.91,0
186,66,117,2,512.54,15
187,66,120,4,237.11,0
188,66,31,1,171.33,0
189,66,86,1,475.84,0
190,67,10,1,474.27,0
191,67,83,2,26.63,5
192,67,38,3,194.29,5
193,67,7,1,171.07,20
194,67,23,1,153.55,20
195,68,109,1,321.5,0
196,69,80,3,139.42,15
197,69,12,3,147.52,20
198,69,44,2,271.84,0
199,69,52,4,116.82,5
200,70,15,2,225.59,15
201,70,93,1,233.96,20
202,71,87,4,211.61,0
203,71,79,4,294.44,20
204,71,46,1,401.52,20
205,71,88,2,263.55,5
206,71,118,4,127.24,0
207,72,2,2,238.98,15
208,72,112,3,175.1,10
209,72,67,1,14.91,5
210,73,20,1,219.02,0
211,73,83,2,26.63,10
212,73,109,4,321.5,20
213,73,64,2,181.91,0
214,74,7,2,171.07,10
215,74,83,4,26.63,5
216,74,105,2,250.51,0
217,75,58,3,175.82,0
218,75,64,1,181.91,0
219,75,52,4,116.82,0
220,75,72,1,461.17,20
221,76,72,2,461.17,15
222,76,86,4,475.84,0
223,76,47,1,244.56,20
224,76,29,4,419.43,0
225,76,72,4,461.17,15
226,77,1,3,280.02,0
227,77,107,3,12.44,10
228,78,18,4,561.44,0
229,78,33,2,131.4,0
230,78,16,4,293.65,0
231,78,59,2,124.17,15
232,79,16,4,293.65,5
233,79,85,2,353.3,5
234,79,1,1,280.02,10
235,79,120,4,237.11,20
236,79,75,4,86.31,10
237,80,14,4,182.82,15
238,80,77,3,317.11,10
239,81,36,4,496.08,0
240,81,38,4,194.29,20
241,82,39,3,375.26,15
242,82,95,2,288.16,0
243,82,27,3,326.68,15
244,82,45,2,311.48,15
245,82,84,2,121.13,10
246,83,62,4,242.39,15
247,83,96,3,388.87,20
248,83,55,1,499.98,10
249,83,14,1,182.82,5
250,83,19,1,92.09,15
251,84,19,1,92.09,15
252,84,101,3,433.8,0
253,84,97,1,52.27,0
254,85,111,2,311.09,15
255,85,83,4,26.63,0
256,85,66,3,318.4,15
257,85,86,1,475.84,5
258,85,50,4,377.83,20
259,86,26,4,150.31,20
260,86,29,3,419.43,20
261,86,76,2,273.29,20
262,87,24,2,425.71,15
263,88,34,2,478.97,0
264,88,75,3,86.31,0
265,88,43,4,439.52,15
266,88,120,2,237.11,0
267,88,20,3,219.02,10
268,89,101,3,433.8,10
269,90,54,4,190.46,0
270,90,45,2,311.48,0
271,91,68,4,498.16,10
272,91,106,1,440.12,0
273,91,86,3,475.84,5
274,91,31,2,171.33,0
275,91,88,3,263.55,5
276,92,4,3,316.2,10
277,92,103,4,433.62,5
278,92,6,3,166.81,15
279,93,99,1,231.08,15
280,93,9,2,221.84,15
281,94,69,4,219.76,15
282,94,105,1,250.51,15
283,95,12,1,147.52,0
284,96,117,3,512.54,5
285,96,50,4,377.83,15
286,97,69,1,219.76,15
287,98,46,1,401.52,0
288,99,49,4,538.98,20
289,99,85,1,353.3,5
290,99,21,2,205.02,0
291,99,96,4,388.87,20
292,100,2,2,238.98,0
293,100,6,1,166.81,10
294,100,77,4,317.11,10
295,101,28,4,364.04,15
296,101,109,2,321.5,0
297,101,24,2,425.71,10
298,102,110,1,76.72,20
299,102,97,4,52.27,15
300,102,71,1,178.01,0
301,102,86,1,475.84,0
302,102,13,2,113.52,15
303,103,13,3,113.52,10
304,103,9,2,221.84,0
305,104,20,3,219.02,20
306,104,41,4,605.42,0
307,104,1,3,280.02,0
308,104,101,2,433.8,15
309,104,95,4,288.16,0
310,105,58,3,175.82,20
311,105,40,4,88.88,10
312,105,14,2,182.82,15
313,105,78,1,42.51,20
314,106,94,1,22.69,0
315,107,28,1,364.04,10
316,107,34,4,478.97,15
317,107,100,2,269.62,0
318,107,51,2,515.68,20
319,107,76,3,273.29,0
320,108,2,2,238.98,20
321,108,104,2,51.46,20
322,108,66,2,318.4,5
323,108,21,2,205.02,10
324,108,73,2,370.92,15
325,109,30,1,204.15,0
326,109,48,2,242.0,0
327,109,86,2,475.84,10
328,109,117,3,512.54,5
329,110,14,3,182.82,20
330,110,95,3,288.16,10
331,110,70,2,307.09,5
332,111,67,3,14.91,5
333,112,63,4,37.78,10
334,112,1,2,280.02,5
335,112,22,2,359.3,0
336,113,78,1,42.51,15
337,113,30,4,204.15,20
338,113,43,1,439.52,5
339,114,3,2,232.11,0
340,114,17,2,123.86,0
341,114,81,1,297.3,10
342,114,19,1,92.09,0
343,115,82,1,336.12,15
344,115,94,3,22.69,0
345,115,28,4,364.04,10
346,115,61,4,52.86,0
347,115,29,4,419.43,10
348,116,119,4,338.66,10
349,116,76,1,273.29,0
350,116,49,4,538.98,0
351,117,88,4,263.55,20
352,117,20,1,219.02,0
353,117,61,1,52.86,20
354,117,69,1,219.76,0
355,117,62,2,242.39,10
356,118,112,1,175.1,15
357,118,68,4,498.16,0
358,118,103,4,433.62,20
359,119,13,4,113.52,0
360,119,33,4,131.4,20
361,119,30,1,204.15,0
362,119,77,4,317.11,0
363,119,25,1,234.35,15
364,120,49,2,538.98,15
365,121,84,3,121.13,0
366,121,110,4,76.72,10
367,121,47,3,244.56,15
368,121,51,2,515.68,5
369,122,72,4,461.17,0
370,122,40,3,88.88,20
371,122,91,4,215.97,15
372,122,18,1,561.44,15
373,122,30,4,204.15,20
374,123,103,1,433.62,0
375,123,50,1,377.83,20
376,123,12,2,147.52,5
377,124,48,1,242.0,10
378,124,5,4,354.07,5
379,125,8,2,335.09,15
380,125,64,4,181.91,0
381,125,26,3,150.31,0
382,125,5,2,354.07,10
383,125,22,1,359.3,0
384,126,100,4,269.62,0
385,126,86,4,475.84,5
386,126,76,2,273.29,10
387,127,118,3,127.24,0
388,127,105,3,250.51,0
389,127,78,2,42.51,5
390,127,120,4,237.11,10
391,127,1,3,280.02,0
392,128,44,1,271.84,20
393,128,66,3,318.4,10
394,128,105,3,250.51,15
395,129,100,4,269.62,15
396,129,59,1,124.17,5
397,129,15,3,225.59,0
398,130,46,1,401.52,15
399,130,107,3,12.44,0
400,130,37,1,297.66,5
401,130,87,3,211.61,0
402,131,35,2,76.91,15
403,131,88,2,263.55,5
404,131,95,2,288.16,0
405,131,95,2,288.16,20
406,131,34,2,478.97,0
407,132,16,1,293.65,15
408,133,6,4,166.81,0
409,133,80,3,139.42,5
410,133,115,3,194.63,5
411,133,24,3,425.71,5
412,133,29,2,419.43,0
413,134,51,2,515.68,5
414,134,16,4,293.65,0
415,134,89,1,633.88,0
416,135,79,3,294.44,0
417,135,71,3,178.01,0
418,135,35,4,76.91,10
419,136,90,3,244.8,0
420,136,110,4,76.72,0
421,136,58,2,175.82,10
422,136,17,2,123.86,20
423,137,26,2,150.31,20
424,137,95,2,288.16,5
425,137,104,1,51.46,0
426,137,54,4,190.46,0
427,138,39,3,375.26,10
428,138,110,1,76.72,5
429,138,13,2,113.52,0
430,138,28,3,364.04,5
431,139,72,3,461.17,0
432,139,3,4,232.11,0
433,139,45,2,311.48,10
434,140,63,4,37.78,0
435,140,49,3,538.98,5
436,140,81,2,297.3,20
437,140,22,3,359.3,5
438,140,81,4,297.3,20
439,141,41,3,605.42,15
440,141,35,4,76.91,0
441,141,114,4,332.05,20
442,142,22,2,359.3,20
443,142,3,2,232.11,15
444,142,31,3,171.33,15
445,142,90,1,244.8,0
446,143,71,1,178.01,0
447,143,99,4,231.08,10
448,143,98,1,68.82,0
449,143,34,2,478.97,0
450,144,57,2,20.94,0
451,144,68,2,498.16,0
452,144,5,3,354.07,20
453,145,120,3,237.11,10
454,145,57,2,20.94,15
455,145,70,2,307.09,10
456,145,77,4,317.11,15
457,145,96,4,388.87,10
458,146,57,3,20.94,0
459,147,105,2,250.51,0
460,147,37,4,297.66,10
461,147,2,4,238.98,20
462,147,62,3,242.39,0
463,147,99,4,231.08,20
464,148,53,4,240.08,5
465,148,32,2,295.23,15
466,149,55,2,499.98,10
467,150,25,1,234.35,0
468,150,18,3,561.44,0
469,150,82,4,336.12,10
470,150,58,3,175.82,15
471,151,69,1,219.76,0
472,152,94,1,22.69,0
473,152,12,2,147.52,0
474,152,64,2,181.91,0
475,152,54,3,190.46,20
476,153,43,1,439.52,20
477,154,70,4,307.09,0
478,155,50,4,377.83,0
479,155,95,1,288.16,0
480,156,120,3,237.11,0
481,156,81,1,297.3,15
482,156,120,1,237.11,0
483,157,15,2,225.59,15
484,157,56,3,34.57,0
485,158,2,1,238.98,10
486,158,101,4,433.8,15
487,159,12,3,147.52,20
488,159,81,1,297.3,0
489,159,46,2,401.52,15
490,159,69,1,219.76,0
491,160,104,4,51.46,15
492,160,25,1,234.35,15
493,160,49,3,538.98,15
494,161,38,4,194.29,0
495,161,73,2,370.92,10
496,161,45,3,311.48,15
497,161,60,3,416.86,20
498,161,107,2,12.44,0
499,162,47,4,244.56,0
500,162,100,4,269.62,15
501,162,24,1,425.71,10
502,162,110,3,76.72,20
503,162,80,2,139.42,0
504,163,99,2,231.08,10
505,163,37,3,297.66,5
506,163,83,3,26.63,0
507,163,13,1,113.52,0
508,164,25,1,234.35,0
509,164,74,4,211.18,15
510,164,63,3,37.78,0
511,164,47,2,244.56,10
512,165,60,1,416.86,0
513,166,68,1,498.16,15
514,166,10,3,474.27,0
515,166,28,1,364.04,0
516,167,85,2,353.3,10
517,167,81,2,297.3,10
518,167,96,4,388.87,15
519,167,14,3,182.82,15
520,167,59,4,124.17,0
521,168,85,2,353.3,10
522,168,77,4,317.11,0
523,168,116,3,78.18,10
524,169,78,2,42.51,10
525,169,70,2,307.09,5
526,169,99,3,231.08,0
527,170,37,1,297.66,10
528,171,110,3,76.72,0
529,171,99,3,231.08,10
530,172,59,3,124.17,0
531,173,104,3,51.46,0
532,173,74,4,211.18,10
533,173,118,2,127.24,15
534,174,105,1,250.51,10
535,174,83,3,26.63,0
536,174,94,4,22.69,0
537,174,100,1,269.62,20
538,174,43,3,439.52,20
539,175,119,1,338.66,15
540,175,100,4,269.62,0
541,175,40,1,88.88,0
542,175,70,2,307.09,0
543,175,65,2,9.2,0
544,176,29,4,419.43,0
545,177,74,1,211.18,10
546,177,52,3,116.82,0
547,177,52,4,116.82,20
548,177,90,2,244.8,20
549,178,26,2,150.31,0
550,178,10,3,474.27,20
551,178,56,3,34.57,15
552,178,119,1,338.66,0
553,178,86,4,475.84,5
554,179,99,3,231.08,0
555,180,119,2,338.66,0
556,181,32,2,295.23,20
557,182,40,4,88.88,5
558,183,67,3,14.91,10
559,183,62,2,242.39,15
560,183,90,1,244.8,5
561,183,75,1,86.31,0
562,183,22,1,359.3,0
563,184,9,4,221.84,15
564,185,30,4,204.15,10
565,185,91,1,215.97,0
566,185,63,1,37.78,0
567,185,26,4,150.31,10
568,186,40,3,88.88,5
569,186,51,2,515.68,0
570,186,45,3,311.48,0
571,186,81,3,297.3,0
572,186,65,3,9.2,20
573,187,72,3,461.17,0
574,188,67,2,14.91,5
575,188,31,2,171.33,5
576,188,40,3,88.88,5
577,188,70,2,307.09,0
578,189,111,2,311.09,0
579,189,89,2,633.88,5
580,190,9,1,221.84,0
581,190,41,2,605.42,15
582,190,4,3,316.2,5
583,191,20,2,219.02,0
584,191,17,2,123.86,0
585,191,98,3,68.82,10
586,192,46,1,401.52,15
587,193,92,3,571.21,0
588,193,110,4,76.72,5
589,193,61,2,52.86,0
590,193,25,2,234.35,0
591,194,96,2,388.87,20
592,194,27,1,326.68,0
593,195,114,2,332.05,5
594,195,52,1,116.82,10
595,195,95,4,288.16,15
596,195,41,4,605.42,10
597,196,67,1,14.91,5
598,197,72,4,461.17,10
599,198,100,3,269.62,5
600,198,22,4,359.3,0
601,198,79,1,294.44,15
602,199,15,2,225.59,20
603,199,75,2,86.31,5
604,199,53,3,240.08,5
605,199,4,2,316.2,5
606,199,76,2,273.29,5
607,200,12,1,147.52,15
608,201,94,2,22.69,5
609,201,71,4,178.01,0
610,201,99,2,231.08,0
611,201,73,2,370.92,0
612,202,94,4,22.69,0
613,202,81,2,297.3,0
614,202,116,2,78.18,0
615,203,70,1,307.09,10
616,203,113,4,46.28,0
617,203,28,4,364.04,5
618,203,53,4,240.08,0
619,204,80,2,139.42,0
620,204,24,2,425.71,0
621,204,84,3,121.13,0
622,205,7,1,171.07,5
623,206,74,2,211.18,5
624,206,96,3,388.87,0
625,206,12,3,147.52,0
626,206,48,4,242.0,20
627,206,9,4,221.84,20
628,207,43,4,439.52,10
629,207,27,2,326.68,10
630,207,8,1,335.09,10
631,208,120,3,237.11,5
632,208,78,3,42.51,0
633,208,68,3,498.16,0
634,208,79,4,294.44,10
635,208,94,4,22.69,5
636,209,1,1,280.02,0
637,209,60,1,416.86,15
638,210,45,2,311.48,0
639,210,82,2,336.12,15
640,210,37,3,297.66,20
641,211,15,3,225.59,0
642,212,43,3,439.52,15
643,212,62,4,242.39,20
644,213,115,3,194.63,5
645,213,101,4,433.8,15
646,213,8,3,335.09,10
647,213,93,3,233.96,10
648,214,9,2,221.84,0
649,214,108,1,115.07,0
650,214,49,2,538.98,10
651,215,91,3,215.97,15
652,215,5,3,354.07,5
653,215,12,4,147.52,0
654,216,15,3,225.59,20
655,216,5,2,354.07,0
656,217,25,3,234.35,5
657,217,94,3,22.69,20
658,218,27,1,326.68,5
659,218,50,1,377.83,0
660,219,14,3,182.82,0
661,220,37,3,297.66,10
662,220,41,4,605.42,15
663,221,80,1,139.42,0
664,222,74,2,211.18,0
665,222,10,3,474.27,10
666,222,115,3,194.63,10
667,223,14,4,182.82,0
668,224,81,4,297.3,10
669,224,46,3,401.52,0
670,224,105,2,250.51,15
671,224,98,1,68.82,20
672,224,98,4,68.82,10
673,225,61,2,52.86,0
674,225,19,3,92.09,0
675,225,51,2,515.68,15
676,225,118,3,127.24,20
677,226,15,3,225.59,5
678,226,60,2,416.86,0
679,226,99,3,231.08,10
680,226,74,2,211.18,10
681,227,102,3,47.26,10
682,228,71,2,178.01,5
683,228,50,1,377.83,0
684,229,70,2,307.09,0
685,229,85,1,353.3,15
686,229,120,4,237.11,0
687,230,23,3,153.55,5
688,230,9,1,221.84,15
689,230,105,4,250.51,0
690,230,64,1,181.91,0
691,231,58,3,175.82,5
692,231,79,4,294.44,0
693,232,118,4,127.24,15
694,232,118,3,127.24,0
695,232,75,1,86.31,10
696,233,7,1,171.07,15
697,233,72,3,461.17,0
698,233,111,3,311.09,20
699,233,4,2,316.2,5
700,233,90,4,244.8,15
701,234,28,2,364.04,5
702,234,18,2,561.44,10
703,234,50,3,377.83,20
704,234,54,2,190.46,0
705,234,112,2,175.1,0
706,235,85,4,353.3,0
707,235,11,2,505.42,15
708,235,104,4,51.46,20
709,235,59,4,124.17,10
710,236,50,3,377.83,0
711,236,24,4,425.71,10
712,236,1,4,280.02,20
713,236,94,2,22.69,15
714,237,5,4,354.07,15
715,238,19,3,92.09,5
716,239,81,1,297.3,15
717,239,82,3,336.12,10
718,239,7,3,171.07,10
719,239,100,1,269.62,5
720,240,46,3,401.52,0
721,240,22,1,359.3,15
722,240,119,3,338.66,15
723,240,101,3,433.8,0
724,241,104,1,51.46,0
725,241,63,1,37.78,0
726,241,65,1,9.2,20
727,242,110,3,76.72,0
728,242,95,1,288.16,10
729,242,23,2,153.55,15
730,243,63,2,37.78,20
731,243,68,1,498.16,0
732,244,99,4,231.08,0
733,244,85,4,353.3,15
734,244,82,2,336.12,0
735,244,74,3,211.18,0
736,245,61,3,52.86,5
737,245,96,2,388.87,5
738,245,88,4,263.55,5
739,245,34,2,478.97,10
740,246,49,3,538.98,10
741,246,88,1,263.55,0
742,246,118,3,127.24,20
743,246,56,3,34.57,0
744,247,60,2,416.86,15
745,247,87,2,211.61,10
746,247,44,2,271.84,0
747,247,71,1,178.01,15
748,248,14,4,182.82,0
749,248,29,3,419.43,0
750,248,25,1,234.35,0
751,248,80,1,139.42,0
752,248,77,2,317.11,10
753,249,49,2,538.98,0
754,249,90,2,244.8,0
755,250,99,4,231.08,15
756,250,116,3,78.18,0
757,250,21,1,205.02,0
758,251,34,3,478.97,0
759,252,83,4,26.63,0
760,252,19,4,92.09,0
761,253,5,1,354.07,0
762,254,20,1,219.02,0
763,254,86,4,475.84,0
764,254,20,3,219.02,5
765,254,74,1,211.18,10
766,255,70,2,307.09,0
767,256,43,3,439.52,5
768,256,8,1,335.09,0
769,256,69,3,219.76,0
770,257,50,2,377.83,0
771,258,95,2,288.16,0
772,258,5,2,354.07,0
773,258,93,2,233.96,5
774,258,50,1,377.83,20
775,259,3,1,232.11,0
776,259,8,3,335.09,20
777,259,93,1,233.96,5
778,259,16,2,293.65,20
779,260,20,2,219.02,0
780,260,5,2,354.07,5
781,260,84,1,121.13,5
782,260,117,1,512.54,0
783,260,90,2,244.8,0
784,261,59,2,124.17,20
785,262,29,1,419.43,20
786,262,26,4,150.31,0
787,262,104,4,51.46,0
788,262,16,2,293.65,0
789,262,108,2,115.07,20
790,263,19,4,92.09,0
791,263,90,3,244.8,10
792,263,22,4,359.3,0
793,264,49,2,538.98,0
794,264,113,4,46.28,0
795,264,1,1,280.02,0
796,264,119,1,338.66,15
797,264,84,3,121.13,5
798,265,67,4,14.91,5
799,265,31,2,171.33,10
800,265,89,1,633.88,10
801,266,45,4,311.48,0
802,266,72,2,461.17,0
803,266,16,1,293.65,10
804,267,36,1,496.08,0
805,267,15,2,225.59,15
806,268,7,3,171.07,0
807,269,6,1,166.81,15
808,269,7,2,171.07,0
809,269,101,1,433.8,5
810,269,66,1,318.4,0
811,270,26,3,150.31,0
812,270,100,1,269.62,0
813,270,30,1,204.15,0
814,270,95,4,288.16,20
815,271,7,4,171.07,0
816,271,28,4,364.04,0
817,271,50,3,377.83,0
818,271,59,2,124.17,15
819,272,8,3,335.09,0
820,272,15,4,225.59,5
821,272,54,2,190.46,20
822,272,44,2,271.84,0
823,272,78,2,42.51,20
824,273,53,4,240.08,20
825,274,95,2,288.16,0
826,274,42,4,300.8,10
827,274,29,2,419.43,10
828,274,115,1,194.63,5
829,275,51,4,515.68,20
830,275,103,1,433.62,5
831,275,64,2,181.91,0
832,275,72,1,461.17,15
833,275,94,4,22.69,0
834,276,3,4,232.11,15
835,277,59,4,124.17,20
836,278,111,1,311.09,5
837,279,97,3,52.27,15
838,279,79,2,294.44,20
839,279,88,1,263.55,10
840,279,113,3,46.28,15
841,280,50,3,377.83,5
842,281,91,1,215.97,10
843,281,91,2,215.97,0
844,281,43,2,439.52,10
845,281,15,4,225.59,15
846,281,97,2,52.27,20
847,282,88,4,263.55,0
848,282,7,1,171.07,0
849,282,45,4,311.48,5
850,282,65,1,9.2,5
851,282,91,3,215.97,5
852,283,12,1,147.52,5
853,283,115,2,194.63,0
854,283,10,1,474.27,0
855,283,36,1,496.08,15
856,284,38,4,194.29,15
857,285,38,2,194.29,0
858,286,84,3,121.13,5
859,286,76,4,273.29,5
860,286,39,2,375.26,20
861,287,99,1,231.08,0
862,287,46,3,401.52,5
863,287,22,2,359.3,15
864,288,21,2,205.02,0
865,288,6,3,166.81,10
866,289,91,1,215.97,15
867,289,41,3,605.42,0
868,289,48,4,242.0,10
869,289,21,3,205.02,0
870,289,118,1,127.24,5
871,290,1,3,280.02,15
872,290,91,3,215.97,5
873,291,44,1,271.84,15
874,291,62,1,242.39,0
875,291,87,1,211.61,0
876,291,4,4,316.2,10
877,292,78,2,42.51,10
878,293,109,4,321.5,15
879,293,86,1,475.84,10
880,293,51,2,515.68,5
881,293,41,1,605.42,15
882,293,47,4,244.56,0
883,294,45,3,311.48,0
884,294,58,1,175.82,0
885,294,94,4,22.69,15
886,295,94,4,22.69,0
887,295,107,1,12.44,0
888,295,27,3,326.68,5
889,295,112,3,175.1,0
890,296,54,2,190.46,10
891,296,60,2,416.86,0
892,296,24,4,425.71,0
893,297,64,4,181.91,0
894,297,4,1,316.2,0
895,297,34,3,478.97,15
896,298,54,2,190.46,5
897,298,117,2,512.54,0
898,298,16,3,293.65,5
899,299,56,3,34.57,15
900,299,88,4,263.55,15
901,299,105,1,250.51,0
902,299,66,1,318.4,20
903,299,34,2,478.97,10
904,300,46,2,401.52,0
905,300,35,3,76.91,5
906,301,66,2,318.4,20
907,302,42,3,300.8,20
908,302,109,3,321.5,0
909,302,88,3,263.55,0
910,302,69,3,219.76,20
911,302,19,1,92.09,0
912,303,14,2,182.82,0
913,303,65,2,9.2,20
914,304,109,1,321.5,5
915,304,59,1,124.17,0
916,304,105,2,250.51,0
917,304,62,3,242.39,0
918,304,89,3,633.88,0
919,305,23,3,153.55,0
920,305,96,1,388.87,0
921,305,17,2,123.86,15
922,306,55,1,499.98,0
923,307,102,1,47.26,5
924,308,97,1,52.27,20
925,309,86,3,475.84,0
926,309,12,2,147.52,20
927,310,100,2,269.62,10
928,310,73,1,370.92,0
929,310,105,1,250.51,10
930,310,28,2,364.04,0
931,310,22,1,359.3,15
932,311,24,4,425.71,15
933,311,14,2,182.82,20
934,311,46,4,401.52,5
935,311,28,2,364.04,5
936,311,15,3,225.59,0
937,312,91,3,215.97,10
938,312,93,1,233.96,0
939,312,42,4,300.8,0
940,313,29,4,419.43,0
941,313,110,4,76.72,0
942,313,110,1,76.72,20
943,313,103,4,433.62,15
944,314,57,1,20.94,0
945,314,19,4,92.09,5
946,314,89,1,633.88,15
947,314,119,2,338.66,0
948,315,16,2,293.65,20
949,315,55,4,499.98,0
950,315,98,3,68.82,20
951,315,102,4,47.26,0
952,316,36,2,496.08,20
953,316,59,1,124.17,0
954,316,33,4,131.4,5
955,316,30,2,204.15,0
956,316,13,1,113.52,20
957,317,20,3,219.02,10
958,317,80,1,139.42,20
959,317,10,4,474.27,20
960,318,70,3,307.09,20
961,318,111,1,311.09,20
962,318,5,4,354.07,0
963,319,5,2,354.07,10
964,320,92,4,571.21,5
965,320,98,1,68.82,10
966,320,87,4,211.61,15
967,321,110,2,76.72,10
968,321,8,4,335.09,0
969,321,64,4,181.91,10
970,321,87,3,211.61,20
971,321,37,3,297.66,0
972,322,104,1,51.46,20
973,322,115,3,194.63,5
974,322,13,4,113.52,0
975,323,31,3,171.33,10
976,323,11,1,505.42,20
977,324,5,4,354.07,15
978,324,111,4,311.09,10
979,324,66,4,318.4,0
980,325,74,4,211.18,0
981,325,74,1,211.18,20
982,325,63,1,37.78,15
983,325,87,2,211.61,0
984,326,56,2,34.57,5
985,326,82,1,336.12,20
986,326,109,2,321.5,0
987,327,80,1,139.42,15
988,327,109,1,321.5,10
989,328,55,2,499.98,0
990,328,102,1,47.26,15
991,328,106,3,440.12,10
992,328,103,3,433.62,5
993,329,80,4,139.42,15
994,329,98,2,68.82,0
995,329,81,2,297.3,10
996,330,104,4,51.46,10
997,330,94,1,22.69,10
998,330,26,3,150.31,5
999,330,19,2,92.09,0
1000,330,96,3,388.87,20
1001,331,35,3,76.91,15
1002,331,21,3,205.02,15
1003,331,77,2,317.11,5
1004,331,31,1,171.33,0
1005,332,56,4,34.57,15
1006,332,116,1,78.18,0
1007,332,21,3,205.02,0
1008,332,4,3,316.2,20
1009,332,103,3,433.62,15
1010,333,111,1,311.09,0
1011,334,51,2,515.68,0
1012,335,100,3,269.62,5
1013,335,114,1,332.05,0
1014,335,77,1,317.11,20
1015,335,104,3,51.46,0
1016,335,107,4,12.44,20
1017,336,28,3,364.04,5
1018,336,53,3,240.08,20
1019,337,41,4,605.42,5
1020,338,106,3,440.12,0
1021,338,83,1,26.63,20
1022,338,95,1,288.16,15
1023,339,82,3,336.12,20
1024,339,88,1,263.55,10
1025,339,111,2,311.09,20
1026,340,39,1,375.26,20
1027,340,97,2,52.27,0
1028,340,27,2,326.68,5
1029,341,106,4,440.12,5
1030,342,106,2,440.12,15
1031,343,95,3,288.16,5
1032,343,89,1,633.88,20
1033,343,7,2,171.07,15
1034,343,57,2,20.94,0
1035,343,52,2,116.82,15
1036,344,67,2,14.91,20
1037,344,77,4,317.11,20
1038,345,34,2,478.97,15
1039,345,76,3,273.29,20
1040,346,113,4,46.28,20
1041,346,114,2,332.05,0
1042,346,3,2,232.11,0
1043,346,60,2,416.86,0
1044,347,34,2,478.97,0
1045,347,48,2,242.0,10
1046,347,16,1,293.65,15
1047,347,68,4,498.16,20
1048,347,118,4,127.24,20
1049,348,111,3,311.09,0
1050,348,96,4,388.87,5
1051,349,94,2,22.69,5
1052,349,24,4,425.71,20
1053,349,19,1,92.09,0
1054,350,48,4,242.0,0
1055,350,2,4,238.98,0
1056,351,95,3,288.16,0
1057,351,13,1,113.52,0
1058,351,43,2,439.52,5
1059,351,117,3,512.54,10
1060,352,49,3,538.98,5
1061,352,86,3,475.84,0
1062,352,115,1,194.63,10
1063,352,23,3,153.55,0
1064,352,65,4,9.2,0
1065,353,56,2,34.57,0
1066,353,15,3,225.59,0
1067,353,17,4,123.86,20
1068,353,107,3,12.44,15
1069,353,47,4,244.56,0
1070,354,115,2,194.63,0
1071,354,95,4,288.16,20
1072,354,20,4,219.02,0
1073,354,25,2,234.35,0
1074,355,56,1,34.57,5
1075,355,6,4,166.81,0
1076,355,91,4,215.97,5
1077,355,64,1,181.91,20
1078,356,24,2,425.71,15
1079,356,66,3,318.4,10
1080,356,115,2,194.63,10
1081,357,32,4,295.23,15
1082,358,51,3,515.68,10
1083,359,107,4,12.44,5
1084,359,81,3,297.3,10
1085,359,85,1,353.3,0
1086,359,6,4,166.81,0
1087,360,103,3,433.62,0
1088,361,12,4,147.52,0
1089,361,23,2,153.55,20
1090,361,111,4,311.09,0
1091,361,3,2,232.11,0
1092,362,103,4,433.62,15
1093,362,104,3,51.46,15
1094,362,78,2,42.51,0
1095,362,86,1,475.84,20
1096,363,61,3,52.86,10
1097,363,77,4,317.11,0
1098,363,97,4,52.27,20
1099,363,48,2,242.0,5
1100,364,87,2,211.61,15
1101,364,88,2,263.55,5
1102,364,68,1,498.16,0
1103,364,60,4,416.86,0
1104,365,108,2,115.07,10
1105,365,55,3,499.98,10
1106,365,7,1,171.07,0
1107,366,85,3,353.3,0
1108,366,33,1,131.4,20
1109,366,65,1,9.2,0
1110,366,95,4,288.16,0
1111,367,41,4,605.42,20
1112,367,86,4,475.84,10
1113,367,104,3,51.46,0
1114,368,34,1,478.97,5
1115,368,69,1,219.76,0
1116,368,51,1,515.68,0
1117,368,22,4,359.3,5
1118,368,89,4,633.88,20
1119,369,47,4,244.56,20
1120,369,39,1,375.26,0
1121,369,18,1,561.44,0
1122,369,15,1,225.59,15
1123,369,25,1,234.35,0
1124,370,25,1,234.35,0
1125,370,99,4,231.08,0
1126,370,61,4,52.86,0
1127,370,15,2,225.59,0
1128,370,95,4,288.16,5
1129,371,73,4,370.92,0
1130,371,43,1,439.52,0
1131,371,81,4,297.3,5
1132,372,5,4,354.07,5
1133,372,63,4,37.78,0
1134,372,92,1,571.21,10
1135,373,115,4,194.63,5
1136,373,15,4,225.59,10
1137,373,83,3,26.63,5
1138,374,61,3,52.86,5
1139,374,30,2,204.15,10
1140,375,17,3,123.86,15
1141,375,92,4,571.21,5
1142,375,107,3,12.44,20
1143,375,61,2,52.86,10
1144,376,21,4,205.02,0
1145,376,102,4,47.26,5
1146,377,46,3,401.52,0
1147,378,44,4,271.84,0
1148,379,44,3,271.84,20
1149,379,6,3,166.81,0
1150,379,110,1,76.72,15
1151,380,79,1,294.44,20
1152,380,72,1,461.17,10
1153,380,14,2,182.82,15
1154,380,16,2,293.65,0
1155,380,21,3,205.02,15
1156,381,43,2,439.52,0
1157,381,109,2,321.5,5
1158,381,54,1,190.46,0
1159,382,11,3,505.42,0
1160,382,92,4,571.21,0
1161,383,54,2,190.46,0
1162,383,103,4,433.62,5
1163,383,118,4,127.24,5
1164,383,110,3,76.72,0
1165,383,57,2,20.94,20
1166,384,99,2,231.08,5
1167,384,8,4,335.09,20
1168,384,5,2,354.07,10
1169,384,8,3,335.09,5
1170,385,117,3,512.54,0
1171,385,106,3,440.12,10
1172,385,79,2,294.44,15
1173,386,84,4,121.13,15
1174,386,45,4,311.48,20
1175,386,26,3,150.31,0
1176,386,5,3,354.07,5
1177,386,93,2,233.96,10
1178,387,67,3,14.91,20
1179,387,82,2,336.12,0
1180,387,4,3,316.2,0
1181,388,108,3,115.07,0
1182,389,58,3,175.82,10
1183,390,73,2,370.92,0
1184,390,39,3,375.26,15
1185,390,101,2,433.8,15
1186,390,49,2,538.98,0
1187,390,42,2,300.8,20
1188,391,107,4,12.44,0
1189,391,12,1,147.52,5
1190,391,114,2,332.05,5
1191,391,28,4,364.04,0
1192,392,112,3,175.1,10
1193,392,64,4,181.91,5
1194,392,89,4,633.88,15
1195,392,54,2,190.46,0
1196,393,111,1,311.09,15
1197,393,28,4,364.04,5
1198,393,5,2,354.07,10
1199,393,48,1,242.0,10
1200,393,110,4,76.72,0
1201,394,16,3,293.65,0
1202,394,48,3,242.0,0
1203,395,7,3,171.07,0
1204,395,28,2,364.04,20
1205,395,95,4,288.16,0
1206,395,16,3,293.65,0
1207,396,58,3,175.82,20
1208,396,49,4,538.98,20
1209,396,93,2,233.96,20
1210,396,18,4,561.44,20
1211,396,58,4,175.82,0
1212,397,53,4,240.08,0
1213,397,116,4,78.18,0
1214,397,70,1,307.09,15
1215,397,114,4,332.05,15
1216,397,36,1,496.08,20
1217,398,83,1,26.63,0
1218,399,67,2,14.91,20
1219,399,61,1,52.86,0
1220,399,85,2,353.3,0
1221,399,36,2,496.08,0
1222,399,107,4,12.44,0
1223,400,44,4,271.84,0
1224,401,15,1,225.59,10
1225,402,20,3,219.02,5
1226,403,4,1,316.2,0
1227,403,50,1,377.83,0
1228,404,7,2,171.07,0
1229,405,50,1,377.83,0
1230,405,8,3,335.09,5
1231,405,71,4,178.01,0
1232,405,62,1,242.39,5
1233,405,82,2,336.12,0
1234,406,84,2,121.13,0
1235,406,73,4,370.92,5
1236,406,11,2,505.42,20
1237,406,19,3,92.09,10
1238,406,22,2,359.3,10
1239,407,107,3,12.44,15
1240,407,22,1,359.3,0
1241,407,120,4,237.11,0
1242,407,77,3,317.11,20
1243,408,37,1,297.66,0
1244,408,95,1,288.16,0
1245,408,12,4,147.52,15
1246,408,16,2,293.65,15
1247,408,72,3,461.17,5
1248,409,82,3,336.12,20
1249,409,91,4,215.97,0
1250,409,32,3,295.23,0
1251,410,83,1,26.63,10
1252,410,61,1,52.86,0
1253,411,98,4,68.82,10
1254,411,11,1,505.42,10
1255,411,4,4,316.2,15
1256,411,16,3,293.65,20
1257,412,16,4,293.65,0
1258,413,98,3,68.82,15
1259,414,104,2,51.46,0
1260,414,64,3,181.91,0
1261,414,36,4,496.08,15
1262,415,15,3,225.59,10
1263,415,65,4,9.2,0
1264,415,71,2,178.01,15
1265,415,95,2,288.16,0
1266,416,110,2,76.72,10
1267,416,94,3,22.69,0
1268,416,109,1,321.5,15
1269,416,87,3,211.61,15
1270,416,72,4,461.17,0
1271,417,36,1,496.08,15
1272,417,67,4,14.91,5
1273,417,47,1,244.56,15
1274,417,29,1,419.43,0
1275,418,25,3,234.35,0
1276,418,113,1,46.28,15
1277,418,29,4,419.43,0
1278,418,118,2,127.24,0
1279,419,4,4,316.2,5
1280,420,14,4,182.82,0
1281,420,44,1,271.84,20
1282,421,57,1,20.94,15
1283,421,58,1,175.82,0
1284,421,8,1,335.09,5
1285,421,41,1,605.42,20
1286,421,17,1,123.86,20
1287,422,14,1,182.82,10
1288,423,30,1,204.15,5
1289,423,50,4,377.83,20
1290,423,55,1,499.98,0
1291,423,84,1,121.13,5
1292,424,77,1,317.11,10
1293,425,33,3,131.4,5
1294,425,62,4,242.39,0
1295,425,32,2,295.23,20
1296,425,6,1,166.81,0
1297,425,40,4,88.88,10
1298,426,100,2,269.62,0
1299,426,61,3,52.86,10
1300,426,44,3,271.84,0
1301,426,2,2,238.98,0
1302,426,31,1,171.33,5
1303,427,25,4,234.35,15
1304,427,89,4,633.88,10
1305,427,89,3,633.88,20
1306,428,21,1,205.02,5
1307,428,113,1,46.28,5
1308,428,29,1,419.43,15
1309,429,62,3,242.39,20
1310,429,95,4,288.16,0
1311,430,4,1,316.2,0
1312,430,38,4,194.29,0
1313,430,81,3,297.3,0
1314,431,114,3,332.05,15
1315,431,23,3,153.55,20
1316,432,117,1,512.54,0
1317,432,107,2,12.44,5
1318,432,84,1,121.13,0
1319,433,85,2,353.3,10
1320,433,103,4,433.62,15
1321,433,9,1,221.84,0
1322,434,41,4,605.42,15
1323,434,32,1,295.23,20
1324,434,79,2,294.44,20
1325,435,112,2,175.1,20
1326,435,66,4,318.4,0
1327,435,94,1,22.69,20
1328,436,48,4,242.0,10
1329,436,60,2,416.86,0
1330,436,92,3,571.21,10
1331,436,89,4,633.88,15
1332,436,64,4,181.91,0
1333,437,58,2,175.82,5
1334,437,28,3,364.04,5
1335,438,33,1,131.4,0
1336,438,97,1,52.27,0
1337,438,57,3,20.94,0
1338,439,58,4,175.82,5
1339,439,53,3,240.08,20
1340,439,64,3,181.91,0
1341,439,49,1,538.98,0
1342,440,38,1,194.29,20
1343,441,70,2,307.09,0
1344,442,25,2,234.35,20
1345,442,97,3,52.27,0
1346,442,99,3,231.08,0
1347,443,61,2,52.86,20
1348,444,76,4,273.29,15
1349,444,105,4,250.51,0
1350,444,102,1,47.26,0
1351,444,109,2,321.5,5
1352,444,99,4,231.08,0
1353,445,112,2,175.1,0
1354,445,95,1,288.16,5
1355,445,104,3,51.46,0
1356,445,29,4,419.43,5
1357,445,88,4,263.55,20
1358,446,73,1,370.92,0
1359,447,111,4,311.09,5
1360,447,27,4,326.68,0
1361,447,69,4,219.76,0
1362,447,61,1,52.86,0
1363,447,73,4,370.92,15
1364,448,23,1,153.55,20
1365,448,89,4,633.88,0
1366,448,24,2,425.71,0
1367,448,117,4,512.54,0
1368,448,27,2,326.68,0
1369,449,2,2,238.98,0
1370,449,111,4,311.09,5
1371,449,21,1,205.02,0
1372,449,69,4,219.76,5
1373,449,96,1,388.87,5
1374,450,21,3,205.02,10
1375,450,26,4,150.31,0
1376,450,26,1,150.31,0
1377,450,58,1,175.82,20
1378,451,113,4,46.28,5
1379,451,60,1,416.86,15
1380,451,12,3,147.52,15
1381,451,113,4,46.28,0
1382,451,90,3,244.8,5
1383,452,94,4,22.69,5
1384,452,50,2,377.83,15
1385,452,73,1,370.92,5
1386,452,90,1,244.8,0
1387,452,114,2,332.05,0
1388,453,117,4,512.54,5
1389,453,98,1,68.82,0
1390,454,33,2,131.4,10
1391,454,6,4,166.81,0
1392,455,110,2,76.72,5
1393,455,5,1,354.07,0
1394,455,15,2,225.59,0
1395,455,86,4,475.84,5
1396,456,18,4,561.44,20
1397,456,36,2,496.08,0
1398,456,108,1,115.07,10
1399,456,13,2,113.52,0
1400,457,87,3,211.61,0
1401,458,28,4,364.04,15
1402,458,7,1,171.07,5
1403,458,89,3,633.88,5
1404,458,7,1,171.07,0
1405,458,99,4,231.08,20
1406,459,12,1,147.52,5
1407,459,4,1,316.2,0
1408,460,103,2,433.62,15
1409,461,42,2,300.8,10
1410,461,27,4,326.68,5
1411,461,16,2,293.65,0
1412,462,2,4,238.98,0
1413,462,59,2,124.17,0
1414,462,85,3,353.3,15
1415,463,39,4,375.26,0
1416,463,92,2,571.21,0
1417,463,13,3,113.52,15
1418,463,90,4,244.8,15
1419,464,109,4,321.5,0
1420,464,43,1,439.52,10
1421,464,117,4,512.54,5
1422,465,30,1,204.15,10
1423,466,80,1,139.42,0
1424,466,18,3,561.44,5
1425,467,31,4,171.33,15
1426,468,67,4,14.91,15
1427,469,44,2,271.84,0
1428,469,70,1,307.09,15
1429,469,32,2,295.23,10
1430,470,9,4,221.84,0
1431,471,12,2,147.52,10
1432,471,71,2,178.01,0
1433,472,32,4,295.23,0
1434,472,78,2,42.51,0
1435,473,11,3,505.42,5
1436,473,49,2,538.98,5
1437,473,57,4,20.94,10
1438,473,79,4,294.44,20
1439,474,98,3,68.82,10
1440,475,40,4,88.88,0
1441,475,49,4,538.98,0
1442,475,43,2,439.52,15
1443,475,61,2,52.86,0
1444,476,63,4,37.78,5
1445,476,51,3,515.68,5
1446,476,63,3,37.78,15
1447,477,50,2,377.83,0
1448,478,82,3,336.12,15
1449,478,8,4,335.09,5
1450,478,95,2,288.16,0
1451,478,62,1,242.39,20
1452,479,88,2,263.55,0
1453,479,32,2,295.23,0
1454,479,15,1,225.59,15
1455,479,92,4,571.21,5
1456,480,107,4,12.44,0
1457,480,89,3,633.88,10
1458,481,97,1,52.27,0
1459,481,82,3,336.12,20
1460,481,19,3,92.09,15
1461,481,27,4,326.68,15
1462,482,100,4,269.62,10
1463,483,91,2,215.97,0
1464,483,63,2,37.78,10
1465,484,26,1,150.31,15
1466,484,24,2,425.71,0
1467,485,11,3,505.42,0
1468,485,49,1,538.98,0
1469,486,87,1,211.61,0
1470,486,8,3,335.09,20
1471,486,1,1,280.02,0
1472,486,28,1,364.04,5
1473,487,78,4,42.51,0
1474,487,48,3,242.0,0
1475,487,105,2,250.51,0
1476,488,112,3,175.1,20
1477,488,13,1,113.52,5
1478,488,112,4,175.1,15
1479,489,36,2,496.08,0
1480,489,58,4,175.82,10
1481,489,53,2,240.08,0
1482,489,82,3,336.12,0
1483,489,82,3,336.12,20
1484,490,95,1,288.16,0
1485,490,55,4,499.98,15
1486,490,110,1,76.72,15
1487,490,50,3,377.83,10
1488,491,5,2,354.07,5
1489,491,102,1,47.26,0
1490,491,107,4,12.44,0
1491,491,115,4,194.63,0
1492,491,62,2,242.39,0
1493,492,21,3,205.02,5
1494,493,86,2,475.84,10
1495,494,99,1,231.08,15
1496,494,44,4,271.84,15
1497,494,96,4,388.87,15
1498,494,83,4,26.63,20
1499,494,30,2,204.15,0
1500,495,120,2,237.11,15
1501,495,15,3,225.59,0
1502,495,110,3,76.72,5
1503,495,74,1,211.18,0
1504,495,8,2,335.09,20
1505,496,67,2,14.91,0
1506,496,51,1,515.68,10
1507,497,108,2,115.07,5
1508,497,88,4,263.55,0
1509,497,77,3,317.11,0
1510,498,89,1,633.88,0
1511,498,109,4,321.5,15
1512,498,107,2,12.44,5
1513,498,38,4,194.29,0
1514,498,104,3,51.46,0
1515,499,119,2,338.66,20
1516,500,3,4,232.11,0
1517,500,55,4,499.98,0
1518,501,37,2,297.66,15
1519,501,110,4,76.72,0
1520,501,17,3,123.86,20
1521,502,74,2,211.18,5
1522,502,90,4,244.8,0
1523,503,95,1,288.16,0
1524,503,93,1,233.96,15
1525,504,119,1,338.66,0
1526,504,46,4,401.52,0
1527,505,56,2,34.57,15
1528,505,93,4,233.96,0
1529,505,5,1,354.07,0
1530,505,51,4,515.68,0
1531,505,89,2,633.88,15
1532,506,36,4,496.08,0
1533,506,2,1,238.98,0
1534,506,11,1,505.42,5
1535,506,83,2,26.63,0
1536,507,50,4,377.83,15
1537,507,90,4,244.8,0
1538,508,24,4,425.71,20
1539,508,90,1,244.8,5
1540,508,72,4,461.17,0
1541,508,67,1,14.91,20
1542,508,97,2,52.27,15
1543,509,72,4,461.17,20
1544,510,12,3,147.52,20
1545,510,97,1,52.27,0
1546,511,55,1,499.98,0
1547,511,39,1,375.26,10
1548,512,63,3,37.78,10
1549,512,117,3,512.54,10
1550,512,69,2,219.76,15
1551,512,13,1,113.52,0
1552,512,5,2,354.07,0
1553,513,76,3,273.29,0
1554,513,17,4,123.86,0
1555,514,52,4,116.82,0
1556,514,33,4,131.4,15
1557,515,82,2,336.12,15
1558,515,48,2,242.0,5
1559,515,106,2,440.12,0
1560,516,10,3,474.27,0
1561,516,69,1,219.76,15
1562,517,117,3,512.54,20
1563,517,35,2,76.91,20
1564,517,103,2,433.62,0
1565,518,101,1,433.8,0
1566,519,90,3,244.8,10
1567,519,35,1,76.91,0
1568,519,22,3,359.3,20
1569,520,62,2,242.39,0
1570,520,2,2,238.98,15
1571,520,17,2,123.86,5
1572,520,73,3,370.92,0
1573,521,91,4,215.97,0
1574,521,57,3,20.94,20
1575,521,60,3,416.86,0
1576,521,55,2,499.98,0
1577,522,109,1,321.5,15
1578,522,11,1,505.42,15
1579,522,31,1,171.33,0
1580,523,104,1,51.46,5
1581,523,87,2,211.61,5
1582,523,64,1,181.91,5
1583,523,2,2,238.98,20
1584,524,95,1,288.16,10
1585,524,58,2,175.82,15
1586,525,66,3,318.4,0
1587,525,55,4,499.98,5
1588,526,107,1,12.44,0
1589,526,39,4,375.26,0
1590,527,119,1,338.66,5
1591,527,115,4,194.63,0
1592,527,46,1,401.52,10
1593,528,114,2,332.05,5
1594,528,46,1,401.52,0
1595,528,56,4,34.57,0
1596,529,1,2,280.02,20
1597,529,85,3,353.3,0
1598,529,61,4,52.86,0
1599,529,39,3,375.26,5
1600,530,85,4,353.3,0
1601,530,18,3,561.44,15
1602,530,56,1,34.57,0
1603,530,114,2,332.05,0
1604,531,116,1,78.18,0
1605,531,86,2,475.84,5
1606,531,86,3,475.84,0
1607,532,42,4,300.8,10
1608,532,93,4,233.96,0
1609,533,2,2,238.98,0
1610,533,87,3,211.61,5
1611,533,77,1,317.11,5
1612,533,62,3,242.39,0
1613,533,63,1,37.78,20
1614,534,32,3,295.23,20
1615,534,15,3,225.59,15
1616,535,90,2,244.8,0
1617,536,5,3,354.07,0
1618,536,119,2,338.66,5
1619,536,3,2,232.11,0
1620,536,111,1,311.09,5
1621,537,62,1,242.39,10
1622,537,55,1,499.98,0
1623,537,15,3,225.59,0
1624,537,36,3,496.08,15
1625,538,7,3,171.07,0
1626,539,33,4,131.4,0
1627,539,43,3,439.52,0
1628,540,43,3,439.52,15
1629,540,104,3,51.46,15
1630,541,27,4,326.68,0
1631,541,114,1,332.05,0
1632,541,81,1,297.3,0
1633,542,70,3,307.09,0
1634,543,17,2,123.86,5
1635,544,58,1,175.82,5
1636,544,9,4,221.84,5
1637,544,68,1,498.16,0
1638,545,8,2,335.09,15
1639,545,105,4,250.51,5
1640,545,88,1,263.55,0
1641,545,57,4,20.94,10
1642,545,100,4,269.62,5
1643,546,28,1,364.04,20
1644,546,66,4,318.4,10
1645,546,91,3,215.97,0
1646,546,110,2,76.72,0
1647,546,91,3,215.97,10
1648,547,6,2,166.81,0
1649,547,119,2,338.66,0
1650,547,112,1,175.1,15
1651,548,81,3,297.3,0
1652,548,11,3,505.42,15
1653,548,18,4,561.44,10
1654,549,94,3,22.69,0
1655,549,33,1,131.4,10
1656,550,112,2,175.1,20
1657,550,57,2,20.94,0
1658,550,35,2,76.91,10
1659,551,48,2,242.0,5
1660,551,12,4,147.52,0
1661,551,59,2,124.17,20
1662,551,111,2,311.09,0
1663,552,114,2,332.05,20
1664,552,51,2,515.68,0
1665,553,13,2,113.52,15
1666,553,97,1,52.27,10
1667,553,13,4,113.52,5
1668,553,3,1,232.11,20
1669,554,19,1,92.09,20
1670,554,2,1,238.98,10
1671,554,95,3,288.16,20
1672,555,115,4,194.63,20
1673,555,21,3,205.02,0
1674,555,62,2,242.39,0
1675,555,8,3,335.09,15
1676,555,70,1,307.09,0
1677,556,114,4,332.05,0
1678,556,1,2,280.02,0
1679,556,30,4,204.15,5
1680,556,19,3,92.09,15
1681,556,37,2,297.66,15
1682,557,29,1,419.43,0
1683,558,115,1,194.63,10
1684,559,87,4,211.61,0
1685,559,115,3,194.63,10
1686,560,85,3,353.3,0
1687,560,104,1,51.46,20
1688,560,1,2,280.02,20
1689,560,84,2,121.13,0
1690,561,74,4,211.18,15
1691,562,99,4,231.08,0
1692,562,41,4,605.42,5
1693,563,50,4,377.83,10
1694,563,64,4,181.91,10
1695,564,68,2,498.16,15
1696,564,12,2,147.52,0
1697,564,1,2,280.02,20
1698,564,3,3,232.11,10
1699,565,109,2,321.5,0
1700,565,59,2,124.17,20
1701,565,110,4,76.72,0
1702,566,90,2,244.8,5
1703,567,85,1,353.3,5
1704,568,11,2,505.42,0
1705,568,2,4,238.98,0
1706,569,61,4,52.86,15
1707,569,44,4,271.84,20
1708,569,83,1,26.63,0
1709,570,65,2,9.2,0
1710,570,51,4,515.68,15
1711,571,40,2,88.88,5
1712,571,120,2,237.11,0
1713,571,12,4,147.52,0
1714,571,96,2,388.87,5
1715,571,80,1,139.42,0
1716,572,62,3,242.39,15
1717,572,83,4,26.63,20
1718,572,49,2,538.98,0
1719,572,103,3,433.62,15
1720,573,78,3,42.51,0
1721,573,31,3,171.33,0
1722,573,70,1,307.09,0
1723,574,82,1,336.12,0
1724,574,35,1,76.91,10
1725,575,12,3,147.52,0
1726,575,46,3,401.52,5
1727,575,65,2,9.2,0
1728,576,43,4,439.52,15
1729,577,62,1,242.39,0
1730,577,21,2,205.02,15
1731,577,60,1,416.86,15
1732,577,12,2,147.52,0
1733,578,84,3,121.13,5
1734,578,101,2,433.8,0
1735,578,38,3,194.29,10
1736,578,110,4,76.72,0
1737,578,115,4,194.63,0
1738,579,81,4,297.3,0
1739,579,104,1,51.46,0
1740,579,99,3,231.08,10
1741,579,112,1,175.1,5
1742,579,13,4,113.52,0
1743,580,46,1,401.52,0
1744,580,23,4,153.55,0
1745,580,61,3,52.86,20
1746,581,6,3,166.81,20
1747,581,37,4,297.66,5
1748,581,110,2,76.72,5
1749,581,47,3,244.56,0
1750,582,80,1,139.42,15
1751,583,38,4,194.29,0
1752,584,86,1,475.84,0
1753,584,60,4,416.86,15
1754,584,69,4,219.76,0
1755,584,11,2,505.42,15
1756,585,9,3,221.84,0
1757,585,78,4,42.51,0
1758,585,90,4,244.8,0
1759,586,19,2,92.09,0
1760,586,73,1,370.92,10
1761,586,100,4,269.62,0
1762,586,120,3,237.11,20
1763,587,98,4,68.82,0
1764,588,11,3,505.42,20
1765,588,92,4,571.21,20
1766,588,54,2,190.46,15
1767,588,115,3,194.63,0
1768,589,22,2,359.3,0
1769,589,54,4,190.46,5
1770,589,69,2,219.76,15
1771,590,101,2,433.8,0
1772,590,93,2,233.96,0
1773,590,86,3,475.84,0
1774,590,20,4,219.02,0
1775,590,64,3,181.91,0
1776,591,58,2,175.82,15
1777,592,54,2,190.46,10
1778,592,49,2,538.98,0
1779,593,3,3,232.11,0
1780,593,65,1,9.2,15
1781,593,64,4,181.91,5
1782,594,15,2,225.59,5
1783,594,55,3,499.98,0
1784,594,71,2,178.01,10
1785,595,119,1,338.66,0
1786,595,104,1,51.46,0
1787,595,84,1,121.13,10
1788,595,120,4,237.11,0
1789,595,64,1,181.91,15
1790,596,28,2,364.04,20
1791,596,59,4,124.17,0
1792,596,26,4,150.31,0
1793,596,45,4,311.48,5
1794,597,65,3,9.2,0
1795,597,113,3,46.28,0
1796,598,5,1,354.07,0
1797,598,20,3,219.02,20
1798,598,105,3,250.51,0
1799,598,22,4,359.3,0
1800,599,103,4,433.62,0
1801,600,21,4,205.02,0
1802,600,13,2,113.52,10
1803,600,16,4,293.65,20
1804,600,98,3,68.82,20
1805,600,71,2,178.01,0
1806,601,20,1,219.02,10
1807,601,91,1,215.97,10
1808,601,49,1,538.98,15
1809,601,94,2,22.69,5
1810,601,82,3,336.12,0
1811,602,93,4,233.96,20
1812,602,34,1,478.97,0
1813,603,59,1,124.17,0
1814,604,109,3,321.5,20
1815,604,27,4,326.68,0
1816,604,63,1,37.78,5
1817,604,10,4,474.27,15
1818,605,104,2,51.46,0
1819,605,39,1,375.26,0
1820,605,85,1,353.3,0
1821,605,44,3,271.84,5
1822,606,119,1,338.66,0
1823,606,78,1,42.51,10
1824,606,3,2,232.11,0
1825,607,29,1,419.43,15
1826,607,89,2,633.88,0
1827,608,84,3,121.13,5
1828,608,96,4,388.87,5
1829,608,66,4,318.4,0
1830,608,33,2,131.4,0
1831,608,88,3,263.55,5
1832,609,93,4,233.96,5
1833,609,114,4,332.05,5
1834,610,55,2,499.98,10
1835,610,46,3,401.52,15
1836,610,105,1,250.51,5
1837,610,22,1,359.3,10
1838,611,46,4,401.52,0
1839,611,15,2,225.59,20
1840,611,42,4,300.8,20
1841,611,24,3,425.71,0
1842,611,10,2,474.27,15
1843,612,89,1,633.88,15
1844,612,43,2,439.52,5
1845,612,73,3,370.92,0
1846,613,28,1,364.04,10
1847,613,36,1,496.08,10
1848,613,115,4,194.63,15
1849,613,97,4,52.27,0
1850,613,105,3,250.51,0
1851,614,54,1,190.46,0
1852,614,58,2,175.82,10
1853,614,42,4,300.8,0
1854,615,1,4,280.02,0
1855,615,17,4,123.86,0
1856,615,115,1,194.63,0
1857,615,83,1,26.63,0
1858,615,61,1,52.86,20
1859,616,52,1,116.82,10
1860,616,100,3,269.62,5
1861,616,79,1,294.44,5
1862,617,108,3,115.07,10
1863,618,14,3,182.82,20
1864,618,89,4,633.88,0
1865,619,1,1,280.02,0
1866,619,114,1,332.05,0
1867,619,7,3,171.07,0
1868,619,34,3,478.97,15
1869,619,79,4,294.44,0
1870,620,41,2,605.42,20
1871,620,75,4,86.31,15
1872,621,62,4,242.39,0
1873,621,42,4,300.8,0
1874,621,12,3,147.52,20
1875,621,38,1,194.29,0
1876,621,72,2,461.17,15
1877,622,8,2,335.09,0
1878,622,86,2,475.84,5
1879,622,105,4,250.51,0
1880,622,63,1,37.78,0
1881,623,91,4,215.97,15
1882,623,20,1,219.02,0
1883,623,29,3,419.43,5
1884,624,25,1,234.35,0
1885,624,55,2,499.98,15
1886,624,40,1,88.88,0
1887,624,60,1,416.86,15
1888,625,61,4,52.86,0
1889,626,20,4,219.02,10
1890,626,56,3,34.57,0
1891,627,94,4,22.69,0
1892,627,38,2,194.29,5
1893,627,23,3,153.55,10
1894,627,78,4,42.51,10
1895,628,15,1,225.59,0
1896,628,74,3,211.18,0
1897,629,90,4,244.8,5
1898,629,51,1,515.68,0
1899,629,94,3,22.69,5
1900,629,27,2,326.68,20
1901,629,27,3,326.68,15
1902,630,62,3,242.39,20
1903,630,117,2,512.54,0
1904,630,41,1,605.42,0
1905,630,24,3,425.71,5
1906,630,19,1,92.09,15
1907,631,113,1,46.28,0
1908,631,87,1,211.61,10
1909,631,46,4,401.52,10
1910,632,73,3,370.92,20
1911,633,13,3,113.52,20
1912,634,33,4,131.4,0
1913,634,47,4,244.56,0
1914,634,106,3,440.12,0
1915,634,91,3,215.97,10
1916,634,100,4,269.62,0
1917,635,85,2,353.3,0
1918,635,64,1,181.91,0
1919,636,25,4,234.35,15
1920,637,113,2,46.28,0
1921,637,117,3,512.54,0
1922,637,51,4,515.68,0
1923,637,40,2,88.88,0
1924,638,73,3,370.92,0
1925,638,15,1,225.59,5
1926,638,119,2,338.66,5
1927,638,88,2,263.55,10
1928,639,63,3,37.78,0
1929,639,103,3,433.62,0
1930,639,59,1,124.17,0
1931,640,1,4,280.02,0
1932,640,85,1,353.3,0
1933,640,33,2,131.4,0
1934,641,92,3,571.21,0
1935,642,29,1,419.43,5
1936,642,120,3,237.11,0
1937,642,104,4,51.46,5
1938,643,73,4,370.92,15
1939,643,113,3,46.28,20
1940,644,26,3,150.31,0
1941,644,11,3,505.42,10
1942,644,119,4,338.66,10
1943,644,24,4,425.71,20
1944,644,113,4,46.28,0
1945,645,60,3,416.86,5
1946,645,60,4,416.86,5
1947,645,60,1,416.86,10
1948,646,101,2,433.8,10
1949,646,66,3,318.4,0
1950,646,80,3,139.42,0
1951,647,104,4,51.46,20
1952,647,7,1,171.07,0
1953,647,35,1,76.91,0
1954,647,77,1,317.11,20
1955,648,95,1,288.16,15
1956,649,18,2,561.44,15
1957,649,82,2,336.12,0
1958,649,81,3,297.3,15
1959,649,120,1,237.11,20
1960,650,78,1,42.51,10
1961,650,13,2,113.52,0
1962,651,119,1,338.66,0
1963,652,34,4,478.97,20
1964,652,85,1,353.3,5
1965,652,19,1,92.09,0
1966,652,19,2,92.09,0
1967,652,66,2,318.4,5
1968,653,48,3,242.0,5
1969,653,50,1,377.83,5
1970,653,54,4,190.46,0
1971,653,4,3,316.2,5
1972,654,83,4,26.63,0
1973,655,36,1,496.08,0
1974,655,46,2,401.52,0
1975,655,116,4,78.18,10
1976,655,9,2,221.84,15
1977,656,36,3,496.08,5
1978,656,9,4,221.84,5
1979,657,100,3,269.62,0
1980,657,90,3,244.8,10
1981,657,75,3,86.31,10
1982,657,80,4,139.42,0
1983,657,6,1,166.81,20
1984,658,120,4,237.11,0
1985,658,98,2,68.82,20
1986,658,104,2,51.46,0
1987,658,116,2,78.18,15
1988,659,15,1,225.59,20
1989,659,96,1,388.87,5
1990,659,98,3,68.82,10
1991,660,49,2,538.98,15
1992,660,74,2,211.18,0
1993,660,33,4,131.4,5
1994,660,87,3,211.61,0
1995,661,12,1,147.52,15
1996,661,86,1,475.84,0
1997,662,70,1,307.09,0
1998,662,24,4,425.71,0
1999,662,107,2,12.44,10
2000,662,106,4,440.12,10
2001,662,46,3,401.52,10
2002,663,112,1,175.1,10
2003,663,11,2,505.42,20
2004,663,67,3,14.91,0
2005,663,16,4,293.65,0
2006,664,119,3,338.66,5
2007,664,91,3,215.97,0
2008,664,112,2,175.1,0
2009,665,65,3,9.2,5
2010,665,80,1,139.42,10
2011,665,90,1,244.8,10
2012,665,61,3,52.86,15
2013,665,4,1,316.2,0
2014,666,18,2,561.44,10
2015,667,116,1,78.18,0
2016,667,10,4,474.27,10
2017,667,95,1,288.16,10
2018,667,62,2,242.39,0
2019,667,93,1,233.96,0
2020,668,62,3,242.39,20
2021,668,109,2,321.5,0
2022,668,120,1,237.11,0
2023,668,100,2,269.62,10
2024,669,50,4,377.83,15
2025,670,16,3,293.65,0
2026,670,25,3,234.35,5
2027,670,118,1,127.24,0
2028,670,30,1,204.15,10
2029,671,112,2,175.1,20
2030,672,6,3,166.81,0
2031,672,78,2,42.51,0
2032,672,17,4,123.86,5
2033,673,27,4,326.68,15
2034,673,95,3,288.16,20
2035,673,29,4,419.43,15
2036,673,39,3,375.26,20
2037,673,71,3,178.01,20
2038,674,65,1,9.2,0
2039,674,45,4,311.48,15
2040,674,80,4,139.42,0
2041,674,11,2,505.42,0
2042,674,108,2,115.07,0
2043,675,5,2,354.07,15
2044,675,57,4,20.94,0
2045,676,39,1,375.26,0
2046,676,36,4,496.08,5
2047,676,3,4,232.11,5
2048,676,57,1,20.94,0
2049,677,5,3,354.07,0
2050,677,117,3,512.54,20
2051,677,117,3,512.54,20
2052,678,56,4,34.57,20
2053,678,94,1,22.69,20
2054,678,14,4,182.82,15
2055,678,120,3,237.11,20
2056,678,69,4,219.76,5
2057,679,60,2,416.86,0
2058,679,117,1,512.54,0
2059,679,103,3,433.62,0
2060,679,32,3,295.23,0
2061,680,85,3,353.3,20
2062,680,84,1,121.13,0
2063,680,40,3,88.88,20
2064,681,60,1,416.86,0
2065,682,11,3,505.42,10
2066,682,71,3,178.01,0
2067,682,57,2,20.94,0
2068,682,99,3,231.08,0
2069,682,112,4,175.1,0
2070,683,15,1,225.59,0
2071,683,88,4,263.55,10
2072,684,33,1,131.4,15
2073,684,109,3,321.5,10
2074,684,92,1,571.21,10
2075,685,66,1,318.4,0
2076,686,10,4,474.27,0
2077,686,19,1,92.09,0
2078,686,78,3,42.51,0
2079,686,53,3,240.08,5
2080,687,38,2,194.29,10
2081,688,92,3,571.21,0
2082,688,49,1,538.98,15
2083,688,93,2,233.96,5
2084,688,98,1,68.82,0
2085,688,120,2,237.11,10
2086,689,109,1,321.5,10
2087,690,25,3,234.35,0
2088,690,43,2,439.52,20
2089,690,99,3,231.08,0
2090,691,47,1,244.56,0
2091,691,72,1,461.17,0
2092,691,84,4,121.13,10
2093,691,30,4,204.15,20
2094,692,100,4,269.62,15
2095,692,75,2,86.31,10
2096,693,54,2,190.46,10
2097,693,64,2,181.91,0
2098,693,113,4,46.28,0
2099,693,22,1,359.3,5
2100,694,112,1,175.1,20
2101,694,56,1,34.57,15
2102,695,116,4,78.18,0
2103,695,17,4,123.86,15
2104,695,72,2,461.17,15
2105,695,38,1,194.29,0
2106,696,10,3,474.27,5
2107,697,90,2,244.8,15
2108,697,24,1,425.71,0
2109,697,115,1,194.63,10
2110,697,76,3,273.29,15
2111,698,93,3,233.96,20
2112,698,13,2,113.52,0
2113,698,64,3,181.91,0
2114,698,73,4,370.92,0
2115,698,42,4,300.8,0
2116,699,56,3,34.57,10
2117,699,113,3,46.28,0
2118,700,57,2,20.94,0
2119,700,37,3,297.66,10
2120,700,97,1,52.27,0
2121,700,86,3,475.84,0
2122,701,77,1,317.11,10
2123,702,48,2,242.0,0
2124,703,38,1,194.29,15
2125,703,91,1,215.97,5
2126,703,114,4,332.05,5
2127,703,34,1,478.97,20
2128,704,94,1,22.69,0
2129,704,21,3,205.02,0
2130,705,115,1,194.63,5
2131,705,13,3,113.52,0
2132,705,108,1,115.07,15
2133,706,87,2,211.61,0
2134,706,61,2,52.86,5
2135,707,67,2,14.91,0
2136,708,5,4,354.07,15
2137,708,34,4,478.97,15
2138,709,113,3,46.28,20
2139,709,30,3,204.15,15
2140,710,38,1,194.29,0
2141,710,15,3,225.59,5
2142,710,58,3,175.82,0
2143,710,85,4,353.3,0
2144,711,91,2,215.97,20
2145,711,113,4,46.28,20
2146,711,104,4,51.46,10
2147,711,53,2,240.08,0
2148,712,8,3,335.09,0
2149,712,87,3,211.61,5
2150,712,51,4,515.68,5
2151,712,52,3,116.82,0
2152,713,40,4,88.88,5
2153,714,79,3,294.44,0
2154,715,117,3,512.54,20
2155,715,99,1,231.08,15
2156,715,7,2,171.07,0
2157,716,38,2,194.29,0
2158,716,43,4,439.52,0
2159,717,97,1,52.27,10
2160,718,30,2,204.15,0
2161,719,111,1,311.09,0
2162,719,10,4,474.27,0
2163,719,2,2,238.98,0
2164,720,55,1,499.98,0
2165,720,36,4,496.08,0
2166,720,13,3,113.52,15
2167,721,53,3,240.08,5
2168,721,37,2,297.66,5
2169,722,58,2,175.82,10
2170,723,73,1,370.92,15
2171,723,40,3,88.88,0
2172,723,104,1,51.46,0
2173,723,72,2,461.17,0
2174,724,79,4,294.44,10
2175,724,93,2,233.96,0
2176,724,99,4,231.08,0
2177,724,53,3,240.08,15
2178,725,53,1,240.08,0
2179,725,89,2,633.88,20
2180,725,72,4,461.17,10
2181,725,64,3,181.91,15
2182,725,31,3,171.33,5
2183,726,118,1,127.24,5
2184,727,67,1,14.91,0
2185,727,26,4,150.31,20
2186,728,63,2,37.78,15
2187,728,112,4,175.1,5
2188,728,2,3,238.98,0
2189,728,56,3,34.57,15
2190,728,119,3,338.66,10
2191,729,38,2,194.29,20
2192,729,79,3,294.44,10
2193,730,119,2,338.66,0
2194,730,68,4,498.16,0
2195,730,41,4,605.42,0
2196,731,26,1,150.31,10
2197,731,59,3,124.17,0
2198,732,82,2,336.12,0
2199,732,81,1,297.3,0
2200,732,36,3,496.08,20
2201,733,120,3,237.11,10
2202,733,70,2,307.09,0
2203,733,76,2,273.29,0
2204,733,94,2,22.69,0
2205,734,76,4,273.29,0
2206,734,74,3,211.18,20
2207,734,95,4,288.16,0
2208,734,22,1,359.3,20
2209,734,30,2,204.15,0
2210,735,112,1,175.1,0
2211,735,10,1,474.27,0
2212,735,66,4,318.4,5
2213,735,86,4,475.84,0
2214,736,100,4,269.62,15
2215,736,61,3,52.86,0
2216,736,108,3,115.07,10
2217,736,11,2,505.42,0
2218,737,57,4,20.94,15
2219,737,101,3,433.8,15
2220,737,16,4,293.65,15
2221,737,45,2,311.48,0
2222,737,111,3,311.09,20
2223,738,113,2,46.28,5
2224,738,48,2,242.0,15
2225,738,2,2,238.98,5
2226,738,47,2,244.56,0
2227,738,76,3,273.29,0
2228,739,35,1,76.91,15
2229,739,36,4,496.08,5
2230,739,6,3,166.81,0
2231,739,81,1,297.3,10
2232,739,106,1,440.12,20
2233,740,96,1,388.87,0
2234,740,48,1,242.0,10
2235,740,115,2,194.63,15
2236,740,95,2,288.16,20
2237,741,8,4,335.09,15
2238,742,110,2,76.72,15
2239,742,79,1,294.44,0
2240,742,108,3,115.07,15
2241,743,54,1,190.46,0
2242,743,25,2,234.35,15
2243,743,35,1,76.91,0
2244,743,57,1,20.94,0
2245,744,40,3,88.88,10
2246,745,73,4,370.92,0
2247,746,81,1,297.3,20
2248,746,22,1,359.3,0
2249,746,82,3,336.12,5
2250,746,11,2,505.42,0
2251,746,108,2,115.07,15
2252,747,23,3,153.55,0
2253,747,73,3,370.92,5
2254,747,29,2,419.43,0
2255,748,34,1,478.97,5
2256,748,46,3,401.52,0
2257,748,99,4,231.08,20
2258,748,81,2,297.3,0
2259,749,45,3,311.48,0
2260,749,44,3,271.84,0
2261,749,66,2,318.4,0
2262,749,28,4,364.04,0
2263,750,76,3,273.29,0
2264,750,73,4,370.92,15
2265,750,76,1,273.29,0
2266,750,90,1,244.8,15
2267,751,83,1,26.63,0
2268,751,117,3,512.54,0
2269,751,21,4,205.02,10
2270,752,76,4,273.29,15
2271,752,52,4,116.82,20
2272,752,32,3,295.23,15
2273,752,48,3,242.0,5
2274,753,98,1,68.82,5
2275,753,55,3,499.98,10
2276,754,114,2,332.05,10
2277,754,97,2,52.27,0
2278,754,85,3,353.3,20
2279,755,103,3,433.62,5
2280,755,51,2,515.68,5
2281,756,40,1,88.88,0
2282,756,31,2,171.33,5
2283,756,12,2,147.52,0
2284,757,13,4,113.52,10
2285,757,88,4,263.55,15
2286,757,28,4,364.04,15
2287,758,98,2,68.82,5
2288,758,99,3,231.08,0
2289,758,105,4,250.51,10
2290,759,4,2,316.2,10
2291,759,23,2,153.55,0
2292,759,47,3,244.56,10
2293,759,106,1,440.12,10
2294,759,77,4,317.11,0
2295,760,39,4,375.26,0
2296,760,44,4,271.84,15
2297,761,5,3,354.07,5
2298,761,23,2,153.55,5
2299,761,88,1,263.55,5
2300,761,104,1,51.46,0
2301,762,74,4,211.18,15
2302,762,59,1,124.17,5
2303,763,55,3,499.98,15
2304,763,82,1,336.12,10
2305,763,104,4,51.46,10
2306,764,15,2,225.59,5
2307,764,69,4,219.76,20
2308,764,87,1,211.61,0
2309,765,94,4,22.69,5
2310,765,7,4,171.07,0
2311,765,6,1,166.81,20
2312,765,63,4,37.78,0
2313,765,7,3,171.07,0
2314,766,38,3,194.29,5
2315,766,3,4,232.11,0
2316,767,69,4,219.76,0
2317,768,82,4,336.12,5
2318,768,115,3,194.63,0
2319,769,73,4,370.92,0
2320,769,10,3,474.27,0
2321,769,5,2,354.07,10
2322,769,93,1,233.96,5
2323,769,66,1,318.4,0
2324,770,96,3,388.87,15
2325,770,84,1,121.13,20
2326,771,79,2,294.44,15
2327,771,103,1,433.62,0
2328,771,74,4,211.18,0
2329,772,78,4,42.51,0
2330,773,101,4,433.8,15
2331,774,13,2,113.52,0
2332,774,3,3,232.11,0
2333,774,9,3,221.84,15
2334,775,43,4,439.52,5
2335,775,120,1,237.11,0
2336,775,44,3,271.84,0
2337,775,106,4,440.12,0
2338,775,60,4,416.86,0
2339,776,11,4,505.42,10
2340,776,45,1,311.48,0
2341,776,96,3,388.87,0
2342,776,38,3,194.29,5
2343,776,87,4,211.61,0
2344,777,54,1,190.46,20
2345,777,37,4,297.66,0
2346,777,49,2,538.98,5
2347,777,78,1,42.51,0
2348,778,111,2,311.09,20
2349,778,100,4,269.62,10
2350,779,41,3,605.42,15
2351,779,14,3,182.82,10
2352,779,69,4,219.76,0
2353,780,21,2,205.02,5
2354,780,37,1,297.66,10
2355,780,107,3,12.44,20
2356,780,60,2,416.86,15
2357,781,53,2,240.08,15
2358,781,4,2,316.2,0
2359,781,79,1,294.44,10
2360,781,74,4,211.18,0
2361,782,88,1,263.55,0
2362,782,3,4,232.11,10
2363,782,66,2,318.4,20
2364,782,117,2,512.54,5
2365,783,42,2,300.8,0
2366,783,9,1,221.84,0
2367,784,31,2,171.33,5
2368,784,65,1,9.2,20
2369,784,78,3,42.51,20
2370,784,118,2,127.24,0
2371,785,111,4,311.09,20
2372,785,50,1,377.83,20
2373,785,54,3,190.46,15
2374,785,69,1,219.76,15
2375,786,38,4,194.29,20
2376,787,81,4,297.3,5
2377,787,101,1,433.8,0
2378,787,19,3,92.09,20
2379,787,106,1,440.12,15
2380,787,22,3,359.3,5
2381,788,34,1,478.97,0
2382,788,83,1,26.63,5
2383,789,43,4,439.52,15
2384,789,34,3,478.97,10
2385,789,5,2,354.07,0
2386,789,67,3,14.91,0
2387,790,92,2,571.21,10
2388,790,82,3,336.12,5
2389,790,92,4,571.21,15
2390,791,33,2,131.4,0
2391,791,109,2,321.5,10
2392,791,39,2,375.26,10
2393,791,2,3,238.98,0
2394,792,45,2,311.48,10
2395,792,110,3,76.72,10
2396,793,23,4,153.55,5
2397,793,2,1,238.98,0
2398,793,29,3,419.43,0
2399,793,29,2,419.43,0
2400,794,73,1,370.92,20
2401,794,96,2,388.87,15
2402,794,26,3,150.31,15
2403,794,5,4,354.07,15
2404,795,109,1,321.5,20
2405,795,8,4,335.09,10
2406,795,67,2,14.91,0
2407,795,33,2,131.4,15
2408,795,120,2,237.11,0
2409,796,35,3,76.91,0
2410,796,96,2,388.87,15
2411,796,107,1,12.44,0
2412,796,67,3,14.91,0
2413,796,27,2,326.68,0
2414,797,113,1,46.28,0
2415,797,102,1,47.26,0
2416,797,62,1,242.39,5
2417,797,11,4,505.42,0
2418,797,13,2,113.52,10
2419,798,93,4,233.96,20
2420,799,33,4,131.4,10
2421,800,37,3,297.66,0
2422,800,112,2,175.1,0
2423,800,36,3,496.08,15
2424,800,57,1,20.94,20
2425,800,24,4,425.71,0
2426,801,98,4,68.82,15
2427,802,106,2,440.12,0
2428,802,100,1,269.62,20
2429,802,30,2,204.15,0
2430,802,65,3,9.2,0
2431,802,99,4,231.08,0
2432,803,42,2,300.8,0
2433,803,99,4,231.08,20
2434,804,61,4,52.86,20
2435,804,93,3,233.96,0
2436,804,120,3,237.11,5
2437,804,120,3,237.11,0
2438,804,19,3,92.09,0
2439,805,51,4,515.68,0
2440,805,98,4,68.82,0
2441,805,53,3,240.08,15
2442,805,104,2,51.46,5
2443,805,99,3,231.08,0
2444,806,38,3,194.29,0
2445,806,42,4,300.8,20
2446,806,49,3,538.98,10
2447,807,110,3,76.72,0
2448,807,10,2,474.27,0
2449,807,42,4,300.8,15
2450,807,76,4,273.29,0
2451,808,76,4,273.29,0
2452,808,13,1,113.52,15
2453,808,44,3,271.84,10
2454,808,48,4,242.0,0
2455,808,15,4,225.59,0
2456,809,106,2,440.12,20
2457,809,20,3,219.02,10
2458,809,26,1,150.31,5
2459,809,32,3,295.23,10
2460,810,18,1,561.44,20
2461,811,96,2,388.87,0
2462,811,42,4,300.8,0
2463,811,59,3,124.17,0
2464,811,26,3,150.31,0
2465,812,51,4,515.68,20
2466,812,7,1,171.07,10
2467,812,48,1,242.0,10
2468,812,56,1,34.57,10
2469,813,82,1,336.12,15
2470,813,10,1,474.27,10
2471,813,100,1,269.62,10
2472,814,84,2,121.13,20
2473,814,10,4,474.27,20
2474,814,36,4,496.08,5
2475,814,114,2,332.05,15
2476,814,43,1,439.52,0
2477,815,114,1,332.05,5
2478,815,74,3,211.18,0
2479,815,80,4,139.42,0
2480,815,2,2,238.98,0
2481,816,69,4,219.76,15
2482,816,86,2,475.84,20
2483,816,106,3,440.12,15
2484,817,13,1,113.52,10
2485,817,78,1,42.51,20
2486,818,119,2,338.66,15
2487,818,27,2,326.68,0
2488,818,21,4,205.02,0
2489,819,16,4,293.65,0
2490,819,57,2,20.94,5
2491,819,7,4,171.07,5
2492,819,52,2,116.82,0
2493,820,65,1,9.2,0
2494,820,97,2,52.27,0
2495,821,54,2,190.46,0
2496,821,12,3,147.52,5
2497,821,33,1,131.4,5
2498,822,46,3,401.52,0
2499,823,84,4,121.13,5
2500,824,23,1,153.55,0
2501,824,67,2,14.91,0
2502,825,111,3,311.09,0
2503,825,80,4,139.42,20
2504,826,95,2,288.16,0
2505,826,113,1,46.28,20
2506,827,117,3,512.54,10
2507,827,42,1,300.8,20
2508,827,4,3,316.2,0
2509,828,70,4,307.09,20
2510,829,115,2,194.63,0
2511,829,54,1,190.46,0
2512,829,61,4,52.86,5
2513,830,40,4,88.88,5
2514,831,79,1,294.44,5
2515,831,64,2,181.91,0
2516,831,29,2,419.43,20
2517,832,37,1,297.66,0
2518,832,29,3,419.43,0
2519,832,94,3,22.69,0
2520,832,91,4,215.97,15
2521,833,98,2,68.82,0
2522,833,55,3,499.98,15
2523,833,19,1,92.09,15
2524,834,2,2,238.98,15
2525,834,5,2,354.07,0
2526,835,25,4,234.35,5
2527,835,28,4,364.04,10
2528,835,34,4,478.97,0
2529,836,33,3,131.4,20
2530,836,112,4,175.1,20
2531,837,9,3,221.84,5
2532,837,83,1,26.63,10
2533,837,17,1,123.86,0
2534,838,17,3,123.86,0
2535,838,58,4,175.82,10
2536,838,11,2,505.42,5
2537,839,100,1,269.62,0
2538,839,94,3,22.69,10
2539,840,47,2,244.56,15
2540,840,68,2,498.16,0
2541,840,21,1,205.02,15
2542,840,22,2,359.3,20
2543,840,120,2,237.11,10
2544,841,38,4,194.29,10
2545,841,54,4,190.46,5
2546,841,42,2,300.8,15
2547,841,39,1,375.26,0
2548,842,77,1,317.11,0
2549,842,97,4,52.27,0
2550,842,19,4,92.09,20
2551,842,21,2,205.02,5
2552,842,101,2,433.8,15
2553,843,10,2,474.27,0
2554,843,18,4,561.44,0
2555,843,93,2,233.96,0
2556,844,67,3,14.91,10
2557,845,106,1,440.12,10
2558,845,96,4,388.87,0
2559,845,10,3,474.27,0
2560,846,55,2,499.98,15
2561,846,89,4,633.88,20
2562,846,38,2,194.29,10
2563,846,14,1,182.82,15
2564,847,108,4,115.07,5
2565,847,8,1,335.09,20
2566,847,99,3,231.08,20
2567,847,93,3,233.96,0
2568,848,46,1,401.52,0
2569,848,13,4,113.52,0
2570,848,75,4,86.31,0
2571,849,72,4,461.17,10
2572,849,67,4,14.91,0
2573,849,78,1,42.51,10
2574,849,108,1,115.07,10
2575,850,54,4,190.46,15
2576,850,96,1,388.87,0
2577,850,83,4,26.63,20
2578,850,59,1,124.17,5
2579,850,105,4,250.51,15
2580,851,13,3,113.52,5
2581,851,103,1,433.62,15
2582,851,59,3,124.17,0
2583,852,36,4,496.08,20
2584,852,7,3,171.07,5
2585,853,83,3,26.63,15
2586,853,52,3,116.82,20
2587,853,105,2,250.51,20
2588,853,64,1,181.91,0
2589,853,46,2,401.52,0
2590,854,80,4,139.42,15
2591,854,24,4,425.71,0
2592,854,34,4,478.97,0
2593,855,3,1,232.11,0
2594,855,75,3,86.31,10
2595,855,90,3,244.8,20
2596,856,26,1,150.31,0
2597,857,69,3,219.76,5
2598,857,18,4,561.44,0
2599,857,109,3,321.5,10
2600,858,32,2,295.23,15
2601,859,32,2,295.23,5
2602,859,83,2,26.63,0
2603,860,108,4,115.07,5
2604,860,72,2,461.17,5
2605,860,24,4,425.71,15
2606,860,74,4,211.18,15
2607,861,116,2,78.18,0
2608,861,70,3,307.09,0
2609,861,89,2,633.88,0
2610,862,91,4,215.97,10
2611,862,41,1,605.42,20
2612,862,106,2,440.12,15
2613,862,45,2,311.48,5
2614,862,35,1,76.91,5
2615,863,3,4,232.11,10
2616,863,84,1,121.13,0
2617,864,93,3,233.96,10
2618,865,51,2,515.68,15
2619,865,58,3,175.82,10
2620,866,53,2,240.08,20
2621,866,70,3,307.09,20
2622,866,1,1,280.02,15
2623,866,97,3,52.27,10
2624,866,16,1,293.65,10
2625,867,77,2,317.11,20
2626,867,24,1,425.71,15
2627,868,74,4,211.18,20
2628,868,53,4,240.08,15
2629,868,61,2,52.86,20
2630,868,44,2,271.84,0
2631,869,12,2,147.52,0
2632,869,52,2,116.82,0
2633,869,45,1,311.48,0
2634,869,58,1,175.82,10
2635,870,88,3,263.55,0
2636,871,40,1,88.88,20
2637,871,116,3,78.18,20
2638,871,9,2,221.84,0
2639,871,82,4,336.12,0
2640,872,77,3,317.11,10
2641,872,23,4,153.55,15
2642,873,4,1,316.2,10
2643,873,114,1,332.05,20
2644,873,120,3,237.11,0
2645,873,14,3,182.82,15
2646,874,25,2,234.35,10
2647,874,118,3,127.24,5
2648,874,119,4,338.66,20
2649,874,58,1,175.82,15
2650,875,105,4,250.51,0
2651,875,102,4,47.26,0
2652,876,12,3,147.52,10
2653,876,73,4,370.92,20
2654,876,70,2,307.09,0
2655,876,42,2,300.8,5
2656,876,98,2,68.82,0
2657,877,63,1,37.78,5
2658,878,64,3,181.91,20
2659,878,88,1,263.55,10
2660,878,107,1,12.44,0
2661,879,70,2,307.09,15
2662,879,41,1,605.42,10
2663,879,4,1,316.2,0
2664,879,50,2,377.83,0
2665,879,69,1,219.76,20
2666,880,48,1,242.0,0
2667,880,13,4,113.52,0
2668,880,115,2,194.63,15
2669,880,41,1,605.42,15
2670,880,27,4,326.68,0
2671,881,27,1,326.68,0
2672,881,1,2,280.02,15
2673,881,105,3,250.51,0
2674,881,50,2,377.83,0
2675,882,80,3,139.42,5
2676,882,88,3,263.55,0
2677,883,106,4,440.12,5
2678,883,36,2,496.08,20
2679,883,100,4,269.62,0
2680,883,77,1,317.11,15
2681,884,10,1,474.27,0
2682,884,21,4,205.02,0
2683,885,88,4,263.55,0
2684,885,69,3,219.76,0
2685,885,110,3,76.72,0
2686,886,109,4,321.5,0
2687,886,17,1,123.86,5
2688,886,62,1,242.39,0
2689,886,30,1,204.15,20
2690,886,50,2,377.83,0
2691,887,95,2,288.16,5
2692,887,77,1,317.11,15
2693,887,120,2,237.11,20
2694,887,27,3,326.68,0
2695,888,118,2,127.24,0
2696,888,60,2,416.86,15
2697,888,8,4,335.09,5
2698,889,43,4,439.52,0
2699,889,112,4,175.1,0
2700,890,19,3,92.09,0
2701,890,15,1,225.59,5
2702,891,48,1,242.0,0
2703,891,116,1,78.18,15
2704,891,30,1,204.15,5
2705,892,110,2,76.72,20
2706,893,120,4,237.11,0
2707,893,88,4,263.55,5
2708,893,117,2,512.54,15
2709,893,63,3,37.78,0
2710,894,29,2,419.43,0
2711,894,82,2,336.12,5
2712,894,33,2,131.4,0
2713,895,53,2,240.08,5
2714,895,17,3,123.86,0
2715,895,52,4,116.82,5
2716,895,59,4,124.17,5
2717,896,18,2,561.44,0
2718,896,28,2,364.04,10
2719,896,25,3,234.35,5
2720,896,71,4,178.01,0
2721,897,70,4,307.09,0
2722,898,44,2,271.84,15
2723,898,50,4,377.83,0
2724,899,35,2,76.91,15
2725,899,52,2,116.82,0
2726,900,98,4,68.82,0
2727,900,79,1,294.44,15
2728,901,43,1,439.52,0
2729,902,108,1,115.07,0
2730,902,80,3,139.42,10
2731,902,116,4,78.18,5
2732,903,21,2,205.02,0
2733,903,54,1,190.46,10
2734,903,117,4,512.54,0
2735,903,72,4,461.17,15
2736,903,36,2,496.08,0
2737,904,113,4,46.28,5
2738,904,49,4,538.98,0
2739,905,74,2,211.18,5
2740,905,115,1,194.63,5
2741,905,86,3,475.84,0
2742,905,11,3,505.42,0
2743,905,23,2,153.55,10
2744,906,82,3,336.12,0
2745,906,92,1,571.21,0
2746,907,54,2,190.46,0
2747,907,109,3,321.5,0
2748,907,66,3,318.4,10
2749,907,116,1,78.18,5
2750,907,41,2,605.42,0
2751,908,44,1,271.84,0
2752,908,96,4,388.87,15
2753,908,11,3,505.42,10
2754,908,5,2,354.07,20
2755,909,26,4,150.31,5
2756,909,50,1,377.83,15
2757,909,87,3,211.61,15
2758,909,49,3,538.98,0
2759,910,45,3,311.48,10
2760,910,25,4,234.35,0
2761,911,111,1,311.09,0
2762,911,104,2,51.46,20
2763,911,98,1,68.82,0
2764,912,100,1,269.62,20
2765,912,10,1,474.27,15
2766,913,81,3,297.3,20
2767,913,86,1,475.84,10
2768,913,16,1,293.65,15
2769,913,18,2,561.44,15
2770,914,1,4,280.02,20
2771,915,42,2,300.8,5
2772,915,105,2,250.51,15
2773,915,64,2,181.91,5
2774,915,37,1,297.66,5
2775,916,34,2,478.97,10
2776,916,74,2,211.18,15
2777,917,97,2,52.27,0
2778,917,51,3,515.68,10
2779,917,53,3,240.08,0
2780,918,37,2,297.66,0
2781,918,8,1,335.09,5
2782,918,45,1,311.48,10
2783,919,41,3,605.42,15
2784,920,58,3,175.82,15
2785,920,104,4,51.46,0
2786,920,64,3,181.91,20
2787,921,6,3,166.81,5
2788,921,60,4,416.86,0
2789,922,95,4,288.16,5
2790,922,4,2,316.2,20
2791,923,102,2,47.26,0
2792,923,76,2,273.29,0
2793,923,13,1,113.52,5
2794,923,61,2,52.86,0
2795,924,107,3,12.44,0
2796,924,25,4,234.35,10
2797,924,93,4,233.96,5
2798,925,9,3,221.84,15
2799,926,103,2,433.62,5
2800,926,63,1,37.78,0
2801,926,81,2,297.3,0
2802,926,81,3,297.3,15
2803,927,37,3,297.66,15
2804,927,48,2,242.0,0
2805,927,73,4,370.92,0
2806,927,3,4,232.11,0
2807,927,54,2,190.46,0
2808,928,101,3,433.8,10
2809,928,44,3,271.84,15
2810,928,25,2,234.35,0
2811,928,101,2,433.8,15
2812,929,41,1,605.42,5
2813,930,60,3,416.86,0
2814,930,58,4,175.82,20
2815,930,25,3,234.35,15
2816,930,19,3,92.09,20
2817,931,42,3,300.8,20
2818,932,63,3,37.78,10
2819,932,114,2,332.05,20
2820,932,104,2,51.46,10
2821,933,68,3,498.16,0
2822,933,102,4,47.26,5
2823,934,4,1,316.2,15
2824,934,83,4,26.63,0
2825,934,48,4,242.0,20
2826,935,57,3,20.94,0
2827,935,120,3,237.11,5
2828,935,36,2,496.08,15
2829,935,78,4,42.51,0
2830,935,21,2,205.02,0
2831,936,62,3,242.39,0
2832,936,41,4,605.42,10
2833,936,4,4,316.2,15
2834,936,42,4,300.8,0
2835,936,42,1,300.8,15
2836,937,8,2,335.09,5
2837,937,9,1,221.84,0
2838,937,20,1,219.02,10
2839,937,21,2,205.02,0
2840,937,97,3,52.27,0
2841,938,52,1,116.82,10
2842,938,54,4,190.46,15
2843,938,20,1,219.02,20
2844,938,27,4,326.68,0
2845,939,4,1,316.2,15
2846,939,108,2,115.07,5
2847,939,6,1,166.81,0
2848,939,98,2,68.82,0
2849,939,112,2,175.1,10
2850,940,64,1,181.91,15
2851,940,92,4,571.21,10
2852,940,9,1,221.84,0
2853,941,45,1,311.48,10
2854,942,69,1,219.76,15
2855,942,96,3,388.87,0
2856,943,97,3,52.27,0
2857,943,26,3,150.31,0
2858,944,84,4,121.13,0
2859,944,24,1,425.71,0
2860,944,50,1,377.83,15
2861,944,120,2,237.11,0
2862,944,98,3,68.82,20
2863,945,60,1,416.86,15
2864,945,81,2,297.3,10
2865,945,114,3,332.05,0
2866,946,111,3,311.09,0
2867,946,64,4,181.91,15
2868,947,62,3,242.39,20
2869,947,86,2,475.84,0
2870,947,79,1,294.44,0
2871,947,110,1,76.72,10
2872,948,94,2,22.69,0
2873,948,7,3,171.07,0
2874,948,83,2,26.63,5
2875,948,95,3,288.16,0
2876,949,39,2,375.26,0
2877,950,23,1,153.55,0
2878,950,12,2,147.52,5
2879,950,112,3,175.1,0
2880,950,3,4,232.11,0
2881,951,4,1,316.2,5
2882,951,56,4,34.57,5
2883,951,23,1,153.55,10
2884,951,115,1,194.63,15
2885,952,4,3,316.2,20
2886,952,25,2,234.35,15
2887,952,58,1,175.82,15
2888,953,102,2,47.26,15
2889,953,109,1,321.5,0
2890,953,47,1,244.56,10
2891,953,48,4,242.0,20
2892,954,93,2,233.96,0
2893,954,95,3,288.16,5
2894,954,23,4,153.55,0
2895,955,87,4,211.61,0
2896,955,56,1,34.57,10
2897,955,33,2,131.4,0
2898,955,119,3,338.66,15
2899,956,65,2,9.2,10
2900,956,44,2,271.84,20
2901,956,103,2,433.62,20
2902,957,65,1,9.2,10
2903,958,95,2,288.16,15
2904,958,91,3,215.97,5
2905,959,85,4,353.3,0
2906,959,74,3,211.18,15
2907,959,53,1,240.08,0
2908,959,82,4,336.12,0
2909,959,107,2,12.44,15
2910,960,89,3,633.88,0
2911,961,105,2,250.51,0
2912,962,9,3,221.84,5
2913,963,90,3,244.8,0
2914,964,118,4,127.24,15
2915,964,79,1,294.44,15
2916,964,63,1,37.78,5
2917,964,41,3,605.42,0
2918,964,33,4,131.4,20
2919,965,80,3,139.42,15
2920,965,63,1,37.78,5
2921,965,5,4,354.07,20
2922,965,116,1,78.18,5
2923,965,33,1,131.4,0
2924,966,78,4,42.51,0
2925,966,42,3,300.8,10
2926,967,2,2,238.98,10
2927,968,60,3,416.86,15
2928,968,73,4,370.92,20
2929,969,63,2,37.78,5
2930,969,38,2,194.29,0
2931,969,38,3,194.29,5
2932,969,15,2,225.59,20
2933,969,10,2,474.27,5
2934,970,99,4,231.08,0
2935,970,39,2,375.26,0
2936,971,104,1,51.46,0
2937,971,22,2,359.3,0
2938,971,95,1,288.16,5
2939,971,64,3,181.91,20
2940,972,82,1,336.12,5
2941,972,61,1,52.86,0
2942,972,56,4,34.57,0
2943,973,118,2,127.24,0
2944,973,16,1,293.65,0
2945,973,12,2,147.52,15
2946,973,26,4,150.31,15
2947,973,70,3,307.09,10
2948,974,72,1,461.17,0
2949,975,2,3,238.98,0
2950,975,66,1,318.4,0
2951,975,68,3,498.16,10
2952,975,68,1,498.16,0
2953,976,25,4,234.35,5
2954,976,62,2,242.39,0
2955,977,19,2,92.09,20
2956,978,73,2,370.92,0
2957,979,8,4,335.09,0
2958,979,112,3,175.1,20
2959,979,51,1,515.68,0
2960,979,86,3,475.84,5
2961,980,114,4,332.05,15
2962,980,112,2,175.1,0
2963,980,77,3,317.11,5
2964,980,99,1,231.08,5
2965,980,77,1,317.11,5
2966,981,48,3,242.0,5
2967,982,42,3,300.8,20
2968,982,61,4,52.86,5
2969,982,97,2,52.27,5
2970,982,44,1,271.84,15
2971,982,63,3,37.78,10
2972,983,77,2,317.11,0
2973,983,119,3,338.66,0
2974,983,73,2,370.92,0
2975,984,36,3,496.08,10
2976,984,55,2,499.98,20
2977,984,79,2,294.44,20
2978,984,99,3,231.08,0
2979,985,75,2,86.31,0
2980,985,93,3,233.96,15
2981,985,32,2,295.23,10
2982,985,102,3,47.26,0
2983,986,92,3,571.21,10
2984,986,59,3,124.17,0
2985,986,33,1,131.4,0
2986,986,16,4,293.65,20
2987,987,119,4,338.66,5
2988,987,120,3,237.11,10
2989,987,73,4,370.92,0
2990,988,56,4,34.57,0
2991,988,16,2,293.65,0
2992,988,16,3,293.65,20
2993,988,103,1,433.62,0
2994,989,17,1,123.86,15
2995,989,88,4,263.55,0
2996,989,6,1,166.81,0
2997,990,30,2,204.15,10
2998,990,78,3,42.51,10
2999,991,98,2,68.82,0
3000,991,104,4,51.46,0
3001,991,70,1,307.09,0
3002,992,13,2,113.52,20
3003,993,118,2,127.24,0
3004,993,14,1,182.82,0
3005,994,58,2,175.82,0
3006,994,13,1,113.52,5
3007,994,92,4,571.21,5
3008,994,20,4,219.02,20
3009,995,27,4,326.68,5
3010,995,102,3,47.26,0
3011,995,3,4,232.11,10
3012,996,91,1,215.97,10
3013,996,108,4,115.07,0
3014,997,36,2,496.08,15
3015,997,38,2,194.29,5
3016,997,77,4,317.11,0
3017,997,88,2,263.55,15
3018,998,47,4,244.56,0
3019,998,63,4,37.78,15
3020,998,58,4,175.82,0
3021,999,62,2,242.39,0
3022,999,29,2,419.43,20
3023,999,5,4,354.07,0
3024,1000,7,3,171.07,0
3025,1000,68,3,498.16,5
3026,1000,20,3,219.02,0
3027,1000,110,4,76.72,0
3028,1000,112,2,175.1,0
3029,1001,80,1,139.42,10
3030,1002,115,2,194.63,0
3031,1002,3,2,232.11,10
3032,1002,92,1,571.21,0
3033,1002,99,1,231.08,0
3034,1003,98,3,68.82,15
3035,1003,23,2,153.55,10
3036,1003,120,2,237.11,0
3037,1003,101,1,433.8,0
3038,1003,110,2,76.72,20
3039,1004,51,2,515.68,0
3040,1005,107,3,12.44,10
3041,1005,101,3,433.8,5
3042,1005,32,4,295.23,0
3043,1005,91,1,215.97,15
3044,1005,32,2,295.23,15
3045,1006,1,3,280.02,5
3046,1006,68,4,498.16,15
3047,1007,60,3,416.86,20
3048,1007,78,4,42.51,20
3049,1007,33,4,131.4,0
3050,1007,65,4,9.2,0
3051,1007,104,1,51.46,0
3052,1008,49,4,538.98,0
3053,1008,48,1,242.0,0
3054,1008,63,2,37.78,20
3055,1008,3,2,232.11,5
3056,1009,84,3,121.13,5
3057,1009,32,2,295.23,0
3058,1010,92,4,571.21,0
3059,1010,113,2,46.28,5
3060,1010,17,4,123.86,0
3061,1010,32,2,295.23,15
3062,1011,117,4,512.54,15
3063,1011,112,4,175.1,0
3064,1011,77,3,317.11,0
3065,1011,106,4,440.12,0
3066,1012,40,2,88.88,0
3067,1012,13,2,113.52,15
3068,1013,81,3,297.3,0
3069,1013,58,4,175.82,0
3070,1014,48,1,242.0,20
3071,1014,67,1,14.91,5
3072,1014,98,4,68.82,5
3073,1015,65,1,9.2,0
3074,1015,120,4,237.11,0
3075,1015,85,4,353.3,15
3076,1015,93,3,233.96,0
3077,1015,19,2,92.09,0
3078,1016,39,1,375.26,0
3079,1017,55,3,499.98,0
3080,1017,1,1,280.02,0
3081,1018,60,2,416.86,15
3082,1018,64,1,181.91,0
3083,1019,109,4,321.5,0
3084,1019,74,3,211.18,15
3085,1019,86,3,475.84,10
3086,1020,29,1,419.43,5
3087,1020,62,3,242.39,0
3088,1021,7,3,171.07,20
3089,1021,111,3,311.09,0
3090,1021,106,2,440.12,10
3091,1021,29,2,419.43,0
3092,1022,96,4,388.87,5
3093,1022,73,3,370.92,0
3094,1022,11,2,505.42,0
3095,1022,80,4,139.42,15
3096,1023,20,4,219.02,5
3097,1023,4,3,316.2,0
3098,1023,16,3,293.65,0
3099,1023,63,4,37.78,5
3100,1024,32,2,295.23,0
3101,1024,21,3,205.02,10
3102,1024,49,1,538.98,0
3103,1025,115,1,194.63,20
3104,1025,104,2,51.46,0
3105,1025,1,4,280.02,0
3106,1025,5,2,354.07,0
3107,1026,115,3,194.63,0
3108,1026,13,1,113.52,10
3109,1027,102,2,47.26,5
3110,1027,106,4,440.12,0
3111,1028,107,3,12.44,0
3112,1029,13,4,113.52,10
3113,1029,29,3,419.43,0
3114,1029,51,3,515.68,15
3115,1029,21,4,205.02,20
3116,1029,58,3,175.82,10
3117,1030,102,3,47.26,15
3118,1030,42,2,300.8,0
3119,1031,113,1,46.28,0
3120,1031,14,4,182.82,0
3121,1031,20,1,219.02,0
3122,1031,99,3,231.08,15
3123,1031,41,2,605.42,15
3124,1032,94,3,22.69,15
3125,1032,27,4,326.68,15
3126,1032,5,3,354.07,0
3127,1032,51,2,515.68,0
3128,1032,9,1,221.84,0
3129,1033,85,4,353.3,20
3130,1033,91,3,215.97,5
3131,1033,18,3,561.44,15
3132,1033,91,4,215.97,15
3133,1034,33,4,131.4,0
3134,1034,63,3,37.78,0
3135,1035,36,2,496.08,15
3136,1035,24,4,425.71,0
3137,1035,99,1,231.08,15
3138,1035,47,3,244.56,20
3139,1036,26,2,150.31,0
3140,1036,43,3,439.52,10
3141,1036,51,2,515.68,5
3142,1036,99,1,231.08,5
3143,1036,93,3,233.96,10
3144,1037,76,1,273.29,5
3145,1037,107,4,12.44,5
3146,1037,118,2,127.24,0
3147,1037,107,2,12.44,5
3148,1038,33,4,131.4,0
3149,1038,1,2,280.02,0
3150,1038,29,4,419.43,0
3151,1038,51,1,515.68,5
3152,1038,7,1,171.07,20
3153,1039,65,3,9.2,20
3154,1040,69,3,219.76,20
3155,1040,15,2,225.59,5
3156,1041,88,4,263.55,0
3157,1042,22,3,359.3,15
3158,1042,33,4,131.4,0
3159,1042,116,4,78.18,0
3160,1043,40,1,88.88,0
3161,1043,20,1,219.02,20
3162,1043,120,1,237.11,0
3163,1044,44,1,271.84,10
3164,1044,99,4,231.08,10
3165,1044,16,4,293.65,15
3166,1044,79,3,294.44,20
3167,1045,70,3,307.09,15
3168,1045,3,1,232.11,0
3169,1046,25,4,234.35,20
3170,1046,81,3,297.3,0
3171,1046,44,4,271.84,20
3172,1046,97,4,52.27,0
3173,1046,104,4,51.46,0
3174,1047,96,2,388.87,20
3175,1048,26,1,150.31,0
3176,1048,58,2,175.82,0
3177,1048,74,3,211.18,0
3178,1049,41,4,605.42,0
3179,1050,76,2,273.29,5
3180,1051,101,3,433.8,0
3181,1052,39,2,375.26,15
3182,1053,10,3,474.27,0
3183,1053,64,3,181.91,15
3184,1053,39,4,375.26,0
3185,1053,4,3,316.2,0
3186,1054,47,1,244.56,0
3187,1055,74,2,211.18,10
3188,1055,103,1,433.62,0
3189,1056,104,3,51.46,10
3190,1057,40,4,88.88,0
3191,1058,76,1,273.29,0
3192,1059,70,1,307.09,0
3193,1059,21,2,205.02,0
3194,1059,43,2,439.52,0
3195,1059,84,1,121.13,15
3196,1060,22,2,359.3,5
3197,1060,1,3,280.02,10
3198,1061,28,4,364.04,0
3199,1061,106,3,440.12,0
3200,1061,18,4,561.44,10
3201,1061,53,3,240.08,0
3202,1062,1,1,280.02,5
3203,1062,76,2,273.29,15
3204,1062,33,2,131.4,10
3205,1062,24,1,425.71,15
3206,1063,94,1,22.69,15
3207,1064,1,2,280.02,15
3208,1064,15,1,225.59,5
3209,1064,14,3,182.82,0
3210,1064,58,2,175.82,0
3211,1064,93,1,233.96,20
3212,1065,57,2,20.94,20
3213,1065,82,2,336.12,0
3214,1065,50,3,377.83,0
3215,1066,56,1,34.57,0
3216,1066,1,4,280.02,5
3217,1066,21,1,205.02,20
3218,1067,15,3,225.59,0
3219,1067,37,3,297.66,0
3220,1067,55,1,499.98,5
3221,1067,101,1,433.8,10
3222,1068,108,4,115.07,5
3223,1068,35,2,76.91,5
3224,1068,29,4,419.43,0
3225,1069,66,2,318.4,0
3226,1069,35,3,76.91,10
3227,1069,33,1,131.4,0
3228,1069,111,3,311.09,15
3229,1069,52,1,116.82,0
3230,1070,97,2,52.27,15
3231,1070,64,1,181.91,0
3232,1071,1,4,280.02,0
3233,1071,24,1,425.71,15
3234,1071,40,4,88.88,0
3235,1072,86,3,475.84,0
3236,1072,49,4,538.98,10
3237,1072,26,2,150.31,0
3238,1072,6,3,166.81,0
3239,1073,56,1,34.57,15
3240,1073,10,1,474.27,10
3241,1074,60,4,416.86,10
3242,1074,95,1,288.16,0
3243,1075,28,3,364.04,0
3244,1075,5,3,354.07,0
3245,1076,114,4,332.05,0
3246,1076,12,3,147.52,0
3247,1076,79,1,294.44,0
3248,1076,104,3,51.46,20
3249,1076,77,2,317.11,0
3250,1077,119,4,338.66,20
3251,1078,30,3,204.15,0
3252,1078,55,3,499.98,0
3253,1078,97,4,52.27,10
3254,1078,90,2,244.8,0
3255,1078,95,1,288.16,15
3256,1079,30,1,204.15,15
3257,1079,23,2,153.55,20
3258,1080,29,2,419.43,0
3259,1080,16,2,293.65,0
3260,1080,81,3,297.3,20
3261,1080,88,4,263.55,0
3262,1081,48,1,242.0,10
3263,1081,23,4,153.55,0
3264,1082,56,2,34.57,15
3265,1083,116,3,78.18,5
3266,1083,21,2,205.02,5
3267,1083,55,2,499.98,10
3268,1083,108,4,115.07,0
3269,1083,41,3,605.42,10
3270,1084,99,4,231.08,0
3271,1084,112,1,175.1,20
3272,1084,89,2,633.88,0
3273,1084,30,1,204.15,10
3274,1085,69,2,219.76,20
3275,1085,17,2,123.86,0
3276,1086,11,3,505.42,10
3277,1086,69,1,219.76,0
3278,1086,34,3,478.97,10
3279,1086,18,2,561.44,0
3280,1086,55,4,499.98,20
3281,1087,67,2,14.91,10
3282,1088,59,2,124.17,15
3283,1088,36,3,496.08,0
3284,1088,5,1,354.07,20
3285,1089,11,1,505.42,15
3286,1089,25,4,234.35,20
3287,1089,13,4,113.52,20
3288,1089,115,3,194.63,0
3289,1089,101,1,433.8,15
3290,1090,83,3,26.63,20
3291,1090,38,3,194.29,0
3292,1090,11,2,505.42,10
3293,1090,86,4,475.84,0
3294,1090,63,1,37.78,0
3295,1091,41,4,605.42,5
3296,1092,7,1,171.07,15
3297,1092,34,2,478.97,5
3298,1092,45,3,311.48,0
3299,1092,47,3,244.56,10
3300,1092,20,4,219.02,5
3301,1093,66,2,318.4,0
3302,1093,48,1,242.0,0
3303,1093,40,2,88.88,20
3304,1094,7,4,171.07,0
3305,1094,31,4,171.33,10
3306,1094,110,4,76.72,10
3307,1094,46,1,401.52,20
3308,1095,103,1,433.62,0
3309,1095,111,4,311.09,0
3310,1095,107,1,12.44,10
3311,1096,110,2,76.72,10
3312,1096,61,4,52.86,0
3313,1096,67,2,14.91,5
3314,1097,20,1,219.02,0
3315,1097,90,4,244.8,10
3316,1098,53,3,240.08,0
3317,1098,3,2,232.11,5
3318,1098,97,2,52.27,0
3319,1099,100,3,269.62,0
3320,1099,60,1,416.86,20
3321,1099,50,3,377.83,15
3322,1100,24,4,425.71,20
3323,1101,25,1,234.35,15
3324,1101,11,4,505.42,5
3325,1101,40,4,88.88,20
3326,1102,65,1,9.2,20
3327,1102,29,1,419.43,0
3328,1102,31,2,171.33,20
3329,1102,36,3,496.08,15
3330,1102,18,4,561.44,10
3331,1103,110,3,76.72,0
3332,1104,33,3,131.4,15
3333,1104,16,4,293.65,15
3334,1104,29,2,419.43,20
3335,1104,14,1,182.82,0
3336,1104,92,4,571.21,10
3337,1105,31,1,171.33,15
3338,1105,87,2,211.61,5
3339,1106,113,4,46.28,20
3340,1107,98,3,68.82,5
3341,1107,13,4,113.52,10
3342,1107,110,4,76.72,20
3343,1107,71,1,178.01,0
3344,1108,76,1,273.29,0
3345,1109,68,1,498.16,0
3346,1109,89,4,633.88,0
3347,1109,61,4,52.86,0
3348,1109,94,3,22.69,20
3349,1109,77,1,317.11,15
3350,1110,48,3,242.0,0
3351,1110,114,1,332.05,0
3352,1110,40,1,88.88,20
3353,1110,16,3,293.65,0
3354,1111,44,1,271.84,10
3355,1111,18,4,561.44,0
3356,1111,22,2,359.3,0
3357,1111,78,2,42.51,0
3358,1112,12,3,147.52,0
3359,1113,96,1,388.87,20
3360,1113,47,1,244.56,20
3361,1113,102,3,47.26,0
3362,1113,64,4,181.91,5
3363,1114,96,2,388.87,5
3364,1115,67,2,14.91,0
3365,1116,50,2,377.83,15
3366,1117,99,2,231.08,0
3367,1117,115,3,194.63,0
3368,1118,14,4,182.82,15
3369,1118,109,4,321.5,5
3370,1118,98,2,68.82,10
3371,1118,27,3,326.68,0
3372,1118,96,1,388.87,0
3373,1119,100,2,269.62,0
3374,1119,39,2,375.26,5
3375,1119,111,2,311.09,5
3376,1119,6,2,166.81,0
3377,1120,58,1,175.82,10
3378,1120,106,1,440.12,10
3379,1120,48,1,242.0,20
3380,1121,33,2,131.4,5
3381,1121,97,4,52.27,20
3382,1121,80,4,139.42,20
3383,1121,100,3,269.62,20
3384,1122,12,3,147.52,0
3385,1122,69,3,219.76,10
3386,1122,50,2,377.83,0
3387,1122,43,1,439.52,0
3388,1123,23,2,153.55,0
3389,1123,24,2,425.71,0
3390,1124,53,1,240.08,10
3391,1125,115,1,194.63,15
3392,1125,57,2,20.94,15
3393,1125,28,3,364.04,10
3394,1125,93,2,233.96,10
3395,1126,116,2,78.18,15
3396,1126,115,1,194.63,20
3397,1127,19,4,92.09,0
3398,1128,70,2,307.09,5
3399,1128,85,3,353.3,0
3400,1128,101,4,433.8,10
3401,1129,2,4,238.98,20
3402,1129,55,1,499.98,15
3403,1130,74,3,211.18,20
3404,1130,16,3,293.65,20
3405,1130,25,3,234.35,5
3406,1131,109,3,321.5,15
3407,1131,116,1,78.18,20
3408,1131,4,2,316.2,5
3409,1132,56,4,34.57,5
3410,1132,9,1,221.84,0
3411,1132,107,4,12.44,10
3412,1132,26,1,150.31,0
3413,1132,86,2,475.84,20
3414,1133,68,1,498.16,10
3415,1133,83,3,26.63,0
3416,1133,38,1,194.29,20
3417,1133,95,3,288.16,0
3418,1134,57,4,20.94,15
3419,1134,19,1,92.09,15
3420,1134,48,2,242.0,15
3421,1134,36,3,496.08,0
3422,1134,115,4,194.63,5
3423,1135,114,2,332.05,15
3424,1135,52,4,116.82,15
3425,1135,17,2,123.86,0
3426,1135,3,1,232.11,15
3427,1136,73,1,370.92,20
3428,1136,100,3,269.62,0
3429,1137,26,2,150.31,5
3430,1137,30,1,204.15,0
3431,1138,14,4,182.82,10
3432,1138,119,1,338.66,5
3433,1138,2,2,238.98,20
3434,1138,116,2,78.18,15
3435,1139,29,4,419.43,0
3436,1140,74,3,211.18,5
3437,1140,16,2,293.65,0
3438,1140,58,1,175.82,15
3439,1140,70,3,307.09,0
3440,1140,34,1,478.97,15
3441,1141,38,1,194.29,20
3442,1141,13,4,113.52,0
3443,1141,37,1,297.66,0
3444,1141,58,2,175.82,15
3445,1142,119,2,338.66,5
3446,1143,2,2,238.98,15
3447,1144,14,2,182.82,0
3448,1144,67,4,14.91,0
3449,1145,57,2,20.94,20
3450,1145,55,2,499.98,20
3451,1145,106,2,440.12,0
3452,1145,109,2,321.5,10
3453,1145,88,3,263.55,5
3454,1146,64,4,181.91,5
3455,1147,111,4,311.09,0
3456,1147,116,4,78.18,10
3457,1147,100,2,269.62,20
3458,1147,102,1,47.26,0
3459,1148,24,2,425.71,15
3460,1148,45,3,311.48,15
3461,1149,70,4,307.09,0
3462,1149,88,3,263.55,5
3463,1149,73,2,370.92,15
3464,1150,42,4,300.8,5
3465,1150,97,1,52.27,10
3466,1151,70,3,307.09,20
3467,1151,70,1,307.09,0
3468,1151,17,1,123.86,20
3469,1151,43,1,439.52,10
3470,1151,89,2,633.88,15
3471,1152,65,3,9.2,15
3472,1152,17,3,123.86,10
3473,1152,44,1,271.84,15
3474,1153,59,1,124.17,15
3475,1153,84,4,121.13,0
3476,1153,46,2,401.52,0
3477,1153,115,4,194.63,5
3478,1153,50,4,377.83,0
3479,1154,36,4,496.08,20
3480,1154,10,1,474.27,15
3481,1154,81,4,297.3,5
3482,1154,79,4,294.44,5
3483,1155,64,2,181.91,20
3484,1155,107,2,12.44,0
3485,1155,67,2,14.91,5
3486,1155,96,1,388.87,20
3487,1155,83,3,26.63,15
3488,1156,48,1,242.0,15
3489,1156,35,1,76.91,15
3490,1157,88,4,263.55,10
3491,1157,5,1,354.07,15
3492,1157,16,2,293.65,0
3493,1158,120,4,237.11,5
3494,1158,76,4,273.29,0
3495,1159,82,2,336.12,15
3496,1159,69,3,219.76,20
3497,1160,120,1,237.11,0
3498,1160,52,2,116.82,0
3499,1160,11,3,505.42,0
3500,1160,69,3,219.76,15
3501,1160,120,4,237.11,0
3502,1161,52,2,116.82,20
3503,1161,89,2,633.88,0
3504,1162,14,4,182.82,0
3505,1162,47,1,244.56,15
3506,1162,63,3,37.78,5
3507,1162,109,3,321.5,0
3508,1162,79,3,294.44,20
3509,1163,40,1,88.88,15
3510,1163,115,1,194.63,20
3511,1164,67,3,14.91,10
3512,1164,31,3,171.33,20
3513,1165,42,3,300.8,5
3514,1166,47,2,244.56,20
3515,1166,54,4,190.46,15
3516,1167,109,3,321.5,0
3517,1167,3,3,232.11,20
3518,1167,20,1,219.02,0
3519,1167,99,1,231.08,0
3520,1168,16,4,293.65,10
3521,1168,8,2,335.09,20
3522,1168,62,1,242.39,0
3523,1168,47,2,244.56,0
3524,1168,109,3,321.5,5
3525,1169,54,1,190.46,0
3526,1169,111,4,311.09,20
3527,1169,97,4,52.27,10
3528,1169,57,3,20.94,0
3529,1170,44,3,271.84,10
3530,1170,81,3,297.3,15
3531,1170,76,4,273.29,0
3532,1170,102,3,47.26,20
3533,1170,92,3,571.21,0
3534,1171,104,4,51.46,0
3535,1172,48,2,242.0,10
3536,1172,83,2,26.63,0
3537,1172,31,2,171.33,15
3538,1173,42,3,300.8,5
3539,1174,88,1,263.55,0
3540,1174,39,3,375.26,20
3541,1175,92,4,571.21,0
3542,1175,64,2,181.91,5
3543,1175,58,4,175.82,15
3544,1175,38,4,194.29,0
3545,1175,96,1,388.87,0
3546,1176,27,1,326.68,10
3547,1176,28,2,364.04,15
3548,1176,70,1,307.09,15
3549,1177,113,1,46.28,15
3550,1177,40,1,88.88,0
3551,1178,63,2,37.78,0
3552,1178,92,4,571.21,0
3553,1178,4,2,316.2,20
3554,1179,101,2,433.8,0
3555,1179,62,4,242.39,0
3556,1180,18,4,561.44,0
3557,1180,111,1,311.09,0
3558,1180,19,1,92.09,10
3559,1180,105,4,250.51,5
3560,1181,92,4,571.21,0
3561,1181,83,4,26.63,0
3562,1182,119,2,338.66,20
3563,1182,119,1,338.66,0
3564,1183,28,4,364.04,0
3565,1183,13,4,113.52,20
3566,1183,42,1,300.8,15
3567,1183,39,2,375.26,10
3568,1183,71,2,178.01,0
3569,1184,102,2,47.26,0
3570,1184,72,3,461.17,0
3571,1185,29,2,419.43,20
3572,1185,51,3,515.68,0
3573,1185,3,3,232.11,0
3574,1185,111,3,311.09,10
3575,1186,78,4,42.51,0
3576,1186,24,2,425.71,5
3577,1186,9,2,221.84,0
3578,1186,43,2,439.52,15
3579,1187,28,4,364.04,15
3580,1188,32,2,295.23,0
3581,1188,4,1,316.2,0
3582,1188,102,3,47.26,5
3583,1188,94,1,22.69,10
3584,1188,25,2,234.35,0
3585,1189,67,4,14.91,0
3586,1189,88,2,263.55,15
3587,1189,95,3,288.16,15
3588,1189,66,3,318.4,0
3589,1190,26,1,150.31,0
3590,1191,42,1,300.8,5
3591,1191,9,3,221.84,20
3592,1191,112,2,175.1,0
3593,1191,112,1,175.1,0
3594,1191,100,2,269.62,15
3595,1192,39,2,375.26,5
3596,1193,117,1,512.54,10
3597,1193,54,4,190.46,0
3598,1194,19,4,92.09,0
3599,1195,111,4,311.09,5
3600,1196,15,1,225.59,5
3601,1197,93,1,233.96,5
3602,1197,18,3,561.44,15
3603,1197,96,4,388.87,0
3604,1197,26,2,150.31,0
3605,1197,38,2,194.29,5
3606,1198,59,3,124.17,20
3607,1198,67,1,14.91,0
3608,1199,102,4,47.26,15
3609,1200,18,2,561.44,10
3610,1200,37,4,297.66,0
3611,1200,3,2,232.11,15
3612,1201,104,1,51.46,20
3613,1202,64,1,181.91,20
3614,1202,13,2,113.52,5
3615,1202,16,2,293.65,0
3616,1202,25,4,234.35,0
3617,1202,71,3,178.01,10
3618,1203,34,1,478.97,15
3619,1204,55,1,499.98,0
3620,1205,8,2,335.09,10
3621,1205,80,1,139.42,5
3622,1205,93,1,233.96,5
3623,1206,111,3,311.09,10
3624,1206,84,1,121.13,0
3625,1207,5,2,354.07,0
3626,1207,16,1,293.65,10
3627,1207,47,4,244.56,5
3628,1208,80,1,139.42,0
3629,1208,57,3,20.94,0
3630,1208,37,4,297.66,20
3631,1209,108,3,115.07,5
3632,1209,56,1,34.57,0
3633,1210,16,1,293.65,0
3634,1210,4,4,316.2,10
3635,1210,30,1,204.15,5
3636,1210,52,3,116.82,20
3637,1210,12,4,147.52,0
3638,1211,104,3,51.46,5
3639,1212,44,1,271.84,5
3640,1213,32,1,295.23,5
3641,1214,47,3,244.56,5
3642,1214,39,2,375.26,20
3643,1214,52,2,116.82,0
3644,1215,45,3,311.48,5
3645,1215,55,4,499.98,10
3646,1216,43,2,439.52,15
3647,1217,119,3,338.66,20
3648,1217,56,4,34.57,5
3649,1217,106,2,440.12,0
3650,1217,46,1,401.52,10
3651,1218,52,4,116.82,5
3652,1218,13,3,113.52,0
3653,1218,81,1,297.3,20
3654,1219,86,4,475.84,0
3655,1219,117,3,512.54,0
3656,1219,3,3,232.11,10
3657,1219,31,1,171.33,20
3658,1220,86,1,475.84,0
3659,1220,101,2,433.8,0
3660,1221,39,4,375.26,5
3661,1221,101,4,433.8,15
3662,1221,29,1,419.43,0
3663,1221,60,4,416.86,15
3664,1221,16,4,293.65,5
3665,1222,13,2,113.52,0
3666,1222,63,3,37.78,0
3667,1222,63,4,37.78,10
3668,1222,35,2,76.91,0
3669,1223,86,3,475.84,10
3670,1223,73,1,370.92,10
3671,1223,58,1,175.82,0
3672,1223,92,3,571.21,0
3673,1223,114,4,332.05,20
3674,1224,66,4,318.4,20
3675,1225,108,2,115.07,15
3676,1226,103,1,433.62,0
3677,1226,48,4,242.0,0
3678,1226,115,1,194.63,0
3679,1226,57,1,20.94,15
3680,1226,108,3,115.07,15
3681,1227,39,2,375.26,0
3682,1227,98,1,68.82,5
3683,1227,113,3,46.28,10
3684,1228,48,4,242.0,0
3685,1228,70,2,307.09,0
3686,1228,104,1,51.46,0
3687,1228,70,1,307.09,5
3688,1228,61,3,52.86,5
3689,1229,39,4,375.26,0
3690,1230,35,2,76.91,10
3691,1230,86,4,475.84,10
3692,1230,116,2,78.18,5
3693,1230,93,4,233.96,10
3694,1230,86,4,475.84,15
3695,1231,92,1,571.21,0
3696,1231,116,1,78.18,20
3697,1232,116,2,78.18,0
3698,1232,63,3,37.78,15
3699,1232,115,2,194.63,0
3700,1232,93,4,233.96,0
3701,1233,114,4,332.05,15
3702,1234,93,3,233.96,10
3703,1234,55,1,499.98,0
3704,1235,20,3,219.02,0
3705,1236,106,4,440.12,0
3706,1236,70,2,307.09,0
3707,1237,90,2,244.8,10
3708,1237,6,4,166.81,0
3709,1237,34,4,478.97,5
3710,1237,20,4,219.02,10
3711,1237,74,1,211.18,5
3712,1238,76,2,273.29,0
3713,1239,30,2,204.15,5
3714,1240,6,3,166.81,0
3715,1240,72,1,461.17,5
3716,1241,97,3,52.27,5
3717,1241,19,3,92.09,0
3718,1241,79,1,294.44,5
3719,1242,4,4,316.2,5
3720,1242,109,1,321.5,5
3721,1242,97,4,52.27,15
3722,1243,69,1,219.76,10
3723,1243,70,1,307.09,20
3724,1243,52,4,116.82,20
3725,1243,71,2,178.01,0
3726,1243,35,1,76.91,5
3727,1244,80,2,139.42,5
3728,1244,81,4,297.3,0
3729,1244,70,4,307.09,10
3730,1245,51,4,515.68,0
3731,1245,120,4,237.11,10
3732,1245,40,1,88.88,0
3733,1245,44,3,271.84,0
3734,1245,103,1,433.62,0
3735,1246,109,4,321.5,0
3736,1247,11,4,505.42,15
3737,1247,94,1,22.69,0
3738,1247,107,4,12.44,0
3739,1247,54,3,190.46,0
3740,1248,42,3,300.8,10
3741,1248,8,4,335.09,5
3742,1248,1,1,280.02,0
3743,1249,68,3,498.16,0
3744,1249,7,3,171.07,5
3745,1249,49,3,538.98,20
3746,1250,7,3,171.07,20
3747,1250,56,3,34.57,0
3748,1250,2,3,238.98,0
3749,1250,55,3,499.98,5
3750,1251,58,3,175.82,20
3751,1251,41,2,605.42,0
3752,1251,101,1,433.8,5
3753,1251,17,2,123.86,20
3754,1251,101,3,433.8,0
3755,1252,99,4,231.08,0
3756,1252,90,3,244.8,0
3757,1253,119,1,338.66,0
3758,1253,89,4,633.88,0
3759,1254,98,4,68.82,5
3760,1254,113,4,46.28,15
3761,1255,79,1,294.44,5
3762,1255,4,1,316.2,0
3763,1255,23,3,153.55,15
3764,1256,69,4,219.76,0
3765,1256,1,1,280.02,0
3766,1256,61,4,52.86,5
3767,1257,23,3,153.55,5
3768,1258,102,3,47.26,20
3769,1258,22,4,359.3,0
3770,1258,19,1,92.09,0
3771,1258,7,2,171.07,10
3772,1259,90,4,244.8,20
3773,1259,97,1,52.27,5
3774,1259,71,3,178.01,20
3775,1260,40,2,88.88,0
3776,1260,86,2,475.84,10
3777,1261,33,3,131.4,15
3778,1261,48,3,242.0,15
3779,1261,60,3,416.86,15
3780,1261,19,2,92.09,20
3781,1262,120,4,237.11,0
3782,1262,99,4,231.08,15
3783,1263,98,2,68.82,0
3784,1263,86,3,475.84,15
3785,1263,83,2,26.63,5
3786,1263,22,1,359.3,0
3787,1264,92,1,571.21,15
3788,1264,70,1,307.09,20
3789,1264,109,1,321.5,10
3790,1265,5,4,354.07,10
3791,1265,102,2,47.26,0
3792,1266,109,2,321.5,0
3793,1266,2,1,238.98,20
3794,1266,118,1,127.24,10
3795,1267,66,1,318.4,20
3796,1267,55,3,499.98,0
3797,1267,36,3,496.08,0
3798,1268,106,2,440.12,20
3799,1269,58,1,175.82,0
3800,1269,83,3,26.63,0
3801,1270,66,3,318.4,20
3802,1270,69,4,219.76,20
3803,1270,80,4,139.42,10
3804,1270,68,2,498.16,20
3805,1270,89,1,633.88,0
3806,1271,36,4,496.08,15
3807,1272,111,4,311.09,15
3808,1273,84,2,121.13,10
3809,1273,58,2,175.82,10
3810,1273,31,2,171.33,10
3811,1273,102,1,47.26,0
3812,1273,15,4,225.59,0
3813,1274,67,1,14.91,15
3814,1274,74,2,211.18,0
3815,1275,23,1,153.55,0
3816,1275,9,4,221.84,5
3817,1276,108,4,115.07,15
3818,1276,50,1,377.83,0
3819,1276,71,1,178.01,20
3820,1276,38,2,194.29,0
3821,1276,50,1,377.83,0
3822,1277,83,1,26.63,10
3823,1277,66,1,318.4,20
3824,1278,41,3,605.42,5
3825,1278,111,3,311.09,20
3826,1279,59,4,124.17,0
3827,1280,49,4,538.98,20
3828,1280,10,3,474.27,0
3829,1280,116,1,78.18,5
3830,1280,56,4,34.57,5
3831,1280,35,1,76.91,0
3832,1281,91,2,215.97,0
3833,1282,105,3,250.51,20
3834,1282,80,4,139.42,0
3835,1282,67,1,14.91,0
3836,1282,99,2,231.08,5
3837,1282,54,2,190.46,0
3838,1283,80,4,139.42,0
3839,1283,50,4,377.83,20
3840,1283,2,2,238.98,10
3841,1283,56,1,34.57,5
3842,1283,68,4,498.16,20
3843,1284,55,2,499.98,0
3844,1284,59,1,124.17,10
3845,1284,59,4,124.17,0
3846,1284,89,2,633.88,0
3847,1284,3,1,232.11,0
3848,1285,74,2,211.18,5
3849,1285,2,3,238.98,0
3850,1285,71,1,178.01,20
3851,1285,115,3,194.63,0
3852,1285,10,4,474.27,0
3853,1286,38,1,194.29,15
3854,1286,96,2,388.87,5
3855,1286,38,4,194.29,10
3856,1286,24,1,425.71,0
3857,1287,92,4,571.21,0
3858,1287,56,3,34.57,0
3859,1287,21,2,205.02,10
3860,1287,62,3,242.39,10
3861,1287,76,1,273.29,5
3862,1288,14,3,182.82,15
3863,1288,38,3,194.29,5
3864,1289,1,2,280.02,0
3865,1289,109,3,321.5,5
3866,1290,9,4,221.84,0
3867,1291,59,2,124.17,0
3868,1292,21,3,205.02,15
3869,1292,114,3,332.05,0
3870,1292,8,1,335.09,5
3871,1292,67,2,14.91,0
3872,1292,89,3,633.88,15
3873,1293,50,3,377.83,0
3874,1294,12,1,147.52,10
3875,1295,105,1,250.51,0
3876,1296,105,4,250.51,0
3877,1296,106,2,440.12,0
3878,1297,41,1,605.42,0
3879,1297,62,3,242.39,15
3880,1297,107,1,12.44,10
3881,1297,74,3,211.18,10
3882,1297,92,3,571.21,15
3883,1298,76,2,273.29,20
3884,1298,110,4,76.72,0
3885,1298,17,3,123.86,0
3886,1298,61,1,52.86,5
3887,1299,119,2,338.66,5
3888,1299,26,3,150.31,20
3889,1299,69,1,219.76,0
3890,1299,116,1,78.18,0
3891,1299,34,3,478.97,0
3892,1300,9,4,221.84,0
3893,1300,28,3,364.04,5
3894,1301,54,1,190.46,5
3895,1301,111,3,311.09,10
3896,1302,29,3,419.43,0
3897,1302,120,2,237.11,10
3898,1302,39,2,375.26,0
3899,1302,103,2,433.62,5
3900,1302,118,3,127.24,5
3901,1303,58,4,175.82,0
3902,1304,46,1,401.52,0
3903,1304,51,2,515.68,0
3904,1304,73,2,370.92,15
3905,1305,116,3,78.18,0
3906,1305,6,4,166.81,15
3907,1305,90,3,244.8,15
3908,1306,11,1,505.42,5
3909,1307,19,3,92.09,20
3910,1308,22,1,359.3,5
3911,1308,92,3,571.21,0
3912,1309,86,2,475.84,0
3913,1310,2,2,238.98,20
3914,1311,111,2,311.09,0
3915,1311,103,3,433.62,5
3916,1312,13,4,113.52,15
3917,1312,25,2,234.35,5
3918,1312,77,1,317.11,0
3919,1312,91,3,215.97,15
3920,1313,37,2,297.66,0
3921,1313,99,1,231.08,0
3922,1313,89,1,633.88,0
3923,1313,36,3,496.08,0
3924,1314,90,3,244.8,0
3925,1314,10,3,474.27,15
3926,1314,79,1,294.44,0
3927,1314,84,3,121.13,10
3928,1314,79,2,294.44,10
3929,1315,19,1,92.09,0
3930,1315,50,1,377.83,0
3931,1315,8,4,335.09,5
3932,1316,117,1,512.54,0
3933,1316,70,4,307.09,15
3934,1316,57,4,20.94,0
3935,1316,6,2,166.81,5
3936,1317,109,3,321.5,0
3937,1317,75,3,86.31,20
3938,1317,29,1,419.43,0
3939,1317,51,4,515.68,5
3940,1317,49,2,538.98,0
3941,1318,10,4,474.27,0
3942,1319,37,1,297.66,5
3943,1319,69,3,219.76,0
3944,1320,29,2,419.43,0
3945,1320,43,1,439.52,0
3946,1321,108,1,115.07,0
3947,1321,32,1,295.23,15
3948,1321,98,4,68.82,10
3949,1321,33,2,131.4,0
3950,1322,102,2,47.26,10
3951,1322,119,1,338.66,0
3952,1323,72,4,461.17,0
3953,1323,110,2,76.72,0
3954,1323,22,4,359.3,0
3955,1323,22,4,359.3,0
3956,1323,30,2,204.15,5
3957,1324,59,3,124.17,0
3958,1324,67,2,14.91,0
3959,1325,1,4,280.02,0
3960,1325,12,3,147.52,20
3961,1326,90,2,244.8,0
3962,1326,83,2,26.63,0
3963,1326,46,1,401.52,10
3964,1326,74,4,211.18,15
3965,1327,99,1,231.08,10
3966,1328,11,3,505.42,10
3967,1328,96,4,388.87,15
3968,1328,61,2,52.86,15
3969,1328,89,1,633.88,5
3970,1328,72,1,461.17,15
3971,1329,110,2,76.72,0
3972,1329,71,4,178.01,10
3973,1329,20,4,219.02,0
3974,1329,103,3,433.62,0
3975,1329,113,3,46.28,20
3976,1330,21,1,205.02,0
3977,1330,23,2,153.55,10
3978,1330,38,2,194.29,15
3979,1330,119,2,338.66,0
3980,1331,63,3,37.78,15
3981,1331,28,2,364.04,15
3982,1331,111,1,311.09,0
3983,1332,87,2,211.61,15
3984,1333,36,2,496.08,0
3985,1334,90,1,244.8,0
3986,1334,48,2,242.0,0
3987,1335,53,3,240.08,5
3988,1336,30,4,204.15,5
3989,1336,59,3,124.17,5
3990,1336,116,1,78.18,10
3991,1336,69,2,219.76,0
3992,1336,99,1,231.08,15
3993,1337,61,3,52.86,5
3994,1338,28,1,364.04,20
3995,1338,4,3,316.2,0
3996,1338,108,3,115.07,0
3997,1338,80,4,139.42,5
3998,1338,21,2,205.02,10
3999,1339,65,1,9.2,0
4000,1340,59,1,124.17,5
4001,1340,30,4,204.15,0
4002,1340,11,4,505.42,0
4003,1340,47,1,244.56,0
4004,1341,56,4,34.57,0
4005,1341,88,3,263.55,10
4006,1341,99,2,231.08,15
4007,1341,29,4,419.43,0
4008,1342,17,2,123.86,5
4009,1342,18,4,561.44,20
4010,1343,86,2,475.84,20
4011,1343,95,3,288.16,15
4012,1343,72,3,461.17,0
4013,1343,87,2,211.61,0
4014,1344,77,1,317.11,15
4015,1344,80,4,139.42,0
4016,1344,82,2,336.12,15
4017,1344,40,1,88.88,15
4018,1345,44,2,271.84,0
4019,1345,93,3,233.96,5
4020,1345,24,3,425.71,15
4021,1345,8,3,335.09,10
4022,1345,31,2,171.33,0
4023,1346,109,4,321.5,5
4024,1346,4,3,316.2,15
4025,1346,35,3,76.91,20
4026,1347,43,4,439.52,5
4027,1347,76,3,273.29,15
4028,1347,99,3,231.08,0
4029,1347,47,2,244.56,5
4030,1348,100,4,269.62,20
4031,1348,9,4,221.84,0
4032,1348,116,3,78.18,0
4033,1348,11,2,505.42,0
4034,1348,37,3,297.66,0
4035,1349,118,3,127.24,10
4036,1349,12,3,147.52,0
4037,1349,98,4,68.82,10
4038,1349,19,3,92.09,20
4039,1349,48,4,242.0,5
4040,1350,2,4,238.98,20
4041,1350,36,2,496.08,0
4042,1351,7,3,171.07,15
4043,1351,70,2,307.09,0
4044,1351,102,2,47.26,5
4045,1352,92,1,571.21,5
4046,1352,73,4,370.92,0
4047,1353,4,1,316.2,5
4048,1354,11,3,505.42,15
4049,1355,27,3,326.68,20
4050,1355,85,3,353.3,15
4051,1356,35,4,76.91,0
4052,1356,15,4,225.59,0
4053,1356,83,2,26.63,20
4054,1357,113,2,46.28,0
4055,1357,116,4,78.18,5
4056,1357,58,2,175.82,10
4057,1358,1,1,280.02,0
4058,1358,117,1,512.54,15
4059,1358,106,1,440.12,20
4060,1358,81,3,297.3,20
4061,1359,42,1,300.8,0
4062,1359,4,2,316.2,5
4063,1359,110,2,76.72,15
4064,1360,16,4,293.65,0
4065,1360,78,3,42.51,0
4066,1361,104,1,51.46,5
4067,1361,22,1,359.3,0
4068,1361,16,2,293.65,5
4069,1361,80,3,139.42,0
4070,1361,91,2,215.97,10
4071,1362,74,4,211.18,20
4072,1362,32,3,295.23,0
4073,1363,117,2,512.54,0
4074,1363,22,2,359.3,15
4075,1364,78,2,42.51,0
4076,1364,37,3,297.66,20
4077,1364,61,2,52.86,20
4078,1364,46,2,401.52,0
4079,1364,30,4,204.15,5
4080,1365,117,1,512.54,10
4081,1366,64,1,181.91,20
4082,1366,65,2,9.2,20
4083,1366,110,2,76.72,5
4084,1366,5,1,354.07,0
4085,1366,63,1,37.78,0
4086,1367,87,2,211.61,15
4087,1367,12,4,147.52,15
4088,1367,102,4,47.26,15
4089,1367,98,3,68.82,10
4090,1367,111,3,311.09,20
4091,1368,17,2,123.86,0
4092,1368,28,2,364.04,0
4093,1368,21,1,205.02,15
4094,1369,20,2,219.02,0
4095,1369,94,3,22.69,5
4096,1369,8,4,335.09,0
4097,1369,106,3,440.12,0
4098,1369,48,1,242.0,5
4099,1370,69,1,219.76,0
4100,1371,63,3,37.78,0
4101,1372,114,1,332.05,0
4102,1373,101,3,433.8,15
4103,1373,52,2,116.82,10
4104,1373,107,4,12.44,15
4105,1373,47,4,244.56,0
4106,1373,41,3,605.42,20
4107,1374,103,2,433.62,15
4108,1375,10,1,474.27,10
4109,1375,99,3,231.08,0
4110,1375,55,3,499.98,0
4111,1376,76,3,273.29,5
4112,1376,71,4,178.01,0
4113,1377,3,3,232.11,0
4114,1377,56,2,34.57,15
4115,1378,20,3,219.02,0
4116,1379,116,4,78.18,5
4117,1379,69,4,219.76,5
4118,1379,5,4,354.07,0
4119,1379,10,2,474.27,5
4120,1380,99,2,231.08,0
4121,1380,57,4,20.94,15
4122,1380,98,1,68.82,5
4123,1380,44,4,271.84,15
4124,1380,70,4,307.09,0
4125,1381,12,4,147.52,0
4126,1381,40,2,88.88,0
4127,1381,66,3,318.4,0
4128,1381,30,1,204.15,0
4129,1381,6,2,166.81,0
4130,1382,104,4,51.46,0
4131,1382,37,4,297.66,20
4132,1382,118,3,127.24,5
4133,1382,1,1,280.02,0
4134,1383,70,4,307.09,5
4135,1383,52,3,116.82,10
4136,1383,58,4,175.82,0
4137,1384,55,1,499.98,0
4138,1384,110,3,76.72,0
4139,1384,3,4,232.11,0
4140,1385,95,4,288.16,0
4141,1385,73,4,370.92,10
4142,1385,24,4,425.71,5
4143,1385,11,1,505.42,15
4144,1385,73,3,370.92,0
4145,1386,76,4,273.29,15
4146,1386,2,2,238.98,0
4147,1386,45,1,311.48,0
4148,1387,39,2,375.26,0
4149,1387,110,3,76.72,10
4150,1387,38,3,194.29,10
4151,1387,51,3,515.68,0
4152,1388,97,3,52.27,20
4153,1388,116,3,78.18,15
4154,1388,29,3,419.43,15
4155,1389,73,2,370.92,20
4156,1389,78,2,42.51,20
4157,1389,91,3,215.97,0
4158,1389,75,4,86.31,0
4159,1390,22,2,359.3,0
4160,1390,7,3,171.07,10
4161,1390,54,2,190.46,10
4162,1390,93,4,233.96,15
4163,1390,120,2,237.11,10
4164,1391,13,2,113.52,0
4165,1391,14,1,182.82,20
4166,1391,74,4,211.18,0
4167,1392,42,3,300.8,20
4168,1392,67,3,14.91,0
4169,1392,37,4,297.66,0
4170,1392,44,4,271.84,20
4171,1393,39,3,375.26,10
4172,1394,29,1,419.43,20
4173,1394,4,2,316.2,15
4174,1394,112,3,175.1,0
4175,1394,18,1,561.44,0
4176,1394,94,4,22.69,0
4177,1395,25,3,234.35,10
4178,1395,44,4,271.84,0
4179,1395,72,4,461.17,20
4180,1395,11,2,505.42,0
4181,1396,90,3,244.8,5
4182,1396,50,2,377.83,0
4183,1396,10,2,474.27,10
4184,1397,25,4,234.35,0
4185,1397,120,2,237.11,0
4186,1398,34,4,478.97,0
4187,1398,84,1,121.13,0
4188,1399,101,1,433.8,0
4189,1399,71,3,178.01,15
4190,1399,91,2,215.97,10
4191,1399,111,3,311.09,5
4192,1400,83,4,26.63,5
4193,1401,39,2,375.26,20
4194,1402,7,2,171.07,0
4195,1402,105,3,250.51,5
4196,1402,51,3,515.68,0
4197,1403,20,2,219.02,0
4198,1403,18,1,561.44,0
4199,1403,43,4,439.52,10
4200,1403,14,2,182.82,0
4201,1403,113,1,46.28,0
4202,1404,9,1,221.84,15
4203,1404,116,4,78.18,20
4204,1404,59,3,124.17,20
4205,1404,2,4,238.98,20
4206,1405,32,1,295.23,0
4207,1405,36,3,496.08,0
4208,1405,8,1,335.09,0
4209,1406,22,2,359.3,0
4210,1406,28,3,364.04,15
4211,1406,118,2,127.24,0
4212,1406,17,3,123.86,5
4213,1407,21,2,205.02,0
4214,1407,7,3,171.07,0
4215,1408,60,1,416.86,20
4216,1408,118,4,127.24,15
4217,1408,82,4,336.12,0
4218,1408,106,3,440.12,5
4219,1408,14,2,182.82,0
4220,1409,20,4,219.02,15
4221,1409,19,3,92.09,10
4222,1409,112,1,175.1,0
4223,1409,20,3,219.02,10
4224,1410,92,3,571.21,10
4225,1410,93,2,233.96,0
4226,1410,63,2,37.78,15
4227,1411,17,1,123.86,0
4228,1412,31,3,171.33,15
4229,1413,59,1,124.17,20
4230,1414,77,2,317.11,0
4231,1414,14,3,182.82,15
4232,1415,64,1,181.91,0
4233,1416,29,4,419.43,0
4234,1416,21,1,205.02,0
4235,1417,49,3,538.98,15
4236,1417,104,3,51.46,10
4237,1418,89,2,633.88,0
4238,1419,40,4,88.88,10
4239,1420,103,2,433.62,0
4240,1421,10,3,474.27,0
4241,1421,101,4,433.8,5
4242,1421,33,2,131.4,5
4243,1422,95,3,288.16,5
4244,1422,30,3,204.15,0
4245,1422,58,4,175.82,5
4246,1422,41,2,605.42,0
4247,1422,117,3,512.54,10
4248,1423,70,1,307.09,0
4249,1423,104,2,51.46,0
4250,1423,84,3,121.13,10
4251,1424,42,4,300.8,0
4252,1425,52,2,116.82,5
4253,1425,32,4,295.23,15
4254,1425,93,2,233.96,15
4255,1425,53,2,240.08,20
4256,1425,80,3,139.42,15
4257,1426,85,3,353.3,10
4258,1426,66,1,318.4,15
4259,1426,86,3,475.84,0
4260,1427,6,3,166.81,10
4261,1428,23,2,153.55,0
4262,1429,85,1,353.3,15
4263,1429,48,2,242.0,20
4264,1429,56,4,34.57,10
4265,1429,64,4,181.91,0
4266,1429,115,1,194.63,0
4267,1430,69,1,219.76,5
4268,1430,40,3,88.88,20
4269,1430,18,1,561.44,0
4270,1430,102,4,47.26,0
4271,1430,73,4,370.92,5
4272,1431,42,4,300.8,15
4273,1431,52,3,116.82,20
4274,1431,52,3,116.82,20
4275,1431,96,1,388.87,10
4276,1431,56,2,34.57,0
4277,1432,104,2,51.46,0
4278,1432,10,2,474.27,0
4279,1432,3,3,232.11,15
4280,1432,9,1,221.84,0
4281,1433,37,4,297.66,10
4282,1434,58,2,175.82,20
4283,1434,98,4,68.82,10
4284,1434,79,3,294.44,10
4285,1434,89,1,633.88,15
4286,1434,21,2,205.02,0
4287,1435,53,1,240.08,15
4288,1435,89,2,633.88,15
4289,1435,1,1,280.02,0
4290,1435,45,2,311.48,15
4291,1436,112,1,175.1,0
4292,1436,42,1,300.8,0
4293,1437,71,1,178.01,0
4294,1437,71,2,178.01,5
4295,1438,8,4,335.09,5
4296,1439,120,2,237.11,20
4297,1439,30,2,204.15,20
4298,1439,72,2,461.17,20
4299,1439,65,4,9.2,15
4300,1440,116,1,78.18,10
4301,1440,44,1,271.84,15
4302,1440,70,4,307.09,0
4303,1440,51,4,515.68,0
4304,1441,1,1,280.02,0
4305,1442,20,1,219.02,15
4306,1442,70,2,307.09,0
4307,1442,115,2,194.63,5
4308,1442,95,1,288.16,10
4309,1442,62,3,242.39,15
4310,1443,84,1,121.13,5
4311,1444,67,1,14.91,20
4312,1444,84,3,121.13,0
4313,1444,99,1,231.08,10
4314,1444,17,4,123.86,10
4315,1444,57,4,20.94,0
4316,1445,75,2,86.31,10
4317,1445,89,3,633.88,0
4318,1445,85,4,353.3,0
4319,1445,95,1,288.16,15
4320,1446,69,4,219.76,20
4321,1446,22,3,359.3,10
4322,1446,107,1,12.44,0
4323,1446,42,4,300.8,0
4324,1447,44,3,271.84,0
4325,1447,78,3,42.51,15
4326,1448,75,1,86.31,5
4327,1448,35,4,76.91,0
4328,1449,9,4,221.84,10
4329,1449,80,4,139.42,5
4330,1449,3,1,232.11,10
4331,1450,33,3,131.4,15
4332,1450,80,3,139.42,5
4333,1450,36,1,496.08,10
4334,1450,25,3,234.35,0
4335,1451,81,3,297.3,0
4336,1451,52,1,116.82,5
4337,1451,38,1,194.29,0
4338,1451,38,3,194.29,0
4339,1451,102,2,47.26,15
4340,1452,107,1,12.44,0
4341,1453,71,1,178.01,0
4342,1453,108,2,115.07,0
4343,1453,69,3,219.76,0
4344,1454,74,2,211.18,20
4345,1454,86,1,475.84,0
4346,1454,62,3,242.39,15
4347,1454,105,2,250.51,10
4348,1454,77,4,317.11,0
4349,1455,2,2,238.98,5
4350,1455,101,3,433.8,0
4351,1456,98,4,68.82,0
4352,1456,76,3,273.29,15
4353,1456,27,1,326.68,0
4354,1456,50,3,377.83,0
4355,1457,86,3,475.84,5
4356,1457,58,1,175.82,10
4357,1457,98,4,68.82,15
4358,1457,117,1,512.54,15
4359,1457,16,4,293.65,0
4360,1458,55,3,499.98,15
4361,1458,16,1,293.65,0
4362,1459,6,4,166.81,5
4363,1459,36,3,496.08,5
4364,1459,72,4,461.17,20
4365,1459,118,3,127.24,0
4366,1459,39,1,375.26,5
4367,1460,77,4,317.11,20
4368,1460,62,2,242.39,0
4369,1460,120,4,237.11,20
4370,1460,23,2,153.55,20
4371,1460,24,1,425.71,10
4372,1461,57,1,20.94,0
4373,1461,64,3,181.91,5
4374,1461,116,4,78.18,0
4375,1462,56,3,34.57,0
4376,1462,13,2,113.52,10
4377,1462,29,3,419.43,0
4378,1462,63,1,37.78,0
4379,1462,37,3,297.66,15
4380,1463,8,1,335.09,15
4381,1463,32,4,295.23,0
4382,1463,85,2,353.3,0
4383,1463,120,1,237.11,15
4384,1463,100,4,269.62,0
4385,1464,69,2,219.76,10
4386,1464,45,3,311.48,15
4387,1464,87,3,211.61,10
4388,1465,88,3,263.55,0
4389,1465,92,3,571.21,0
4390,1466,11,4,505.42,0
4391,1466,8,3,335.09,0
4392,1466,68,1,498.16,0
4393,1466,40,1,88.88,0
4394,1466,58,4,175.82,0
4395,1467,99,2,231.08,0
4396,1467,57,3,20.94,0
4397,1467,107,4,12.44,0
4398,1468,38,2,194.29,0
4399,1468,43,2,439.52,5
4400,1468,66,1,318.4,0
4401,1469,89,2,633.88,0
4402,1470,66,4,318.4,10
4403,1471,62,4,242.39,0
4404,1471,2,3,238.98,20
4405,1472,24,1,425.71,5
4406,1472,89,3,633.88,5
4407,1472,42,2,300.8,0
4408,1473,73,1,370.92,0
4409,1473,55,4,499.98,0
4410,1473,38,3,194.29,20
4411,1473,49,4,538.98,0
4412,1473,95,4,288.16,5
4413,1474,120,1,237.11,0
4414,1474,29,2,419.43,20
4415,1474,51,2,515.68,10
4416,1474,78,3,42.51,5
4417,1474,81,4,297.3,0
4418,1475,102,1,47.26,15
4419,1475,5,1,354.07,0
4420,1475,69,3,219.76,5
4421,1475,30,1,204.15,10
4422,1475,116,2,78.18,20
4423,1476,77,4,317.11,15
4424,1476,67,3,14.91,0
4425,1476,22,3,359.3,5
4426,1476,36,3,496.08,10
4427,1476,97,4,52.27,10
4428,1477,106,4,440.12,0
4429,1477,82,3,336.12,20
4430,1477,67,2,14.91,10
4431,1478,57,4,20.94,15
4432,1479,82,4,336.12,0
4433,1479,60,1,416.86,0
4434,1480,102,3,47.26,20
4435,1481,67,4,14.91,10
4436,1481,14,1,182.82,0
4437,1482,97,4,52.27,20
4438,1482,69,1,219.76,20
4439,1482,11,2,505.42,10
4440,1483,74,1,211.18,20
4441,1483,3,2,232.11,20
4442,1483,14,4,182.82,5
4443,1484,119,4,338.66,10
4444,1484,27,2,326.68,20
4445,1484,102,3,47.26,0
4446,1484,81,3,297.3,15
4447,1485,99,3,231.08,0
4448,1486,101,1,433.8,0
4449,1486,32,2,295.23,20
4450,1487,45,1,311.48,0
4451,1487,93,4,233.96,0
4452,1487,74,1,211.18,15
4453,1488,6,3,166.81,0
4454,1489,52,1,116.82,0
4455,1489,120,4,237.11,0
4456,1490,28,3,364.04,10
4457,1491,103,1,433.62,15
4458,1491,1,3,280.02,10
4459,1492,58,2,175.82,0
4460,1492,84,3,121.13,20
4461,1492,50,4,377.83,0
4462,1493,13,4,113.52,0
4463,1494,117,2,512.54,5
4464,1494,63,2,37.78,5
4465,1494,4,2,316.2,10
4466,1494,77,4,317.11,20
4467,1494,84,4,121.13,5
4468,1495,49,3,538.98,0
4469,1496,80,4,139.42,0
4470,1497,53,3,240.08,0
4471,1497,48,1,242.0,0
4472,1497,25,1,234.35,0
4473,1498,27,4,326.68,0
4474,1498,120,1,237.11,0
4475,1498,82,3,336.12,15
4476,1498,35,4,76.91,0
4477,1499,119,1,338.66,10
4478,1499,53,1,240.08,5
4479,1500,73,2,370.92,0
4480,1501,112,3,175.1,20
4481,1501,45,1,311.48,20
4482,1501,91,2,215.97,20
4483,1502,18,4,561.44,0
4484,1502,59,3,124.17,0
4485,1502,3,4,232.11,20
4486,1502,71,1,178.01,20
4487,1503,76,1,273.29,10
4488,1503,64,2,181.91,10
4489,1504,28,4,364.04,0
4490,1504,98,4,68.82,5
4491,1505,2,1,238.98,0
4492,1505,25,4,234.35,0
4493,1505,24,2,425.71,5
4494,1505,18,3,561.44,0
4495,1505,101,2,433.8,0
4496,1506,115,1,194.63,10
4497,1506,5,3,354.07,5
4498,1507,3,1,232.11,15
4499,1508,21,3,205.02,0
4500,1508,100,2,269.62,20
4501,1509,40,1,88.88,15
4502,1509,119,2,338.66,0
4503,1509,97,3,52.27,10
4504,1509,60,1,416.86,10
4505,1509,94,4,22.69,0
4506,1510,23,3,153.55,0
4507,1510,64,3,181.91,20
4508,1511,23,4,153.55,0
4509,1511,14,1,182.82,0
4510,1512,28,1,364.04,5
4511,1512,2,2,238.98,10
4512,1512,52,4,116.82,15
4513,1512,84,2,121.13,0
4514,1513,100,2,269.62,5
4515,1513,115,4,194.63,15
4516,1513,18,1,561.44,10
4517,1514,44,4,271.84,5
4518,1515,18,3,561.44,20
4519,1515,73,1,370.92,0
4520,1516,97,1,52.27,15
4521,1516,58,2,175.82,0
4522,1517,6,4,166.81,0
4523,1517,84,4,121.13,5
4524,1517,19,2,92.09,0
4525,1517,4,3,316.2,0
4526,1517,112,3,175.1,15
4527,1518,71,1,178.01,5
4528,1518,107,1,12.44,5
4529,1519,106,2,440.12,20
4530,1519,39,3,375.26,20
4531,1520,2,2,238.98,0
4532,1520,24,2,425.71,10
4533,1520,35,1,76.91,0
4534,1520,94,1,22.69,10
4535,1521,79,1,294.44,0
4536,1521,87,2,211.61,5
4537,1521,83,3,26.63,0
4538,1521,13,2,113.52,0
4539,1522,93,1,233.96,15
4540,1522,18,3,561.44,0
4541,1522,106,3,440.12,10
4542,1523,14,1,182.82,0
4543,1524,70,4,307.09,20
4544,1524,90,3,244.8,15
4545,1524,78,4,42.51,0
4546,1524,62,4,242.39,20
4547,1525,8,1,335.09,10
4548,1525,68,3,498.16,0
4549,1525,59,3,124.17,0
4550,1525,66,2,318.4,5
4551,1526,74,1,211.18,5
4552,1527,6,1,166.81,5
4553,1527,74,2,211.18,5
4554,1527,78,2,42.51,20
4555,1528,66,4,318.4,0
4556,1528,58,1,175.82,10
4557,1528,21,1,205.02,0
4558,1529,19,1,92.09,0
4559,1529,9,2,221.84,0
4560,1530,1,2,280.02,20
4561,1530,28,1,364.04,0
4562,1530,3,1,232.11,10
4563,1531,59,2,124.17,10
4564,1531,15,1,225.59,0
4565,1531,67,1,14.91,0
4566,1531,33,1,131.4,5
4567,1532,50,2,377.83,20
4568,1533,87,4,211.61,15
4569,1533,92,1,571.21,5
4570,1533,2,3,238.98,0
4571,1533,70,1,307.09,20
4572,1533,111,4,311.09,5
4573,1534,105,3,250.51,15
4574,1534,29,2,419.43,5
4575,1534,16,1,293.65,15
4576,1534,107,2,12.44,5
4577,1534,11,1,505.42,10
4578,1535,83,3,26.63,15
4579,1535,34,3,478.97,10
4580,1535,19,3,92.09,0
4581,1535,3,2,232.11,15
4582,1535,34,1,478.97,0
4583,1536,4,4,316.2,0
4584,1536,49,3,538.98,0
4585,1536,75,3,86.31,20
4586,1536,52,4,116.82,5
4587,1537,35,1,76.91,20
4588,1537,18,1,561.44,15
4589,1538,119,3,338.66,0
4590,1538,20,4,219.02,0
4591,1538,5,3,354.07,10
4592,1538,114,1,332.05,5
4593,1538,34,3,478.97,0
4594,1539,120,2,237.11,0
4595,1539,59,1,124.17,0
4596,1540,18,3,561.44,0
4597,1540,71,1,178.01,15
4598,1540,54,1,190.46,15
4599,1540,23,3,153.55,0
4600,1540,73,1,370.92,0
4601,1541,23,2,153.55,0
4602,1541,34,4,478.97,5
4603,1541,4,1,316.2,0
4604,1541,17,2,123.86,10
4605,1541,19,4,92.09,0
4606,1542,73,4,370.92,0
4607,1542,45,1,311.48,0
4608,1543,64,4,181.91,5
4609,1544,113,3,46.28,15
4610,1545,50,1,377.83,0
4611,1545,80,1,139.42,0
4612,1545,31,1,171.33,0
4613,1546,34,2,478.97,0
4614,1546,72,4,461.17,0
4615,1547,97,1,52.27,15
4616,1547,87,2,211.61,20
4617,1547,59,2,124.17,5
4618,1548,120,3,237.11,15
4619,1548,101,4,433.8,0
4620,1548,110,2,76.72,0
4621,1548,10,4,474.27,5
4622,1549,102,3,47.26,5
4623,1549,60,1,416.86,15
4624,1549,21,1,205.02,15
4625,1550,104,3,51.46,10
4626,1551,111,3,311.09,20
4627,1551,27,3,326.68,0
4628,1551,40,4,88.88,15
4629,1552,12,3,147.52,20
4630,1552,82,4,336.12,20
4631,1553,101,2,433.8,0
4632,1553,52,3,116.82,20
4633,1553,37,1,297.66,20
4634,1553,16,1,293.65,15
4635,1553,91,4,215.97,20
4636,1554,32,1,295.23,20
4637,1554,86,4,475.84,0
4638,1554,40,2,88.88,0
4639,1554,87,3,211.61,10
4640,1555,76,4,273.29,10
4641,1555,3,4,232.11,5
4642,1555,34,1,478.97,0
4643,1556,105,3,250.51,0
4644,1556,26,3,150.31,0
4645,1557,7,3,171.07,10
4646,1557,96,4,388.87,0
4647,1557,106,2,440.12,5
4648,1557,19,1,92.09,15
4649,1558,21,1,205.02,15
4650,1558,26,1,150.31,10
4651,1559,11,1,505.42,20
4652,1560,105,1,250.51,0
4653,1560,14,4,182.82,15
4654,1560,13,4,113.52,20
4655,1560,84,4,121.13,0
4656,1561,88,1,263.55,15
4657,1561,65,3,9.2,0
4658,1561,75,3,86.31,20
4659,1562,81,1,297.3,0
4660,1563,91,1,215.97,0
4661,1563,61,2,52.86,10
4662,1564,18,4,561.44,10
4663,1564,98,1,68.82,15
4664,1564,30,4,204.15,0
4665,1564,54,1,190.46,5
4666,1565,107,2,12.44,0
4667,1565,115,2,194.63,15
4668,1565,77,4,317.11,0
4669,1565,62,4,242.39,20
4670,1566,6,4,166.81,5
4671,1566,72,1,461.17,0
4672,1567,47,3,244.56,5
4673,1567,111,1,311.09,0
4674,1567,22,3,359.3,15
4675,1567,112,3,175.1,0
4676,1567,103,2,433.62,0
4677,1568,51,1,515.68,20
4678,1569,34,4,478.97,15
4679,1569,61,1,52.86,5
4680,1569,103,4,433.62,15
4681,1569,88,3,263.55,0
4682,1570,90,2,244.8,0
4683,1570,42,1,300.8,15
4684,1570,15,4,225.59,0
4685,1571,28,2,364.04,0
4686,1572,90,1,244.8,10
4687,1572,69,2,219.76,10
4688,1573,4,1,316.2,0
4689,1573,117,1,512.54,15
4690,1574,6,2,166.81,0
4691,1574,48,1,242.0,5
4692,1575,52,2,116.82,0
4693,1575,86,3,475.84,0
4694,1575,40,1,88.88,0
4695,1576,117,4,512.54,5
4696,1576,34,2,478.97,5
4697,1576,65,4,9.2,20
4698,1577,42,1,300.8,0
4699,1577,70,1,307.09,5
4700,1577,117,4,512.54,0
4701,1578,64,1,181.91,0
4702,1578,47,3,244.56,0
4703,1578,49,1,538.98,20
4704,1578,86,4,475.84,0
4705,1578,30,4,204.15,0
4706,1579,99,3,231.08,5
4707,1579,99,4,231.08,5
4708,1579,19,1,92.09,0
4709,1580,106,4,440.12,0
4710,1581,62,1,242.39,0
4711,1581,13,4,113.52,0
4712,1582,38,1,194.29,20
4713,1582,39,3,375.26,15
4714,1582,59,2,124.17,5
4715,1582,7,2,171.07,10
4716,1583,19,4,92.09,0
4717,1583,72,3,461.17,0
4718,1583,58,4,175.82,5
4719,1583,33,2,131.4,0
4720,1584,111,2,311.09,0
4721,1585,46,2,401.52,0
4722,1585,115,4,194.63,15
4723,1586,103,3,433.62,10
4724,1587,8,3,335.09,20
4725,1587,48,2,242.0,0
4726,1588,99,2,231.08,5
4727,1588,26,4,150.31,15
4728,1588,11,3,505.42,10
4729,1588,110,4,76.72,5
4730,1588,33,1,131.4,0
4731,1589,65,4,9.2,5
4732,1589,91,3,215.97,0
4733,1589,33,2,131.4,5
4734,1589,109,1,321.5,10
4735,1590,62,2,242.39,20
4736,1590,52,2,116.82,5
4737,1591,83,2,26.63,5
4738,1591,14,1,182.82,20
4739,1592,55,1,499.98,5
4740,1592,14,4,182.82,0
4741,1592,8,3,335.09,0
4742,1592,79,3,294.44,0
4743,1593,5,3,354.07,0
4744,1593,14,4,182.82,10
4745,1594,96,4,388.87,10
4746,1594,102,1,47.26,0
4747,1595,8,4,335.09,10
4748,1596,118,2,127.24,20
4749,1597,114,3,332.05,15
4750,1598,53,4,240.08,0
4751,1598,33,3,131.4,5
4752,1599,101,4,433.8,5
4753,1599,31,1,171.33,10
4754,1599,29,1,419.43,15
4755,1600,79,3,294.44,0
4756,1600,90,2,244.8,15
4757,1600,78,2,42.51,0
4758,1601,21,1,205.02,20
4759,1602,105,4,250.51,0
4760,1602,17,4,123.86,15
4761,1602,54,4,190.46,5
4762,1602,83,3,26.63,20
4763,1602,22,4,359.3,20
4764,1603,63,3,37.78,10
4765,1603,96,3,388.87,0
4766,1603,58,1,175.82,10
4767,1603,110,4,76.72,0
4768,1603,105,1,250.51,5
4769,1604,22,1,359.3,10
4770,1605,24,1,425.71,0
4771,1605,100,3,269.62,20
4772,1606,117,1,512.54,10
4773,1606,29,2,419.43,0
4774,1606,45,2,311.48,0
4775,1606,27,2,326.68,0
4776,1606,22,2,359.3,0
4777,1607,45,1,311.48,0
4778,1607,80,2,139.42,0
4779,1607,37,3,297.66,20
4780,1608,65,3,9.2,15
4781,1608,101,2,433.8,10
4782,1608,25,2,234.35,0
4783,1608,113,2,46.28,0
4784,1608,109,2,321.5,5
4785,1609,4,3,316.2,10
4786,1609,96,2,388.87,0
4787,1609,17,3,123.86,20
4788,1609,35,1,76.91,0
4789,1609,113,1,46.28,5
4790,1610,77,2,317.11,0
4791,1610,16,2,293.65,0
4792,1610,64,4,181.91,0
4793,1610,10,4,474.27,5
4794,1610,40,3,88.88,0
4795,1611,83,1,26.63,10
4796,1611,27,4,326.68,0
4797,1611,80,1,139.42,10
4798,1612,13,4,113.52,0
4799,1612,30,4,204.15,0
4800,1613,81,4,297.3,0
4801,1613,50,1,377.83,0
4802,1613,90,1,244.8,10
4803,1613,55,1,499.98,5
4804,1613,104,2,51.46,0
4805,1614,116,3,78.18,0
4806,1614,112,2,175.1,0
4807,1614,8,2,335.09,0
4808,1614,91,1,215.97,0
4809,1614,46,2,401.52,20
4810,1615,93,2,233.96,0
4811,1615,75,1,86.31,0
4812,1616,60,2,416.86,0
4813,1616,60,2,416.86,0
4814,1616,89,3,633.88,20
4815,1616,17,2,123.86,0
4816,1616,65,2,9.2,15
4817,1617,24,1,425.71,0
4818,1617,99,4,231.08,5
4819,1617,6,4,166.81,5
4820,1617,82,4,336.12,20
4821,1617,74,2,211.18,0
4822,1618,56,3,34.57,0
4823,1618,46,1,401.52,0
4824,1618,44,4,271.84,15
4825,1618,70,3,307.09,5
4826,1618,36,1,496.08,10
4827,1619,22,3,359.3,15
4828,1619,56,4,34.57,0
4829,1619,52,2,116.82,0
4830,1619,95,3,288.16,5
4831,1619,62,2,242.39,15
4832,1620,111,3,311.09,15
4833,1620,48,1,242.0,20
4834,1621,112,3,175.1,0
4835,1621,97,1,52.27,10
4836,1622,58,2,175.82,10
4837,1622,53,2,240.08,10
4838,1622,98,3,68.82,0
4839,1623,119,3,338.66,0
4840,1623,37,2,297.66,10
4841,1624,6,2,166.81,5
4842,1624,52,1,116.82,0
4843,1624,118,3,127.24,20
4844,1624,108,1,115.07,10
4845,1625,83,1,26.63,0
4846,1625,92,2,571.21,10
4847,1625,10,1,474.27,15
4848,1626,69,2,219.76,0
4849,1626,21,3,205.02,20
4850,1627,89,1,633.88,5
4851,1628,42,4,300.8,0
4852,1629,112,2,175.1,5
4853,1629,37,2,297.66,15
4854,1629,68,3,498.16,0
4855,1629,2,3,238.98,0
4856,1630,106,4,440.12,15
4857,1630,19,2,92.09,15
4858,1630,15,2,225.59,20
4859,1630,114,2,332.05,20
4860,1631,56,3,34.57,0
4861,1632,15,2,225.59,5
4862,1632,23,4,153.55,5
4863,1632,85,4,353.3,10
4864,1633,102,3,47.26,10
4865,1633,38,2,194.29,10
4866,1634,42,3,300.8,0
4867,1634,66,4,318.4,0
4868,1634,12,4,147.52,10
4869,1634,79,2,294.44,0
4870,1635,72,2,461.17,5
4871,1635,40,3,88.88,20
4872,1635,35,1,76.91,20
4873,1636,102,2,47.26,10
4874,1636,106,4,440.12,10
4875,1636,33,4,131.4,10
4876,1637,48,2,242.0,5
4877,1637,108,2,115.07,5
4878,1637,72,1,461.17,0
4879,1637,89,4,633.88,0
4880,1637,26,4,150.31,15
4881,1638,77,3,317.11,0
4882,1639,23,1,153.55,5
4883,1639,93,3,233.96,0
4884,1639,42,1,300.8,20
4885,1640,34,4,478.97,0
4886,1641,65,3,9.2,0
4887,1641,28,4,364.04,0
4888,1641,51,4,515.68,0
4889,1641,70,4,307.09,20
4890,1642,17,4,123.86,20
4891,1642,30,4,204.15,10
4892,1642,119,1,338.66,0
4893,1642,85,3,353.3,15
4894,1643,5,1,354.07,0
4895,1643,58,4,175.82,15
4896,1643,22,1,359.3,0
4897,1643,100,3,269.62,0
4898,1643,6,4,166.81,15
4899,1644,47,4,244.56,20
4900,1644,113,4,46.28,0
4901,1645,76,2,273.29,0
4902,1645,4,4,316.2,5
4903,1645,83,4,26.63,15
4904,1645,28,1,364.04,20
4905,1646,95,2,288.16,5
4906,1646,53,4,240.08,10
4907,1647,58,4,175.82,0
4908,1647,28,3,364.04,15
4909,1647,77,1,317.11,5
4910,1647,61,2,52.86,10
4911,1647,54,2,190.46,0
4912,1648,97,4,52.27,5
4913,1648,4,3,316.2,20
4914,1648,82,3,336.12,20
4915,1648,3,3,232.11,10
4916,1648,18,2,561.44,20
4917,1649,55,1,499.98,10
4918,1649,111,4,311.09,15
4919,1649,93,4,233.96,0
4920,1649,53,4,240.08,0
4921,1649,24,1,425.71,20
4922,1650,61,2,52.86,20
4923,1651,87,2,211.61,5
4924,1652,99,2,231.08,5
4925,1652,12,4,147.52,15
4926,1653,79,3,294.44,0
4927,1653,52,3,116.82,0
4928,1653,4,2,316.2,15
4929,1654,87,2,211.61,0
4930,1655,100,4,269.62,5
4931,1655,4,4,316.2,10
4932,1655,23,1,153.55,10
4933,1656,34,2,478.97,0
4934,1656,30,3,204.15,15
4935,1656,101,2,433.8,20
4936,1657,15,4,225.59,5
4937,1657,65,1,9.2,5
4938,1657,82,4,336.12,15
4939,1657,35,2,76.91,15
4940,1657,15,3,225.59,15
4941,1658,113,2,46.28,20
4942,1658,84,1,121.13,0
4943,1658,1,2,280.02,5
4944,1659,20,4,219.02,15
4945,1659,39,1,375.26,5
4946,1659,113,1,46.28,0
4947,1659,4,1,316.2,10
4948,1659,82,1,336.12,5
4949,1660,71,2,178.01,15
4950,1660,112,3,175.1,20
4951,1660,39,3,375.26,20
4952,1660,4,1,316.2,5
4953,1661,24,4,425.71,15
4954,1661,36,1,496.08,0
4955,1661,54,1,190.46,5
4956,1661,120,1,237.11,15
4957,1661,77,4,317.11,20
4958,1662,72,1,461.17,10
4959,1663,82,2,336.12,5
4960,1664,49,2,538.98,15
4961,1664,33,3,131.4,10
4962,1664,88,4,263.55,0
4963,1664,11,2,505.42,0
4964,1664,95,3,288.16,20
4965,1665,28,4,364.04,10
4966,1665,3,1,232.11,0
4967,1665,29,4,419.43,0
4968,1666,58,4,175.82,20
4969,1666,105,1,250.51,0
4970,1666,79,4,294.44,15
4971,1666,98,4,68.82,0
4972,1666,17,3,123.86,0
4973,1667,29,4,419.43,0
4974,1667,65,1,9.2,15
4975,1667,69,4,219.76,20
4976,1668,108,2,115.07,0
4977,1668,46,4,401.52,5
4978,1668,32,3,295.23,0
4979,1669,30,4,204.15,0
4980,1669,49,4,538.98,20
4981,1670,10,2,474.27,0
4982,1670,75,3,86.31,10
4983,1670,105,4,250.51,20
4984,1670,114,2,332.05,0
4985,1670,96,1,388.87,0
4986,1671,73,2,370.92,0
4987,1671,50,4,377.83,5
4988,1671,10,4,474.27,10
4989,1671,75,4,86.31,0
4990,1672,85,2,353.3,10
4991,1672,118,2,127.24,0
4992,1672,42,4,300.8,20
4993,1672,52,4,116.82,15
4994,1672,64,4,181.91,10
4995,1673,33,2,131.4,0
4996,1673,67,3,14.91,10
4997,1674,96,2,388.87,20
4998,1674,77,1,317.11,0
4999,1674,17,4,123.86,0
5000,1674,4,1,316.2,0
5001,1674,38,3,194.29,0
5002,1675,93,1,233.96,20
5003,1675,40,2,88.88,20
5004,1675,5,3,354.07,15
5005,1675,120,1,237.11,0
5006,1675,39,1,375.26,0
5007,1676,61,2,52.86,0
5008,1676,76,4,273.29,15
5009,1676,42,4,300.8,0
5010,1676,21,2,205.02,0
5011,1676,117,1,512.54,0
5012,1677,44,2,271.84,0
5013,1677,73,4,370.92,5
5014,1678,116,4,78.18,0
5015,1678,118,1,127.24,15
5016,1678,110,3,76.72,5
5017,1678,69,2,219.76,0
5018,1678,11,4,505.42,15
5019,1679,13,4,113.52,10
5020,1679,43,4,439.52,0
5021,1679,97,3,52.27,20
5022,1679,109,1,321.5,0
5023,1680,41,2,605.42,0
5024,1680,85,2,353.3,5
5025,1681,64,4,181.91,5
5026,1682,8,2,335.09,5
5027,1682,12,2,147.52,0
5028,1682,19,3,92.09,20
5029,1683,27,4,326.68,0
5030,1683,25,3,234.35,15
5031,1684,71,1,178.01,20
5032,1684,35,4,76.91,5
5033,1684,4,4,316.2,15
5034,1685,9,1,221.84,15
5035,1685,108,4,115.07,5
5036,1685,42,1,300.8,20
5037,1686,110,3,76.72,0
5038,1686,62,2,242.39,15
5039,1686,22,3,359.3,0
5040,1686,35,3,76.91,5
5041,1686,25,3,234.35,0
5042,1687,45,1,311.48,15
5043,1687,95,1,288.16,0
5044,1687,115,4,194.63,0
5045,1688,118,4,127.24,0
5046,1689,76,2,273.29,20
5047,1690,70,3,307.09,0
5048,1691,103,1,433.62,15
5049,1692,31,3,171.33,20
5050,1693,85,4,353.3,10
5051,1694,90,3,244.8,0
5052,1694,116,4,78.18,0
5053,1694,89,4,633.88,15
5054,1694,77,2,317.11,20
5055,1694,27,2,326.68,0
5056,1695,78,4,42.51,0
5057,1695,34,1,478.97,10
5058,1696,93,4,233.96,0
5059,1696,77,2,317.11,0
5060,1696,87,1,211.61,10
5061,1696,90,1,244.8,10
5062,1696,108,3,115.07,20
5063,1697,104,4,51.46,5
5064,1697,13,1,113.52,0
5065,1698,21,4,205.02,0
5066,1698,24,1,425.71,0
5067,1698,77,4,317.11,0
5068,1699,77,4,317.11,15
5069,1699,1,4,280.02,5
5070,1700,111,2,311.09,15
5071,1701,50,1,377.83,20
5072,1701,80,3,139.42,15
5073,1701,32,3,295.23,5
5074,1702,24,2,425.71,0
5075,1702,90,4,244.8,0
5076,1702,47,2,244.56,0
5077,1702,18,4,561.44,0
5078,1703,105,4,250.51,0
5079,1703,28,4,364.04,10
5080,1703,52,1,116.82,0
5081,1703,119,1,338.66,5
5082,1704,48,1,242.0,0
5083,1705,80,1,139.42,0
5084,1706,8,2,335.09,15
5085,1706,4,2,316.2,0
5086,1707,99,4,231.08,20
5087,1707,48,4,242.0,15
5088,1708,51,1,515.68,0
5089,1708,80,4,139.42,0
5090,1709,33,3,131.4,15
5091,1709,76,2,273.29,0
5092,1709,41,3,605.42,15
5093,1710,16,1,293.65,15
5094,1711,68,2,498.16,0
5095,1711,114,3,332.05,20
5096,1711,43,4,439.52,5
5097,1712,79,4,294.44,0
5098,1712,41,4,605.42,5
5099,1712,2,2,238.98,20
5100,1712,53,1,240.08,20
5101,1713,58,1,175.82,0
5102,1714,3,2,232.11,0
5103,1714,46,1,401.52,0
5104,1714,65,3,9.2,0
5105,1714,10,3,474.27,0
5106,1715,55,4,499.98,20
5107,1716,74,1,211.18,0
5108,1716,17,2,123.86,0
5109,1716,39,1,375.26,0
5110,1716,32,3,295.23,0
5111,1717,94,3,22.69,0
5112,1717,13,3,113.52,15
5113,1717,118,4,127.24,10
5114,1718,98,4,68.82,5
5115,1719,50,1,377.83,10
5116,1719,31,2,171.33,0
5117,1719,92,4,571.21,0
5118,1720,48,4,242.0,0
5119,1721,70,3,307.09,0
5120,1722,78,3,42.51,5
5121,1723,89,4,633.88,0
5122,1723,101,2,433.8,0
5123,1724,118,2,127.24,0
5124,1724,31,2,171.33,20
5125,1724,51,4,515.68,5
5126,1724,80,2,139.42,0
5127,1724,22,4,359.3,5
5128,1725,112,3,175.1,15
5129,1725,19,1,92.09,0
5130,1725,31,2,171.33,0
5131,1725,74,1,211.18,0
5132,1725,89,1,633.88,0
5133,1726,67,3,14.91,0
5134,1726,18,2,561.44,0
5135,1727,114,1,332.05,20
5136,1727,87,4,211.61,0
5137,1728,17,4,123.86,0
5138,1728,118,4,127.24,0
5139,1728,56,1,34.57,0
5140,1729,101,3,433.8,0
5141,1729,28,2,364.04,0
5142,1729,100,4,269.62,15
5143,1729,93,2,233.96,0
5144,1730,54,1,190.46,5
5145,1731,1,2,280.02,10
5146,1731,47,1,244.56,0
5147,1731,49,1,538.98,0
5148,1731,79,3,294.44,0
5149,1732,94,1,22.69,15
5150,1733,3,4,232.11,5
5151,1733,101,3,433.8,10
5152,1733,22,4,359.3,5
5153,1734,107,2,12.44,0
5154,1734,108,1,115.07,0
5155,1734,91,4,215.97,0
5156,1734,104,3,51.46,15
5157,1735,37,4,297.66,0
5158,1736,119,2,338.66,10
5159,1736,90,4,244.8,15
5160,1736,74,3,211.18,20
5161,1736,77,1,317.11,0
5162,1736,77,4,317.11,0
5163,1737,90,2,244.8,0
5164,1737,106,4,440.12,20
5165,1737,112,4,175.1,0
5166,1737,28,2,364.04,0
5167,1737,96,2,388.87,10
5168,1738,75,1,86.31,15
5169,1738,111,1,311.09,0
5170,1738,79,3,294.44,10
5171,1738,120,3,237.11,0
5172,1738,33,1,131.4,0
5173,1739,18,2,561.44,20
5174,1739,76,3,273.29,5
5175,1740,96,4,388.87,0
5176,1740,109,2,321.5,0
5177,1740,27,4,326.68,10
5178,1740,83,4,26.63,0
5179,1741,90,1,244.8,15
5180,1741,26,3,150.31,10
5181,1741,83,3,26.63,5
5182,1741,40,4,88.88,15
5183,1742,66,4,318.4,15
5184,1742,57,3,20.94,10
5185,1742,100,4,269.62,0
5186,1743,20,2,219.02,5
5187,1743,103,1,433.62,0
5188,1743,108,1,115.07,10
5189,1743,113,2,46.28,5
5190,1744,42,3,300.8,0
5191,1744,94,4,22.69,15
5192,1744,65,4,9.2,0
5193,1744,43,4,439.52,15
5194,1745,114,4,332.05,0
5195,1745,13,2,113.52,0
5196,1745,61,4,52.86,0
5197,1746,67,4,14.91,20
5198,1746,68,2,498.16,0
5199,1746,88,1,263.55,0
5200,1747,20,2,219.02,0
5201,1748,79,4,294.44,0
5202,1748,1,2,280.02,20
5203,1748,109,2,321.5,0
5204,1748,68,4,498.16,10
5205,1748,55,1,499.98,10
5206,1749,58,1,175.82,0
5207,1750,20,2,219.02,10
5208,1750,83,4,26.63,0
5209,1750,23,1,153.55,20
5210,1751,29,1,419.43,10
5211,1751,100,3,269.62,15
5212,1751,9,2,221.84,0
5213,1751,86,1,475.84,10
5214,1751,99,4,231.08,15
5215,1752,113,4,46.28,0
5216,1752,108,3,115.07,0
5217,1752,20,3,219.02,0
5218,1752,27,3,326.68,5
5219,1752,79,3,294.44,10
5220,1753,97,4,52.27,20
5221,1753,89,4,633.88,0
5222,1753,66,1,318.4,10
5223,1754,114,3,332.05,10
5224,1755,1,2,280.02,15
5225,1755,79,3,294.44,0
5226,1755,19,1,92.09,20
5227,1755,30,1,204.15,0
5228,1756,79,1,294.44,5
5229,1756,25,3,234.35,0
5230,1756,6,2,166.81,0
5231,1757,56,4,34.57,0
5232,1757,79,3,294.44,0
5233,1757,85,3,353.3,0
5234,1757,66,4,318.4,15
5235,1757,35,2,76.91,0
5236,1758,101,4,433.8,15
5237,1758,66,3,318.4,0
5238,1758,74,4,211.18,0
5239,1759,93,4,233.96,15
5240,1759,80,3,139.42,0
5241,1759,59,4,124.17,20
5242,1760,25,1,234.35,5
5243,1760,52,2,116.82,20
5244,1760,76,2,273.29,15
5245,1760,83,1,26.63,0
5246,1761,20,3,219.02,20
5247,1761,19,4,92.09,20
5248,1761,47,3,244.56,10
5249,1761,40,4,88.88,10
5250,1761,71,1,178.01,5
5251,1762,29,4,419.43,0
5252,1762,58,1,175.82,0
5253,1763,8,1,335.09,15
5254,1763,105,4,250.51,0
5255,1763,106,3,440.12,20
5256,1763,103,4,433.62,0
5257,1763,86,3,475.84,20
5258,1764,81,4,297.3,5
5259,1765,105,1,250.51,20
5260,1766,75,1,86.31,0
5261,1766,64,1,181.91,10
5262,1766,75,3,86.31,0
5263,1767,27,3,326.68,10
5264,1767,66,4,318.4,5
5265,1767,27,1,326.68,20
5266,1767,20,1,219.02,15
5267,1767,62,4,242.39,0
5268,1768,15,1,225.59,15
5269,1768,109,3,321.5,15
5270,1769,67,4,14.91,20
5271,1769,84,1,121.13,10
5272,1769,99,2,231.08,20
5273,1769,104,1,51.46,15
5274,1769,106,4,440.12,0
5275,1770,7,4,171.07,10
5276,1771,50,2,377.83,0
5277,1771,36,4,496.08,15
5278,1772,54,4,190.46,0
5279,1773,25,3,234.35,0
5280,1773,89,4,633.88,0
5281,1774,108,2,115.07,0
5282,1774,42,3,300.8,0
5283,1775,46,2,401.52,15
5284,1776,67,3,14.91,15
5285,1776,106,3,440.12,0
5286,1777,10,3,474.27,0
5287,1778,83,3,26.63,20
5288,1778,7,2,171.07,5
5289,1779,105,1,250.51,15
5290,1779,5,4,354.07,20
5291,1779,58,4,175.82,10
5292,1779,7,2,171.07,0
5293,1780,34,4,478.97,5
5294,1780,74,3,211.18,0
5295,1780,118,2,127.24,20
5296,1781,56,2,34.57,0
5297,1782,85,2,353.3,20
5298,1782,16,3,293.65,10
5299,1782,64,3,181.91,5
5300,1782,91,2,215.97,10
5301,1782,117,2,512.54,15
5302,1783,100,2,269.62,15
5303,1783,5,2,354.07,10
5304,1783,107,1,12.44,0
5305,1783,72,3,461.17,15
5306,1783,85,3,353.3,15
5307,1784,110,3,76.72,0
5308,1784,71,3,178.01,15
5309,1784,95,3,288.16,10
5310,1784,32,4,295.23,20
5311,1785,109,4,321.5,15
5312,1785,33,4,131.4,0
5313,1785,94,1,22.69,0
5314,1785,96,3,388.87,10
5315,1786,15,4,225.59,0
5316,1786,57,1,20.94,0
5317,1786,2,2,238.98,0
5318,1786,10,1,474.27,5
5319,1786,73,1,370.92,15
5320,1787,108,3,115.07,15
5321,1787,62,4,242.39,15
5322,1787,114,1,332.05,15
5323,1788,37,1,297.66,15
5324,1788,17,2,123.86,10
5325,1788,52,3,116.82,15
5326,1788,82,2,336.12,0
5327,1789,120,1,237.11,10
5328,1789,93,4,233.96,15
5329,1789,105,2,250.51,0
5330,1790,77,4,317.11,5
5331,1791,96,4,388.87,0
5332,1791,36,2,496.08,20
5333,1791,118,1,127.24,0
5334,1792,70,1,307.09,0
5335,1792,116,2,78.18,15
5336,1792,57,4,20.94,10
5337,1792,29,4,419.43,5
5338,1792,46,1,401.52,0
5339,1793,36,4,496.08,0
5340,1793,36,3,496.08,0
5341,1793,79,2,294.44,0
5342,1794,117,3,512.54,5
5343,1794,113,3,46.28,0
5344,1794,112,4,175.1,20
5345,1794,7,1,171.07,10
5346,1795,73,3,370.92,15
5347,1796,75,2,86.31,15
5348,1796,24,4,425.71,15
5349,1796,57,4,20.94,20
5350,1797,28,3,364.04,0
5351,1798,107,3,12.44,20
5352,1798,37,3,297.66,10
5353,1799,30,1,204.15,0
5354,1799,61,2,52.86,0
5355,1799,9,3,221.84,0
5356,1799,36,4,496.08,15
5357,1799,95,1,288.16,0
5358,1800,46,1,401.52,0
5359,1800,34,4,478.97,10
5360,1801,112,1,175.1,0
5361,1801,2,3,238.98,0
5362,1802,25,1,234.35,15
5363,1802,68,3,498.16,10
5364,1802,7,1,171.07,0
5365,1802,93,4,233.96,0
5366,1802,11,3,505.42,0
5367,1803,30,4,204.15,5
5368,1803,69,4,219.76,0
5369,1803,81,1,297.3,20
5370,1804,6,4,166.81,15
5371,1805,108,1,115.07,5
5372,1805,83,1,26.63,0
5373,1805,111,4,311.09,20
5374,1805,75,2,86.31,0
5375,1806,91,2,215.97,0
5376,1806,52,1,116.82,0
5377,1807,112,3,175.1,15
5378,1807,89,3,633.88,15
5379,1807,3,3,232.11,20
5380,1807,18,2,561.44,0
5381,1808,52,4,116.82,5
5382,1809,73,2,370.92,0
5383,1809,13,4,113.52,5
5384,1809,115,2,194.63,0
5385,1809,109,2,321.5,0
5386,1809,18,2,561.44,0
5387,1810,17,2,123.86,15
5388,1810,23,1,153.55,0
5389,1810,49,2,538.98,15
5390,1810,4,1,316.2,15
5391,1810,95,1,288.16,20
5392,1811,29,1,419.43,0
5393,1811,30,2,204.15,0
5394,1812,32,3,295.23,0
5395,1812,107,4,12.44,15
5396,1813,52,3,116.82,20
5397,1813,103,3,433.62,10
5398,1813,57,4,20.94,20
5399,1813,1,2,280.02,0
5400,1813,75,4,86.31,5
5401,1814,46,2,401.52,5
5402,1814,97,4,52.27,15
5403,1814,86,4,475.84,15
5404,1814,116,2,78.18,0
5405,1814,85,3,353.3,0
5406,1815,43,2,439.52,5
5407,1816,35,4,76.91,20
5408,1817,8,4,335.09,5
5409,1817,39,1,375.26,0
5410,1817,61,3,52.86,0
5411,1817,32,4,295.23,20
5412,1817,75,3,86.31,0
5413,1818,86,2,475.84,0
5414,1818,27,4,326.68,0
5415,1818,98,3,68.82,15
5416,1819,64,2,181.91,0
5417,1819,14,3,182.82,5
5418,1819,11,2,505.42,15
5419,1819,59,4,124.17,0
5420,1820,53,3,240.08,10
5421,1820,96,4,388.87,0
5422,1820,86,1,475.84,5
5423,1821,61,2,52.86,10
5424,1821,78,1,42.51,5
5425,1821,13,3,113.52,20
5426,1821,29,1,419.43,0
5427,1821,51,2,515.68,15
5428,1822,61,2,52.86,5
5429,1822,8,4,335.09,15
5430,1823,55,4,499.98,10
5431,1823,116,1,78.18,10
5432,1823,115,2,194.63,5
5433,1823,94,3,22.69,10
5434,1823,27,1,326.68,0
5435,1824,101,4,433.8,5
5436,1824,24,3,425.71,15
5437,1824,36,2,496.08,15
5438,1825,45,4,311.48,0
5439,1825,118,2,127.24,10
5440,1825,14,4,182.82,0
5441,1826,106,3,440.12,10
5442,1826,109,1,321.5,15
5443,1826,15,2,225.59,15
5444,1826,53,4,240.08,15
5445,1827,87,1,211.61,5
5446,1827,88,2,263.55,0
5447,1827,43,2,439.52,10
5448,1827,15,1,225.59,0
5449,1828,4,1,316.2,5
5450,1828,100,2,269.62,10
5451,1828,78,3,42.51,15
5452,1828,75,1,86.31,20
5453,1828,97,1,52.27,0
5454,1829,107,4,12.44,15
5455,1829,103,2,433.62,15
5456,1829,36,1,496.08,0
5457,1829,6,3,166.81,0
5458,1830,5,1,354.07,0
5459,1830,117,1,512.54,0
5460,1831,85,1,353.3,20
5461,1831,4,1,316.2,20
5462,1831,40,2,88.88,0
5463,1831,20,4,219.02,20
5464,1831,54,1,190.46,5
5465,1832,6,2,166.81,0
5466,1832,19,1,92.09,20
5467,1832,99,2,231.08,0
5468,1832,65,3,9.2,0
5469,1832,71,3,178.01,0
5470,1833,90,4,244.8,10
5471,1834,49,1,538.98,0
5472,1834,42,4,300.8,0
5473,1834,110,1,76.72,20
5474,1834,64,1,181.91,0
5475,1834,113,2,46.28,20
5476,1835,18,3,561.44,5
5477,1836,72,1,461.17,0
5478,1836,12,1,147.52,0
5479,1836,108,4,115.07,20
5480,1836,81,3,297.3,0
5481,1836,18,4,561.44,15
5482,1837,109,3,321.5,5
5483,1837,49,3,538.98,20
5484,1837,55,2,499.98,10
5485,1837,10,2,474.27,10
5486,1838,85,4,353.3,0
5487,1839,16,3,293.65,0
5488,1839,113,1,46.28,0
5489,1840,53,4,240.08,15
5490,1841,44,2,271.84,0
5491,1841,23,4,153.55,15
5492,1841,40,1,88.88,0
5493,1842,120,4,237.11,10
5494,1843,55,4,499.98,10
5495,1843,37,2,297.66,0
5496,1843,4,3,316.2,0
5497,1844,27,3,326.68,0
5498,1844,100,3,269.62,0
5499,1844,110,2,76.72,5
5500,1844,82,1,336.12,5
5501,1845,52,3,116.82,0
5502,1845,34,4,478.97,20
5503,1845,2,4,238.98,0
5504,1846,15,2,225.59,0
5505,1846,105,4,250.51,10
5506,1846,83,4,26.63,20
5507,1847,113,1,46.28,0
5508,1848,87,3,211.61,20
5509,1849,61,4,52.86,0
5510,1850,18,2,561.44,0
5511,1850,71,2,178.01,0
5512,1851,61,3,52.86,20
5513,1851,20,2,219.02,0
5514,1851,78,3,42.51,0
5515,1852,35,4,76.91,10
5516,1852,103,1,433.62,0
5517,1852,48,1,242.0,15
5518,1852,15,2,225.59,0
5519,1852,86,1,475.84,20
5520,1853,119,2,338.66,0
5521,1853,99,2,231.08,20
5522,1853,1,4,280.02,0
5523,1853,16,3,293.65,5
5524,1854,17,1,123.86,20
5525,1855,32,3,295.23,0
5526,1855,79,3,294.44,20
5527,1855,98,2,68.82,20
5528,1856,53,4,240.08,0
5529,1856,94,2,22.69,10
5530,1856,5,2,354.07,0
5531,1856,83,2,26.63,0
5532,1856,50,2,377.83,20
5533,1857,60,1,416.86,15
5534,1857,19,1,92.09,0
5535,1858,106,4,440.12,10
5536,1858,74,1,211.18,0
5537,1859,101,3,433.8,10
5538,1859,74,3,211.18,15
5539,1859,99,1,231.08,10
5540,1859,98,3,68.82,0
5541,1860,82,1,336.12,15
5542,1860,39,3,375.26,0
5543,1860,67,4,14.91,0
5544,1860,49,1,538.98,15
5545,1860,7,4,171.07,0
5546,1861,48,4,242.0,0
5547,1861,11,4,505.42,0
5548,1861,19,4,92.09,5
5549,1862,116,1,78.18,0
5550,1862,46,2,401.52,15
5551,1862,3,3,232.11,0
5552,1862,62,4,242.39,10
5553,1862,79,2,294.44,15
5554,1863,111,2,311.09,0
5555,1863,103,1,433.62,10
5556,1863,37,2,297.66,0
5557,1863,96,2,388.87,0
5558,1864,36,1,496.08,5
5559,1865,32,4,295.23,10
5560,1865,14,3,182.82,10
5561,1865,44,3,271.84,5
5562,1866,73,4,370.92,0
5563,1866,21,3,205.02,0
5564,1866,48,4,242.0,0
5565,1866,31,2,171.33,0
5566,1867,46,2,401.52,0
5567,1867,109,1,321.5,0
5568,1867,82,2,336.12,10
5569,1868,78,4,42.51,5
5570,1868,24,1,425.71,5
5571,1869,18,2,561.44,0
5572,1869,39,1,375.26,5
5573,1869,60,2,416.86,0
5574,1869,46,2,401.52,10
5575,1869,23,4,153.55,5
5576,1870,105,3,250.51,20
5577,1870,5,2,354.07,0
5578,1871,69,3,219.76,0
5579,1871,24,2,425.71,0
5580,1871,54,1,190.46,15
5581,1872,28,3,364.04,10
5582,1872,29,4,419.43,10
5583,1873,24,3,425.71,5
5584,1874,92,3,571.21,15
5585,1874,64,1,181.91,10
5586,1874,95,3,288.16,0
5587,1874,77,3,317.11,0
5588,1875,30,1,204.15,0
5589,1875,102,3,47.26,15
5590,1876,84,4,121.13,5
5591,1876,118,1,127.24,0
5592,1876,43,4,439.52,0
5593,1876,57,3,20.94,20
5594,1877,26,1,150.31,0
5595,1877,86,4,475.84,5
5596,1877,55,4,499.98,15
5597,1878,83,4,26.63,0
5598,1878,17,1,123.86,20
5599,1878,74,2,211.18,10
5600,1878,12,3,147.52,5
5601,1879,8,2,335.09,0
5602,1879,32,1,295.23,15
5603,1879,15,4,225.59,5
5604,1879,81,4,297.3,0
5605,1879,50,4,377.83,15
5606,1880,88,4,263.55,0
5607,1880,70,3,307.09,10
5608,1881,93,3,233.96,15
5609,1881,66,3,318.4,5
5610,1881,29,4,419.43,0
5611,1881,11,3,505.42,20
5612,1881,20,3,219.02,0
5613,1882,99,2,231.08,10
5614,1882,97,2,52.27,20
5615,1882,32,1,295.23,0
5616,1883,109,4,321.5,5
5617,1883,79,2,294.44,0
5618,1883,62,3,242.39,0
5619,1883,63,2,37.78,20
5620,1883,88,4,263.55,5
5621,1884,18,1,561.44,0
5622,1884,13,3,113.52,15
5623,1884,112,1,175.1,20
5624,1884,50,3,377.83,0
5625,1884,90,4,244.8,5
5626,1885,112,3,175.1,0
5627,1885,104,2,51.46,5
5628,1886,63,3,37.78,15
5629,1886,51,3,515.68,20
5630,1887,66,3,318.4,10
5631,1887,55,2,499.98,0
5632,1887,36,3,496.08,15
5633,1887,48,1,242.0,0
5634,1888,75,2,86.31,10
5635,1888,54,3,190.46,5
5636,1888,69,3,219.76,20
5637,1888,15,2,225.59,20
5638,1889,92,4,571.21,0
5639,1889,77,2,317.11,15
5640,1889,41,1,605.42,10
5641,1889,57,2,20.94,0
5642,1890,39,4,375.26,20
5643,1891,38,4,194.29,5
5644,1891,71,1,178.01,0
5645,1892,48,1,242.0,20
5646,1892,67,3,14.91,15
5647,1893,68,2,498.16,0
5648,1893,38,4,194.29,10
5649,1893,88,2,263.55,20
5650,1893,32,2,295.23,5
5651,1893,83,2,26.63,15
5652,1894,63,4,37.78,20
5653,1894,94,4,22.69,0
5654,1894,51,2,515.68,5
5655,1894,81,2,297.3,15
5656,1895,18,2,561.44,0
5657,1896,17,4,123.86,20
5658,1896,33,2,131.4,0
5659,1896,97,2,52.27,5
5660,1897,22,4,359.3,5
5661,1897,93,1,233.96,15
5662,1897,27,4,326.68,0
5663,1897,110,3,76.72,15
5664,1897,87,3,211.61,10
5665,1898,48,4,242.0,0
5666,1898,73,1,370.92,0
5667,1898,111,2,311.09,0
5668,1898,34,3,478.97,20
5669,1898,111,1,311.09,10
5670,1899,10,1,474.27,0
5671,1900,92,1,571.21,10
5672,1900,113,1,46.28,0
5673,1900,68,1,498.16,0
5674,1900,33,1,131.4,0
5675,1900,37,1,297.66,0
5676,1901,44,1,271.84,15
5677,1901,28,3,364.04,0
5678,1901,67,1,14.91,0
5679,1901,66,2,318.4,5
5680,1901,40,4,88.88,0
5681,1902,14,4,182.82,10
5682,1903,108,4,115.07,10
5683,1903,34,1,478.97,0
5684,1903,119,1,338.66,0
5685,1903,114,4,332.05,20
5686,1904,83,2,26.63,5
5687,1904,90,1,244.8,5
5688,1904,12,1,147.52,0
5689,1904,67,4,14.91,5
5690,1904,103,4,433.62,0
5691,1905,57,3,20.94,10
5692,1905,95,2,288.16,15
5693,1905,26,2,150.31,5
5694,1905,9,4,221.84,20
5695,1906,27,3,326.68,0
5696,1906,33,3,131.4,15
5697,1906,70,1,307.09,10
5698,1906,45,4,311.48,0
5699,1906,57,2,20.94,10
5700,1907,84,2,121.13,0
5701,1907,21,4,205.02,5
5702,1907,85,2,353.3,0
5703,1907,60,4,416.86,0
5704,1907,72,1,461.17,0
5705,1908,71,4,178.01,10
5706,1908,112,2,175.1,0
5707,1908,105,2,250.51,0
5708,1908,20,3,219.02,0
5709,1909,76,2,273.29,0
5710,1909,41,1,605.42,15
5711,1909,48,1,242.0,0
5712,1909,41,2,605.42,20
5713,1910,1,4,280.02,20
5714,1910,25,1,234.35,10
5715,1911,82,4,336.12,20
5716,1912,61,4,52.86,15
5717,1912,97,1,52.27,0
5718,1912,113,3,46.28,0
5719,1912,41,2,605.42,15
5720,1913,8,1,335.09,5
5721,1913,117,1,512.54,0
5722,1913,10,1,474.27,20
5723,1913,19,3,92.09,0
5724,1913,25,3,234.35,15
5725,1914,109,4,321.5,5
5726,1914,13,4,113.52,0
5727,1914,87,4,211.61,0
5728,1914,49,3,538.98,15
5729,1915,53,3,240.08,0
5730,1915,78,4,42.51,10
5731,1915,110,2,76.72,0
5732,1915,37,3,297.66,0
5733,1916,18,4,561.44,15
5734,1916,92,3,571.21,0
5735,1916,100,4,269.62,10
5736,1917,32,1,295.23,5
5737,1917,3,3,232.11,15
5738,1917,37,4,297.66,15
5739,1918,15,1,225.59,0
5740,1918,5,1,354.07,0
5741,1918,9,4,221.84,15
5742,1918,107,2,12.44,5
5743,1918,2,1,238.98,10
5744,1919,86,3,475.84,20
5745,1919,60,3,416.86,10
5746,1920,65,2,9.2,0
5747,1920,63,1,37.78,10
5748,1920,24,1,425.71,0
5749,1920,74,4,211.18,5
5750,1920,73,1,370.92,20
5751,1921,110,3,76.72,15
5752,1921,107,2,12.44,20
5753,1921,20,1,219.02,0
5754,1921,12,4,147.52,15
5755,1922,19,3,92.09,5
5756,1922,69,3,219.76,0
5757,1922,110,2,76.72,15
5758,1922,64,2,181.91,0
5759,1922,1,1,280.02,20
5760,1923,12,3,147.52,15
5761,1924,72,3,461.17,0
5762,1925,94,1,22.69,15
5763,1925,90,2,244.8,0
5764,1926,104,1,51.46,0
5765,1926,117,1,512.54,0
5766,1927,76,2,273.29,0
5767,1927,71,4,178.01,10
5768,1927,15,1,225.59,20
5769,1927,40,1,88.88,0
5770,1927,68,2,498.16,0
5771,1928,97,2,52.27,10
5772,1928,88,1,263.55,10
5773,1928,95,2,288.16,0
5774,1928,119,3,338.66,15
5775,1928,29,4,419.43,5
5776,1929,118,1,127.24,10
5777,1929,101,1,433.8,0
5778,1929,18,4,561.44,10
5779,1929,9,3,221.84,20
5780,1929,111,3,311.09,20
5781,1930,117,2,512.54,0
5782,1930,107,1,12.44,0
5783,1930,45,2,311.48,15
5784,1931,78,4,42.51,10
5785,1931,65,3,9.2,0
5786,1932,86,4,475.84,10
5787,1932,30,4,204.15,5
5788,1933,55,4,499.98,15
5789,1933,111,1,311.09,10
5790,1933,64,4,181.91,5
5791,1933,112,2,175.1,15
5792,1934,70,3,307.09,0
5793,1934,12,4,147.52,20
5794,1934,101,2,433.8,5
5795,1934,119,4,338.66,0
5796,1935,66,1,318.4,10
5797,1935,90,2,244.8,5
5798,1935,83,4,26.63,0
5799,1935,51,3,515.68,0
5800,1936,60,3,416.86,10
5801,1937,42,3,300.8,10
5802,1937,62,4,242.39,5
5803,1938,38,1,194.29,10
5804,1938,108,2,115.07,10
5805,1938,48,1,242.0,0
5806,1938,4,1,316.2,15
5807,1939,43,4,439.52,10
5808,1939,75,2,86.31,10
5809,1939,9,2,221.84,10
5810,1939,111,3,311.09,20
5811,1940,83,1,26.63,20
5812,1941,100,1,269.62,0
5813,1941,92,2,571.21,0
5814,1941,35,2,76.91,10
5815,1942,7,2,171.07,15
5816,1942,3,2,232.11,10
5817,1942,26,1,150.31,0
5818,1942,14,2,182.82,0
5819,1943,64,3,181.91,0
5820,1944,45,2,311.48,0
5821,1944,21,2,205.02,20
5822,1944,25,4,234.35,10
5823,1944,27,1,326.68,15
5824,1944,72,1,461.17,5
5825,1945,18,3,561.44,20
5826,1946,58,3,175.82,0
5827,1946,61,3,52.86,0
5828,1946,90,3,244.8,5
5829,1946,114,1,332.05,20
5830,1946,83,3,26.63,0
5831,1947,33,1,131.4,15
5832,1947,49,4,538.98,20
5833,1947,27,3,326.68,15
5834,1947,39,3,375.26,0
5835,1948,115,4,194.63,0
5836,1948,119,2,338.66,15
5837,1948,96,3,388.87,10
5838,1948,26,3,150.31,10
5839,1949,110,4,76.72,20
5840,1949,64,2,181.91,5
5841,1950,4,4,316.2,5
5842,1950,47,4,244.56,0
5843,1951,99,2,231.08,15
5844,1951,107,3,12.44,0
5845,1951,32,4,295.23,10
5846,1951,89,3,633.88,20
5847,1952,41,1,605.42,0
5848,1952,93,1,233.96,10
5849,1952,23,3,153.55,5
5850,1953,23,2,153.55,10
5851,1953,6,4,166.81,5
5852,1953,30,4,204.15,0
5853,1954,86,1,475.84,0
5854,1954,72,1,461.17,0
5855,1954,54,2,190.46,0
5856,1955,89,1,633.88,0
5857,1955,44,1,271.84,15
5858,1956,114,1,332.05,0
5859,1956,117,4,512.54,10
5860,1957,25,1,234.35,20
5861,1957,93,1,233.96,0
5862,1957,19,2,92.09,15
5863,1958,52,3,116.82,0
5864,1958,114,4,332.05,20
5865,1959,116,2,78.18,20
5866,1959,86,3,475.84,0
5867,1959,89,1,633.88,10
5868,1959,47,4,244.56,0
5869,1960,11,3,505.42,15
5870,1960,97,4,52.27,0
5871,1960,103,1,433.62,10
5872,1961,45,3,311.48,0
5873,1961,97,2,52.27,15
5874,1961,59,1,124.17,20
5875,1962,54,4,190.46,0
5876,1963,109,1,321.5,15
5877,1963,41,4,605.42,0
5878,1964,23,4,153.55,0
5879,1965,51,2,515.68,0
5880,1965,76,1,273.29,5
5881,1965,74,2,211.18,0
5882,1965,78,4,42.51,0
5883,1966,56,4,34.57,0
5884,1967,70,2,307.09,20
5885,1967,17,4,123.86,5
5886,1967,30,1,204.15,0
5887,1967,98,2,68.82,0
5888,1967,101,2,433.8,20
5889,1968,65,3,9.2,20
5890,1968,120,1,237.11,15
5891,1968,38,2,194.29,0
5892,1969,6,2,166.81,10
5893,1969,23,2,153.55,0
5894,1969,32,3,295.23,0
5895,1970,78,1,42.51,0
5896,1970,92,3,571.21,0
5897,1971,67,2,14.91,15
5898,1972,114,1,332.05,15
5899,1973,42,1,300.8,5
5900,1974,78,2,42.51,5
5901,1974,116,3,78.18,20
5902,1974,9,4,221.84,0
5903,1974,110,2,76.72,10
5904,1975,94,4,22.69,0
5905,1976,32,4,295.23,10
5906,1976,116,1,78.18,20
5907,1976,42,4,300.8,0
5908,1976,87,4,211.61,5
5909,1976,100,4,269.62,0
5910,1977,63,1,37.78,5
5911,1977,83,3,26.63,0
5912,1977,109,1,321.5,0
5913,1977,111,2,311.09,0
5914,1978,1,2,280.02,20
5915,1978,83,4,26.63,15
5916,1979,5,2,354.07,15
5917,1979,40,3,88.88,0
5918,1979,22,3,359.3,10
5919,1979,52,4,116.82,20
5920,1979,51,1,515.68,0
5921,1980,35,4,76.91,15
5922,1980,89,4,633.88,15
5923,1981,31,4,171.33,10
5924,1981,65,1,9.2,0
5925,1982,7,3,171.07,0
5926,1983,40,2,88.88,0
5927,1983,1,1,280.02,0
5928,1983,69,2,219.76,0
5929,1983,102,2,47.26,0
5930,1983,5,2,354.07,15
5931,1984,29,4,419.43,20
5932,1984,2,2,238.98,10
5933,1984,73,1,370.92,15
5934,1984,90,4,244.8,0
5935,1985,76,3,273.29,15
5936,1985,63,4,37.78,5
5937,1985,24,1,425.71,0
5938,1985,3,3,232.11,0
5939,1985,11,3,505.42,15
5940,1986,15,4,225.59,0
5941,1986,35,3,76.91,20
5942,1986,102,1,47.26,20
5943,1986,84,3,121.13,0
5944,1987,98,1,68.82,20
5945,1988,47,3,244.56,0
5946,1988,54,4,190.46,0
5947,1988,79,4,294.44,0
5948,1989,64,1,181.91,0
5949,1989,57,4,20.94,15
5950,1989,88,1,263.55,15
5951,1989,97,4,52.27,20
5952,1990,18,4,561.44,20
5953,1991,48,3,242.0,5
5954,1992,62,3,242.39,20
5955,1992,6,2,166.81,15
5956,1992,18,2,561.44,15
5957,1992,84,3,121.13,15
5958,1992,49,1,538.98,0
5959,1993,27,2,326.68,0
5960,1993,38,1,194.29,0
5961,1993,104,4,51.46,5
5962,1993,100,1,269.62,15
5963,1994,30,1,204.15,10
5964,1994,51,4,515.68,0
5965,1994,114,4,332.05,0
5966,1994,62,1,242.39,20
5967,1994,33,4,131.4,0
5968,1995,28,4,364.04,10
5969,1996,29,4,419.43,15
5970,1996,78,2,42.51,5
5971,1996,94,2,22.69,15
5972,1996,108,1,115.07,20
5973,1996,45,2,311.48,15
5974,1997,62,1,242.39,5
5975,1997,43,2,439.52,0
5976,1998,75,1,86.31,0
5977,1998,70,4,307.09,0
5978,1999,25,1,234.35,0
5979,1999,69,1,219.76,5
5980,1999,90,4,244.8,15
5981,1999,7,4,171.07,0
5982,1999,87,4,211.61,10
5983,2000,75,4,86.31,10
5984,2000,77,1,317.11,0
5985,2000,21,2,205.02,0
5986,2001,102,3,47.26,5
5987,2001,46,1,401.52,10
5988,2001,80,1,139.42,0
5989,2001,56,1,34.57,5
5990,2002,53,2,240.08,20
5991,2003,107,3,12.44,5
5992,2003,105,2,250.51,15
5993,2003,111,4,311.09,0
5994,2004,117,1,512.54,0
5995,2004,74,2,211.18,10
5996,2004,110,1,76.72,5
5997,2004,68,2,498.16,15
5998,2005,64,3,181.91,0
5999,2005,102,2,47.26,0
6000,2005,50,2,377.83,20
6001,2005,89,2,633.88,5
6002,2006,43,3,439.52,10
6003,2006,5,1,354.07,0
6004,2006,89,1,633.88,0
6005,2006,61,2,52.86,10
6006,2006,46,3,401.52,0
6007,2007,116,2,78.18,15
6008,2007,77,1,317.11,0
6009,2007,62,3,242.39,15
6010,2007,28,2,364.04,0
6011,2008,9,2,221.84,0
6012,2008,72,1,461.17,15
6013,2008,95,3,288.16,20
6014,2009,91,2,215.97,5
6015,2009,104,1,51.46,0
6016,2010,46,3,401.52,0
6017,2010,106,2,440.12,15
6018,2010,99,3,231.08,0
6019,2011,78,2,42.51,0
6020,2012,100,1,269.62,15
6021,2012,76,4,273.29,15
6022,2012,85,3,353.3,0
6023,2013,72,2,461.17,15
6024,2014,54,4,190.46,10
6025,2015,25,4,234.35,5
6026,2015,4,4,316.2,15
6027,2015,18,1,561.44,5
6028,2015,85,2,353.3,15
6029,2016,83,2,26.63,15
6030,2016,109,3,321.5,0
6031,2017,53,2,240.08,0
6032,2018,13,1,113.52,15
6033,2019,112,3,175.1,0
6034,2019,86,1,475.84,0
6035,2019,89,3,633.88,0
6036,2019,104,3,51.46,0
6037,2019,90,3,244.8,5
6038,2020,55,1,499.98,0
6039,2020,54,3,190.46,0
6040,2020,79,3,294.44,0
6041,2020,40,4,88.88,0
6042,2020,25,1,234.35,0
6043,2021,39,3,375.26,0
6044,2021,88,1,263.55,10
6045,2022,4,2,316.2,0
6046,2023,76,2,273.29,0
6047,2023,82,2,336.12,0
6048,2023,62,4,242.39,15
6049,2023,49,4,538.98,10
6050,2023,85,4,353.3,10
6051,2024,50,1,377.83,10
6052,2024,33,1,131.4,20
6053,2024,9,2,221.84,10
6054,2024,87,1,211.61,20
6055,2024,80,2,139.42,20
6056,2025,38,1,194.29,5
6057,2025,55,2,499.98,10
6058,2026,87,2,211.61,0
6059,2026,33,2,131.4,5
6060,2026,48,1,242.0,15
6061,2027,65,4,9.2,20
6062,2028,23,4,153.55,10
6063,2028,18,3,561.44,0
6064,2028,3,4,232.11,0
6065,2028,27,3,326.68,20
6066,2028,107,1,12.44,10
6067,2029,104,3,51.46,10
6068,2029,35,4,76.91,20
6069,2029,81,1,297.3,0
6070,2029,73,4,370.92,20
6071,2029,116,4,78.18,0
6072,2030,52,3,116.82,0
6073,2030,34,4,478.97,0
6074,2030,103,2,433.62,0
6075,2030,5,3,354.07,0
6076,2031,37,4,297.66,15
6077,2031,49,4,538.98,5
6078,2031,58,3,175.82,5
6079,2032,112,4,175.1,10
6080,2033,11,1,505.42,20
6081,2034,62,3,242.39,5
6082,2034,56,3,34.57,0
6083,2034,84,3,121.13,0
6084,2034,70,4,307.09,0
6085,2035,73,2,370.92,0
6086,2035,37,2,297.66,0
6087,2035,79,4,294.44,10
6088,2036,83,3,26.63,20
6089,2037,6,2,166.81,20
6090,2037,92,3,571.21,0
6091,2037,102,4,47.26,0
6092,2038,103,4,433.62,0
6093,2038,39,1,375.26,20
6094,2038,17,3,123.86,0
6095,2039,55,2,499.98,20
6096,2039,49,3,538.98,10
6097,2039,102,1,47.26,15
6098,2039,53,2,240.08,10
6099,2040,111,1,311.09,15
6100,2040,50,2,377.83,0
6101,2040,66,3,318.4,0
6102,2040,3,1,232.11,0
6103,2041,77,3,317.11,0
6104,2041,104,2,51.46,0
6105,2041,98,3,68.82,15
6106,2041,118,3,127.24,0
6107,2042,98,4,68.82,0
6108,2042,115,2,194.63,5
6109,2042,42,4,300.8,0
6110,2042,7,2,171.07,15
6111,2043,81,3,297.3,5
6112,2043,66,4,318.4,15
6113,2044,26,2,150.31,0
6114,2044,57,4,20.94,0
6115,2045,114,4,332.05,0
6116,2046,87,4,211.61,0
6117,2046,50,2,377.83,5
6118,2047,118,4,127.24,20
6119,2047,64,3,181.91,20
6120,2047,64,3,181.91,10
6121,2047,35,3,76.91,15
6122,2047,31,3,171.33,20
6123,2048,58,4,175.82,20
6124,2048,33,1,131.4,20
6125,2049,61,3,52.86,0
6126,2049,34,2,478.97,0
6127,2049,111,4,311.09,5
6128,2049,60,3,416.86,0
6129,2049,40,4,88.88,0
6130,2050,99,2,231.08,15
6131,2050,100,2,269.62,0
6132,2050,80,1,139.42,20
6133,2050,5,1,354.07,10
6134,2051,93,2,233.96,0
6135,2051,96,3,388.87,15
6136,2051,34,3,478.97,0
6137,2052,117,2,512.54,20
6138,2052,87,2,211.61,5
6139,2053,110,1,76.72,0
6140,2054,106,4,440.12,0
6141,2054,11,4,505.42,20
6142,2054,41,1,605.42,0
6143,2055,101,3,433.8,5
6144,2055,55,1,499.98,0
6145,2055,94,3,22.69,5
6146,2055,58,4,175.82,0
6147,2056,36,4,496.08,15
6148,2057,91,1,215.97,15
6149,2057,48,2,242.0,0
6150,2058,83,1,26.63,0
6151,2058,92,2,571.21,15
6152,2058,30,2,204.15,0
6153,2058,94,2,22.69,10
6154,2058,91,2,215.97,5
6155,2059,88,2,263.55,10
6156,2059,69,4,219.76,0
6157,2059,118,2,127.24,0
6158,2059,33,1,131.4,0
6159,2060,40,4,88.88,0
6160,2061,33,4,131.4,15
6161,2062,111,3,311.09,20
6162,2062,17,1,123.86,0
6163,2062,42,3,300.8,0
6164,2063,83,2,26.63,20
6165,2063,46,1,401.52,10
6166,2063,118,4,127.24,5
6167,2063,40,4,88.88,5
6168,2064,10,2,474.27,0
6169,2064,19,3,92.09,10
6170,2064,48,2,242.0,0
6171,2065,27,3,326.68,15
6172,2065,22,1,359.3,5
6173,2065,71,3,178.01,0
6174,2066,39,1,375.26,0
6175,2066,71,4,178.01,0
6176,2066,47,1,244.56,5
6177,2066,59,3,124.17,20
6178,2066,80,2,139.42,0
6179,2067,98,1,68.82,10
6180,2067,115,1,194.63,15
6181,2067,8,2,335.09,10
6182,2067,9,3,221.84,20
6183,2067,50,2,377.83,0
6184,2068,113,3,46.28,10
6185,2068,60,2,416.86,20
6186,2068,109,1,321.5,20
6187,2068,76,1,273.29,0
6188,2068,9,3,221.84,0
6189,2069,93,4,233.96,0
6190,2069,26,2,150.31,0
6191,2069,43,3,439.52,0
6192,2070,8,3,335.09,0
6193,2070,2,4,238.98,5
6194,2071,47,3,244.56,15
6195,2071,99,3,231.08,0
6196,2071,59,4,124.17,15
6197,2071,108,4,115.07,0
6198,2072,95,2,288.16,10
6199,2072,76,1,273.29,0
6200,2072,53,3,240.08,0
6201,2072,20,1,219.02,5
6202,2072,40,1,88.88,10
6203,2073,83,4,26.63,15
6204,2073,79,1,294.44,0
6205,2073,8,2,335.09,0
6206,2073,86,3,475.84,0
6207,2074,106,2,440.12,0
6208,2074,88,1,263.55,15
6209,2074,104,4,51.46,0
6210,2074,119,4,338.66,0
6211,2075,19,1,92.09,10
6212,2075,25,3,234.35,5
6213,2075,74,1,211.18,15
6214,2075,1,1,280.02,0
6215,2076,71,4,178.01,0
6216,2076,91,2,215.97,0
6217,2077,72,3,461.17,10
6218,2077,64,2,181.91,0
6219,2077,104,2,51.46,10
6220,2078,43,2,439.52,15
6221,2078,104,1,51.46,0
6222,2078,87,1,211.61,15
6223,2079,6,3,166.81,10
6224,2079,4,2,316.2,20
6225,2079,120,2,237.11,0
6226,2079,2,4,238.98,20
6227,2080,89,3,633.88,0
6228,2080,92,1,571.21,0
6229,2080,112,1,175.1,15
6230,2080,65,3,9.2,5
6231,2081,43,3,439.52,5
6232,2081,104,2,51.46,0
6233,2081,66,4,318.4,10
6234,2081,66,4,318.4,15
6235,2082,80,2,139.42,0
6236,2082,27,4,326.68,15
6237,2082,7,4,171.07,15
6238,2082,17,2,123.86,20
6239,2082,76,1,273.29,0
6240,2083,62,3,242.39,15
6241,2083,97,4,52.27,0
6242,2083,97,1,52.27,0
6243,2084,110,3,76.72,15
6244,2084,32,2,295.23,15
6245,2084,73,3,370.92,0
6246,2085,94,1,22.69,0
6247,2085,30,3,204.15,5
6248,2085,17,2,123.86,10
6249,2085,46,1,401.52,15
6250,2085,53,4,240.08,0
6251,2086,85,4,353.3,5
6252,2086,2,3,238.98,20
6253,2087,96,4,388.87,20
6254,2087,103,3,433.62,5
6255,2087,89,2,633.88,10
6256,2087,115,2,194.63,0
6257,2087,100,2,269.62,20
6258,2088,98,1,68.82,10
6259,2089,115,3,194.63,5
6260,2089,69,3,219.76,15
6261,2089,107,4,12.44,5
6262,2089,117,4,512.54,15
6263,2090,42,2,300.8,5
6264,2090,35,3,76.91,10
6265,2090,42,4,300.8,0
6266,2091,62,3,242.39,0
6267,2092,90,4,244.8,0
6268,2092,69,4,219.76,0
6269,2092,12,1,147.52,15
6270,2092,82,3,336.12,10
6271,2092,50,2,377.83,5
6272,2093,64,4,181.91,0
6273,2093,43,2,439.52,0
6274,2093,79,4,294.44,0
6275,2093,101,3,433.8,0
6276,2093,99,3,231.08,20
6277,2094,68,4,498.16,0
6278,2094,120,1,237.11,20
6279,2094,7,2,171.07,0
6280,2094,95,2,288.16,0
6281,2095,98,3,68.82,10
6282,2096,17,3,123.86,20
6283,2096,70,2,307.09,0
6284,2097,73,3,370.92,5
6285,2098,5,3,354.07,0
6286,2098,102,2,47.26,0
6287,2098,117,3,512.54,10
6288,2098,1,1,280.02,20
6289,2098,110,3,76.72,20
6290,2099,52,4,116.82,15
6291,2099,63,1,37.78,0
6292,2099,42,3,300.8,0
6293,2099,54,1,190.46,0
6294,2099,32,2,295.23,5
6295,2100,82,2,336.12,5
6296,2100,18,1,561.44,15
6297,2100,43,2,439.52,5
6298,2100,119,3,338.66,10
6299,2101,106,3,440.12,5
6300,2101,57,2,20.94,20
6301,2101,65,3,9.2,15
6302,2101,6,2,166.81,0
6303,2101,113,3,46.28,0
6304,2102,87,4,211.61,5
6305,2103,50,2,377.83,5
6306,2103,34,2,478.97,10
6307,2104,1,4,280.02,10
6308,2104,79,1,294.44,20
6309,2104,62,3,242.39,0
6310,2104,86,1,475.84,10
6311,2105,20,3,219.02,0
6312,2106,55,3,499.98,10
6313,2107,85,4,353.3,0
6314,2107,57,4,20.94,5
6315,2107,45,4,311.48,20
6316,2108,39,3,375.26,15
6317,2108,102,2,47.26,15
6318,2108,107,3,12.44,0
6319,2109,44,4,271.84,20
6320,2110,99,1,231.08,5
6321,2110,52,2,116.82,0
6322,2110,111,1,311.09,0
6323,2111,85,1,353.3,0
6324,2112,99,3,231.08,10
6325,2112,34,2,478.97,15
6326,2113,46,3,401.52,5
6327,2113,65,3,9.2,5
6328,2114,40,1,88.88,5
6329,2114,69,3,219.76,15
6330,2114,48,4,242.0,0
6331,2114,80,3,139.42,0
6332,2115,71,1,178.01,20
6333,2115,100,3,269.62,5
6334,2115,96,3,388.87,20
6335,2116,6,2,166.81,20
6336,2116,115,3,194.63,15
6337,2116,82,1,336.12,20
6338,2116,25,4,234.35,0
6339,2117,60,1,416.86,0
6340,2118,86,4,475.84,15
6341,2118,104,2,51.46,0
6342,2118,16,3,293.65,15
6343,2118,41,3,605.42,0
6344,2119,92,4,571.21,0
6345,2119,16,4,293.65,0
6346,2119,25,4,234.35,0
6347,2120,85,1,353.3,20
6348,2121,74,1,211.18,5
6349,2121,70,4,307.09,15
6350,2121,77,2,317.11,10
6351,2122,15,3,225.59,10
6352,2122,104,2,51.46,15
6353,2123,46,2,401.52,20
6354,2123,55,4,499.98,0
6355,2124,8,4,335.09,0
6356,2124,18,2,561.44,0
6357,2124,100,1,269.62,0
6358,2124,30,3,204.15,20
6359,2125,7,4,171.07,20
6360,2125,40,2,88.88,5
6361,2126,41,4,605.42,15
6362,2126,99,4,231.08,5
6363,2127,91,1,215.97,15
6364,2127,7,4,171.07,15
6365,2128,105,2,250.51,5
6366,2128,106,1,440.12,10
6367,2128,23,3,153.55,0
6368,2128,86,4,475.84,0
6369,2128,115,4,194.63,20
6370,2129,50,4,377.83,10
6371,2129,14,1,182.82,20
6372,2129,17,2,123.86,0
6373,2129,102,2,47.26,0
6374,2129,34,2,478.97,0
6375,2130,63,2,37.78,20
6376,2130,43,3,439.52,5
6377,2130,98,3,68.82,5
6378,2130,34,3,478.97,5
6379,2130,118,3,127.24,15
6380,2131,15,1,225.59,20
6381,2132,25,1,234.35,15
6382,2132,44,2,271.84,0
6383,2132,27,1,326.68,15
6384,2132,76,2,273.29,5
6385,2133,69,3,219.76,20
6386,2134,4,1,316.2,0
6387,2134,85,2,353.3,0
6388,2135,24,4,425.71,0
6389,2136,62,4,242.39,0
6390,2136,60,4,416.86,0
6391,2136,94,1,22.69,5
6392,2136,85,4,353.3,5
6393,2136,14,2,182.82,20
6394,2137,54,4,190.46,15
6395,2137,108,1,115.07,15
6396,2137,54,2,190.46,0
6397,2137,64,2,181.91,0
6398,2138,85,3,353.3,0
6399,2139,50,3,377.83,15
6400,2139,43,4,439.52,0
6401,2140,11,4,505.42,0
6402,2140,42,2,300.8,10
6403,2140,88,1,263.55,5
6404,2140,101,3,433.8,20
6405,2140,103,1,433.62,10
6406,2141,105,1,250.51,15
6407,2141,77,4,317.11,15
6408,2141,7,1,171.07,10
6409,2142,51,2,515.68,10
6410,2142,51,4,515.68,0
6411,2143,9,2,221.84,15
6412,2143,116,4,78.18,15
6413,2144,23,1,153.55,5
6414,2144,74,1,211.18,10
6415,2145,2,2,238.98,20
6416,2145,108,2,115.07,0
6417,2145,99,3,231.08,10
6418,2145,30,3,204.15,0
6419,2145,88,1,263.55,0
6420,2146,109,1,321.5,5
6421,2146,40,3,88.88,0
6422,2146,49,2,538.98,20
6423,2147,95,1,288.16,0
6424,2147,7,1,171.07,0
6425,2148,66,4,318.4,10
6426,2148,75,1,86.31,0
6427,2148,44,4,271.84,0
6428,2149,5,3,354.07,5
6429,2149,65,4,9.2,0
6430,2150,1,3,280.02,0
6431,2150,51,3,515.68,10
6432,2150,104,2,51.46,20
6433,2150,82,3,336.12,0
6434,2151,59,4,124.17,5
6435,2151,60,4,416.86,20
6436,2151,8,1,335.09,5
6437,2151,36,2,496.08,0
6438,2151,42,4,300.8,15
6439,2152,98,2,68.82,0
6440,2152,30,2,204.15,0
6441,2152,34,4,478.97,15
6442,2152,107,4,12.44,0
6443,2153,15,1,225.59,0
6444,2153,70,3,307.09,10
6445,2153,110,1,76.72,10
6446,2154,50,1,377.83,20
6447,2154,44,3,271.84,0
6448,2154,62,1,242.39,5
6449,2155,103,4,433.62,5
6450,2155,107,1,12.44,0
6451,2155,14,1,182.82,5
6452,2156,47,3,244.56,15
6453,2156,96,3,388.87,5
6454,2156,44,4,271.84,0
6455,2156,66,4,318.4,0
6456,2157,35,1,76.91,20
6457,2157,27,1,326.68,10
6458,2157,65,3,9.2,15
6459,2158,49,2,538.98,20
6460,2158,84,4,121.13,0
6461,2158,28,2,364.04,5
6462,2158,101,4,433.8,0
6463,2159,60,1,416.86,20
6464,2159,84,2,121.13,10
6465,2159,73,4,370.92,0
6466,2160,9,1,221.84,0
6467,2160,57,2,20.94,0
6468,2160,16,2,293.65,10
6469,2160,77,4,317.11,0
6470,2161,37,2,297.66,0
6471,2161,30,2,204.15,15
6472,2162,119,2,338.66,0
6473,2162,36,4,496.08,0
6474,2162,101,4,433.8,20
6475,2162,91,1,215.97,20
6476,2162,109,4,321.5,10
6477,2163,84,2,121.13,0
6478,2163,44,4,271.84,10
6479,2163,113,4,46.28,0
6480,2164,44,2,271.84,5
6481,2164,92,1,571.21,0
6482,2164,101,4,433.8,20
6483,2164,34,3,478.97,10
6484,2164,114,3,332.05,0
6485,2165,81,1,297.3,0
6486,2165,22,3,359.3,0
6487,2165,40,2,88.88,10
6488,2165,103,1,433.62,0
6489,2165,32,4,295.23,5
6490,2166,62,4,242.39,10
6491,2167,6,2,166.81,15
6492,2167,76,2,273.29,0
6493,2168,80,3,139.42,10
6494,2169,70,4,307.09,10
6495,2169,68,4,498.16,0
6496,2170,33,2,131.4,20
6497,2171,61,4,52.86,0
6498,2172,70,1,307.09,5
6499,2172,1,1,280.02,0
6500,2173,88,1,263.55,0
6501,2173,3,2,232.11,15
6502,2173,21,1,205.02,0
6503,2174,9,4,221.84,0
6504,2174,68,4,498.16,10
6505,2174,18,1,561.44,0
6506,2175,41,1,605.42,20
6507,2175,13,3,113.52,0
6508,2175,52,4,116.82,0
6509,2175,36,2,496.08,20
6510,2176,38,2,194.29,0
6511,2176,2,3,238.98,10
6512,2176,64,2,181.91,0
6513,2177,55,1,499.98,20
6514,2178,30,2,204.15,5
6515,2178,63,1,37.78,0
6516,2179,80,4,139.42,0
6517,2180,78,4,42.51,15
6518,2180,17,1,123.86,10
6519,2180,17,3,123.86,0
6520,2180,74,2,211.18,0
6521,2181,17,2,123.86,0
6522,2181,91,2,215.97,10
6523,2181,58,1,175.82,20
6524,2182,21,1,205.02,0
6525,2182,69,3,219.76,0
6526,2182,104,1,51.46,0
6527,2182,55,2,499.98,20
6528,2182,78,4,42.51,0
6529,2183,43,4,439.52,0
6530,2183,90,1,244.8,20
6531,2183,40,2,88.88,0
6532,2183,72,4,461.17,20
6533,2184,77,1,317.11,10
6534,2184,119,2,338.66,15
6535,2184,9,2,221.84,0
6536,2185,91,4,215.97,5
6537,2185,22,3,359.3,0
6538,2185,25,3,234.35,0
6539,2185,81,3,297.3,20
6540,2186,47,4,244.56,0
6541,2186,44,4,271.84,20
6542,2186,92,3,571.21,0
6543,2186,115,1,194.63,20
6544,2187,35,1,76.91,15
6545,2187,38,2,194.29,0
6546,2188,73,3,370.92,0
6547,2189,54,2,190.46,0
6548,2189,113,2,46.28,5
6549,2189,49,2,538.98,0
6550,2189,47,3,244.56,10
6551,2190,7,1,171.07,15
6552,2190,35,1,76.91,0
6553,2191,97,4,52.27,0
6554,2192,63,3,37.78,5
6555,2192,74,1,211.18,0
6556,2192,82,1,336.12,10
6557,2193,79,3,294.44,5
6558,2193,103,3,433.62,0
6559,2193,21,2,205.02,20
6560,2194,101,4,433.8,20
6561,2194,120,1,237.11,0
6562,2194,32,1,295.23,20
6563,2194,22,2,359.3,5
6564,2195,52,3,116.82,0
6565,2195,6,2,166.81,0
6566,2196,56,3,34.57,20
6567,2197,65,4,9.2,0
6568,2197,108,3,115.07,0
6569,2197,34,1,478.97,15
6570,2197,118,3,127.24,0
6571,2198,19,1,92.09,15
6572,2198,56,4,34.57,0
6573,2198,104,3,51.46,10
6574,2198,29,2,419.43,0
6575,2198,30,4,204.15,10
6576,2199,111,2,311.09,20
6577,2199,89,3,633.88,0
6578,2199,66,4,318.4,10
6579,2199,89,2,633.88,0
6580,2199,59,2,124.17,0
6581,2200,30,3,204.15,0
6582,2200,32,2,295.23,0
6583,2200,24,2,425.71,5
6584,2200,40,1,88.88,20
6585,2201,82,3,336.12,0
6586,2202,6,3,166.81,0
6587,2202,52,1,116.82,0
6588,2202,32,2,295.23,0
6589,2203,42,4,300.8,0
6590,2203,103,3,433.62,15
6591,2203,90,1,244.8,0
6592,2204,11,2,505.42,0
6593,2205,103,1,433.62,5
6594,2205,99,1,231.08,10
6595,2205,12,2,147.52,20
6596,2205,94,3,22.69,0
6597,2205,45,2,311.48,15
6598,2206,79,4,294.44,0
6599,2207,115,4,194.63,5
6600,2208,36,4,496.08,0
6601,2208,3,4,232.11,0
6602,2209,85,3,353.3,15
6603,2209,56,2,34.57,0
6604,2209,17,1,123.86,20
6605,2209,100,1,269.62,5
6606,2209,56,1,34.57,0
6607,2210,85,4,353.3,10
6608,2210,104,3,51.46,15
6609,2210,84,4,121.13,10
6610,2210,58,4,175.82,0
6611,2210,40,2,88.88,15
6612,2211,6,1,166.81,0
6613,2211,6,1,166.81,0
6614,2211,98,4,68.82,15
6615,2211,13,1,113.52,15
6616,2211,28,2,364.04,5
6617,2212,77,2,317.11,0
6618,2212,36,4,496.08,15
6619,2212,15,4,225.59,0
6620,2212,72,1,461.17,5
6621,2212,66,4,318.4,15
6622,2213,120,4,237.11,10
6623,2213,6,3,166.81,15
6624,2213,5,4,354.07,0
6625,2214,68,1,498.16,0
6626,2214,62,2,242.39,15
6627,2215,58,2,175.82,15
6628,2215,25,4,234.35,0
6629,2215,46,4,401.52,0
6630,2216,69,2,219.76,0
6631,2217,98,3,68.82,0
6632,2217,83,3,26.63,0
6633,2217,37,2,297.66,5
6634,2217,60,1,416.86,0
6635,2217,50,4,377.83,0
6636,2218,58,3,175.82,0
6637,2218,112,3,175.1,20
6638,2218,63,1,37.78,0
6639,2218,55,3,499.98,0
6640,2219,27,3,326.68,0
6641,2219,119,1,338.66,10
6642,2219,7,4,171.07,0
6643,2219,76,2,273.29,0
6644,2220,55,3,499.98,20
6645,2220,102,2,47.26,0
6646,2220,99,4,231.08,15
6647,2221,49,4,538.98,15
6648,2222,14,3,182.82,0
6649,2222,71,4,178.01,15
6650,2222,20,1,219.02,20
6651,2222,14,2,182.82,0
6652,2223,44,3,271.84,0
6653,2223,85,1,353.3,0
6654,2223,38,1,194.29,10
6655,2224,73,4,370.92,5
6656,2224,81,4,297.3,0
6657,2225,51,2,515.68,0
6658,2226,4,1,316.2,10
6659,2227,80,2,139.42,0
6660,2227,63,3,37.78,0
6661,2227,57,4,20.94,0
6662,2228,89,2,633.88,0
6663,2228,13,4,113.52,0
6664,2228,19,3,92.09,0
6665,2228,58,3,175.82,15
6666,2229,17,2,123.86,0
6667,2230,24,3,425.71,0
6668,2231,14,2,182.82,20
6669,2231,111,1,311.09,0
6670,2231,9,4,221.84,5
6671,2232,75,2,86.31,5
6672,2232,68,3,498.16,20
6673,2233,103,2,433.62,5
6674,2233,11,3,505.42,0
6675,2233,61,4,52.86,10
6676,2233,42,3,300.8,0
6677,2234,89,2,633.88,0
6678,2234,69,4,219.76,0
6679,2234,93,1,233.96,0
6680,2235,6,2,166.81,0
6681,2235,108,1,115.07,10
6682,2235,5,2,354.07,5
6683,2236,78,2,42.51,15
6684,2237,59,1,124.17,20
6685,2237,65,1,9.2,20
6686,2237,14,2,182.82,15
6687,2238,53,2,240.08,0
6688,2238,9,1,221.84,0
6689,2238,34,1,478.97,0
6690,2238,12,2,147.52,20
6691,2239,82,1,336.12,0
6692,2239,2,3,238.98,0
6693,2239,90,2,244.8,0
6694,2239,41,1,605.42,5
6695,2239,112,1,175.1,0
6696,2240,74,3,211.18,20
6697,2241,59,2,124.17,0
6698,2241,3,2,232.11,0
6699,2241,34,3,478.97,20
6700,2241,117,4,512.54,0
6701,2241,41,4,605.42,0
6702,2242,77,3,317.11,20
6703,2242,7,4,171.07,15
6704,2242,35,1,76.91,0
6705,2242,28,4,364.04,0
6706,2243,58,1,175.82,10
6707,2243,30,2,204.15,10
6708,2243,14,2,182.82,5
6709,2243,96,3,388.87,0
6710,2243,24,4,425.71,0
6711,2244,98,4,68.82,0
6712,2244,30,1,204.15,15
6713,2244,83,1,26.63,0
6714,2244,63,4,37.78,0
6715,2245,52,3,116.82,0
6716,2245,53,1,240.08,0
6717,2245,42,2,300.8,5
6718,2245,5,4,354.07,0
6719,2245,3,1,232.11,0
6720,2246,113,4,46.28,20
6721,2246,82,3,336.12,10
6722,2246,33,1,131.4,5
6723,2247,118,4,127.24,20
6724,2248,84,4,121.13,0
6725,2248,74,3,211.18,10
6726,2249,15,1,225.59,5
6727,2250,22,1,359.3,0
6728,2251,55,4,499.98,0
6729,2251,30,2,204.15,0
6730,2251,86,3,475.84,15
6731,2251,73,4,370.92,15
6732,2251,119,3,338.66,0
6733,2252,100,1,269.62,20
6734,2252,28,2,364.04,0
6735,2252,32,1,295.23,20
6736,2252,8,3,335.09,10
6737,2253,45,2,311.48,15
6738,2253,50,1,377.83,15
6739,2253,79,4,294.44,15
6740,2253,107,4,12.44,0
6741,2254,89,2,633.88,0
6742,2254,65,4,9.2,15
6743,2254,93,2,233.96,0
6744,2254,102,3,47.26,20
6745,2255,111,4,311.09,15
6746,2255,104,4,51.46,10
6747,2256,36,2,496.08,20
6748,2256,16,4,293.65,10
6749,2257,72,1,461.17,5
6750,2257,112,2,175.1,20
6751,2257,41,4,605.42,10
6752,2258,51,2,515.68,0
6753,2259,69,4,219.76,0
6754,2259,14,3,182.82,15
6755,2259,81,3,297.3,0
6756,2259,63,1,37.78,20
6757,2259,112,2,175.1,10
6758,2260,93,4,233.96,5
6759,2261,78,1,42.51,0
6760,2261,4,2,316.2,5
6761,2262,86,1,475.84,0
6762,2263,59,2,124.17,10
6763,2263,34,3,478.97,20
6764,2263,96,1,388.87,0
6765,2263,12,2,147.52,0
6766,2263,7,2,171.07,15
6767,2264,107,1,12.44,20
6768,2264,88,4,263.55,5
6769,2264,17,2,123.86,15
6770,2264,120,2,237.11,0
6771,2265,81,2,297.3,15
6772,2265,53,3,240.08,0
6773,2265,93,4,233.96,0
6774,2265,78,2,42.51,0
6775,2266,53,2,240.08,20
6776,2267,9,2,221.84,20
6777,2267,4,2,316.2,0
6778,2267,53,3,240.08,20
6779,2267,15,4,225.59,10
6780,2268,76,1,273.29,5
6781,2268,109,4,321.5,5
6782,2268,36,1,496.08,20
6783,2268,32,2,295.23,0
6784,2268,101,1,433.8,15
6785,2269,101,2,433.8,15
6786,2269,104,4,51.46,20
6787,2270,60,3,416.86,10
6788,2270,109,3,321.5,20
6789,2271,54,3,190.46,0
6790,2271,39,3,375.26,20
6791,2271,32,4,295.23,20
6792,2271,91,4,215.97,10
6793,2271,15,1,225.59,0
6794,2272,4,1,316.2,0
6795,2272,72,4,461.17,5
6796,2272,11,3,505.42,0
6797,2273,90,2,244.8,20
6798,2273,62,4,242.39,10
6799,2273,7,2,171.07,0
6800,2273,74,1,211.18,15
6801,2274,22,1,359.3,5
6802,2274,23,4,153.55,5
6803,2274,93,1,233.96,0
6804,2274,19,2,92.09,0
6805,2275,80,3,139.42,0
6806,2275,85,4,353.3,5
6807,2276,63,3,37.78,20
6808,2276,45,1,311.48,10
6809,2276,83,2,26.63,0
6810,2277,87,2,211.61,5
6811,2277,119,4,338.66,0
6812,2277,28,4,364.04,0
6813,2277,46,4,401.52,15
6814,2278,38,2,194.29,0
6815,2278,27,1,326.68,20
6816,2278,2,1,238.98,0
6817,2278,51,2,515.68,0
6818,2278,96,2,388.87,10
6819,2279,29,2,419.43,20
6820,2279,15,1,225.59,5
6821,2279,88,2,263.55,0
6822,2279,22,4,359.3,0
6823,2280,24,1,425.71,5
6824,2280,18,1,561.44,0
6825,2281,61,3,52.86,20
6826,2281,87,1,211.61,5
6827,2281,88,2,263.55,5
6828,2281,79,4,294.44,20
6829,2281,114,2,332.05,15
6830,2282,46,3,401.52,0
6831,2282,88,1,263.55,0
6832,2282,47,1,244.56,0
6833,2283,91,2,215.97,0
6834,2283,55,2,499.98,0
6835,2283,89,1,633.88,0
6836,2284,42,1,300.8,0
6837,2284,96,2,388.87,0
6838,2285,26,4,150.31,0
6839,2285,104,2,51.46,10
6840,2285,15,4,225.59,20
6841,2286,112,4,175.1,15
6842,2287,79,4,294.44,20
6843,2287,72,4,461.17,15
6844,2287,87,3,211.61,0
6845,2287,32,2,295.23,20
6846,2288,3,4,232.11,0
6847,2289,88,3,263.55,0
6848,2290,94,1,22.69,5
6849,2290,53,3,240.08,0
6850,2290,75,4,86.31,20
6851,2291,13,1,113.52,0
6852,2291,1,3,280.02,20
6853,2291,3,4,232.11,10
6854,2292,16,3,293.65,20
6855,2292,21,3,205.02,0
6856,2293,120,1,237.11,0
6857,2293,65,2,9.2,5
6858,2293,83,4,26.63,15
6859,2293,39,2,375.26,0
6860,2293,118,3,127.24,15
6861,2294,44,2,271.84,10
6862,2294,47,1,244.56,20
6863,2295,41,4,605.42,20
6864,2295,24,4,425.71,5
6865,2295,91,2,215.97,5
6866,2296,3,2,232.11,0
6867,2296,33,3,131.4,20
6868,2296,116,1,78.18,15
6869,2296,98,4,68.82,0
6870,2296,108,4,115.07,0
6871,2297,48,3,242.0,15
6872,2297,99,3,231.08,15
6873,2298,73,4,370.92,5
6874,2298,42,4,300.8,5
6875,2298,77,1,317.11,0
6876,2299,3,3,232.11,20
6877,2299,43,4,439.52,5
6878,2300,12,4,147.52,0
6879,2301,103,1,433.62,0
6880,2302,49,4,538.98,0
6881,2302,1,2,280.02,0
6882,2303,114,2,332.05,0
6883,2303,88,4,263.55,0
6884,2303,50,1,377.83,15
6885,2303,15,2,225.59,15
6886,2303,108,4,115.07,10
6887,2304,90,4,244.8,0
6888,2304,117,2,512.54,0
6889,2304,67,4,14.91,15
6890,2305,111,4,311.09,10
6891,2305,84,1,121.13,10
6892,2305,99,3,231.08,20
6893,2305,31,4,171.33,5
6894,2305,90,2,244.8,0
6895,2306,76,3,273.29,10
6896,2306,75,3,86.31,20
6897,2306,36,3,496.08,5
6898,2306,88,3,263.55,20
6899,2307,58,4,175.82,10
6900,2308,37,2,297.66,0
6901,2308,99,4,231.08,20
6902,2308,46,1,401.52,15
6903,2309,27,3,326.68,15
6904,2309,82,1,336.12,5
6905,2309,104,4,51.46,0
6906,2309,65,3,9.2,5
6907,2309,65,2,9.2,15
6908,2310,68,3,498.16,20
6909,2310,28,3,364.04,15
6910,2310,5,4,354.07,20
6911,2310,89,2,633.88,0
6912,2311,113,2,46.28,0
6913,2312,50,2,377.83,0
6914,2312,25,2,234.35,15
6915,2313,53,3,240.08,0
6916,2313,71,3,178.01,15
6917,2314,120,4,237.11,0
6918,2314,26,2,150.31,5
6919,2315,20,3,219.02,10
6920,2315,89,1,633.88,0
6921,2315,18,2,561.44,0
6922,2315,35,4,76.91,5
6923,2316,75,2,86.31,15
6924,2317,117,2,512.54,0
6925,2318,54,3,190.46,0
6926,2318,120,3,237.11,10
6927,2319,14,2,182.82,15
6928,2319,77,1,317.11,15
6929,2320,95,4,288.16,0
6930,2320,116,2,78.18,0
6931,2320,112,2,175.1,10
6932,2320,84,2,121.13,15
6933,2321,72,3,461.17,0
6934,2321,86,1,475.84,0
6935,2321,48,3,242.0,0
6936,2321,104,3,51.46,10
6937,2322,55,1,499.98,5
6938,2322,64,4,181.91,20
6939,2322,69,3,219.76,20
6940,2323,74,1,211.18,0
6941,2323,87,4,211.61,0
6942,2324,93,2,233.96,5
6943,2324,114,1,332.05,0
6944,2324,88,2,263.55,0
6945,2324,8,4,335.09,0
6946,2325,5,4,354.07,15
6947,2325,118,4,127.24,0
6948,2325,118,1,127.24,0
6949,2325,87,1,211.61,0
6950,2325,5,1,354.07,0
6951,2326,56,4,34.57,0
6952,2326,117,1,512.54,5
6953,2326,24,1,425.71,10
6954,2326,84,2,121.13,15
6955,2327,74,4,211.18,20
6956,2327,84,2,121.13,0
6957,2328,23,4,153.55,0
6958,2328,111,1,311.09,10
6959,2329,96,3,388.87,0
6960,2329,59,1,124.17,0
6961,2329,37,3,297.66,5
6962,2329,95,4,288.16,20
6963,2330,20,2,219.02,15
6964,2330,85,1,353.3,0
6965,2331,34,4,478.97,15
6966,2331,54,3,190.46,10
6967,2331,75,3,86.31,0
6968,2332,54,1,190.46,15
6969,2332,55,3,499.98,5
6970,2332,20,3,219.02,20
6971,2332,44,2,271.84,0
6972,2332,60,2,416.86,5
6973,2333,34,1,478.97,5
6974,2333,1,3,280.02,5
6975,2333,41,4,605.42,5
6976,2333,59,1,124.17,5
6977,2333,12,2,147.52,10
6978,2334,70,3,307.09,0
6979,2334,52,1,116.82,20
6980,2335,91,4,215.97,0
6981,2336,10,4,474.27,0
6982,2336,43,4,439.52,15
6983,2336,92,4,571.21,10
6984,2336,66,1,318.4,20
6985,2337,112,3,175.1,15
6986,2337,9,2,221.84,5
6987,2337,75,2,86.31,0
6988,2337,113,2,46.28,20
6989,2338,48,3,242.0,0
6990,2338,108,4,115.07,20
6991,2339,72,3,461.17,10
6992,2339,3,4,232.11,0
6993,2339,120,1,237.11,5
6994,2339,1,4,280.02,5
6995,2339,112,1,175.1,0
6996,2340,61,3,52.86,0
6997,2341,48,4,242.0,10
6998,2341,49,4,538.98,15
6999,2341,20,3,219.02,5
7000,2341,11,1,505.42,0
7001,2341,9,1,221.84,0
7002,2342,7,1,171.07,5
7003,2342,72,3,461.17,0
7004,2342,93,2,233.96,0
7005,2342,48,1,242.0,0
7006,2343,91,2,215.97,0
7007,2343,11,1,505.42,15
7008,2344,61,3,52.86,15
7009,2344,59,3,124.17,15
7010,2344,30,4,204.15,0
7011,2344,77,4,317.11,15
7012,2344,40,3,88.88,20
7013,2345,98,3,68.82,15
7014,2345,84,2,121.13,0
7015,2345,37,1,297.66,5
7016,2345,37,1,297.66,0
7017,2345,100,2,269.62,5
7018,2346,31,4,171.33,20
7019,2346,79,2,294.44,20
7020,2347,58,4,175.82,10
7021,2347,15,4,225.59,20
7022,2347,118,1,127.24,20
7023,2347,68,3,498.16,0
7024,2347,64,1,181.91,20
7025,2348,67,3,14.91,10
7026,2348,93,4,233.96,10
7027,2348,66,1,318.4,0
7028,2349,105,3,250.51,10
7029,2349,52,2,116.82,0
7030,2350,4,4,316.2,0
7031,2350,24,3,425.71,0
7032,2350,98,2,68.82,0
7033,2351,12,1,147.52,15
7034,2352,115,3,194.63,10
7035,2352,29,2,419.43,0
7036,2352,32,3,295.23,20
7037,2352,74,4,211.18,0
7038,2353,93,2,233.96,15
7039,2353,36,1,496.08,20
7040,2353,6,2,166.81,0
7041,2353,85,4,353.3,0
7042,2354,2,3,238.98,20
7043,2354,43,3,439.52,10
7044,2355,118,1,127.24,15
7045,2355,79,2,294.44,0
7046,2355,110,3,76.72,5
7047,2355,88,3,263.55,10
7048,2356,38,2,194.29,10
7049,2357,88,4,263.55,20
7050,2357,113,2,46.28,0
7051,2357,34,4,478.97,0
7052,2358,45,2,311.48,10
7053,2358,107,2,12.44,5
7054,2358,58,4,175.82,10
7055,2359,68,4,498.16,5
7056,2359,43,3,439.52,0
7057,2359,43,3,439.52,5
7058,2359,98,3,68.82,0
7059,2359,31,3,171.33,0
7060,2360,54,1,190.46,15
7061,2360,43,4,439.52,0
7062,2361,27,3,326.68,5
7063,2361,115,2,194.63,10
7064,2361,78,1,42.51,0
7065,2361,20,3,219.02,20
7066,2361,68,3,498.16,20
7067,2362,53,1,240.08,0
7068,2362,47,4,244.56,10
7069,2362,103,4,433.62,0
7070,2363,4,4,316.2,0
7071,2363,79,3,294.44,10
7072,2363,4,3,316.2,0
7073,2363,14,4,182.82,0
7074,2364,31,2,171.33,0
7075,2364,28,4,364.04,15
7076,2364,23,4,153.55,0
7077,2365,54,2,190.46,20
7078,2365,9,1,221.84,0
7079,2365,81,1,297.3,0
7080,2366,72,4,461.17,10
7081,2366,98,1,68.82,5
7082,2367,43,4,439.52,5
7083,2367,30,3,204.15,5
7084,2367,42,3,300.8,0
7085,2367,67,1,14.91,0
7086,2367,81,2,297.3,0
7087,2368,56,1,34.57,0
7088,2368,107,3,12.44,5
7089,2368,76,3,273.29,0
7090,2368,69,2,219.76,15
7091,2369,20,1,219.02,0
7092,2369,11,2,505.42,20
7093,2369,87,2,211.61,20
7094,2370,27,2,326.68,0
7095,2370,27,4,326.68,5
7096,2371,70,4,307.09,0
7097,2371,55,3,499.98,0
7098,2371,61,2,52.86,10
7099,2371,60,4,416.86,0
7100,2372,58,2,175.82,20
7101,2372,35,4,76.91,0
7102,2372,96,1,388.87,5
7103,2372,24,2,425.71,20
7104,2373,115,4,194.63,0
7105,2373,25,2,234.35,20
7106,2373,103,4,433.62,5
7107,2374,68,3,498.16,15
7108,2374,75,4,86.31,0
7109,2374,8,2,335.09,20
7110,2375,119,1,338.66,0
7111,2375,91,2,215.97,20
7112,2375,33,1,131.4,20
7113,2375,94,2,22.69,0
7114,2376,75,4,86.31,5
7115,2376,84,1,121.13,0
7116,2377,110,1,76.72,0
7117,2377,101,4,433.8,15
7118,2377,101,3,433.8,5
7119,2377,112,4,175.1,0
7120,2377,68,4,498.16,20
7121,2378,66,3,318.4,15
7122,2378,86,4,475.84,5
7123,2378,96,2,388.87,0
7124,2379,37,3,297.66,0
7125,2379,69,4,219.76,15
7126,2380,87,3,211.61,0
7127,2380,75,3,86.31,0
7128,2381,77,3,317.11,0
7129,2381,8,1,335.09,0
7130,2381,92,1,571.21,0
7131,2381,111,2,311.09,10
7132,2381,66,1,318.4,15
7133,2382,19,2,92.09,0
7134,2382,46,4,401.52,10
7135,2382,80,1,139.42,0
7136,2382,115,1,194.63,0
7137,2383,27,4,326.68,0
7138,2383,108,2,115.07,0
7139,2384,63,2,37.78,10
7140,2384,99,4,231.08,0
7141,2384,41,4,605.42,0
7142,2384,78,4,42.51,15
7143,2385,46,4,401.52,0
7144,2385,73,3,370.92,10
7145,2385,73,3,370.92,0
7146,2386,18,1,561.44,5
7147,2386,15,3,225.59,10
7148,2386,47,3,244.56,0
7149,2386,72,2,461.17,10
7150,2387,19,1,92.09,5
7151,2387,115,2,194.63,20
7152,2387,98,1,68.82,5
7153,2388,12,3,147.52,20
7154,2388,117,3,512.54,5
7155,2389,6,2,166.81,5
7156,2389,81,4,297.3,20
7157,2390,19,3,92.09,0
7158,2390,25,3,234.35,15
7159,2390,110,2,76.72,0
7160,2390,93,1,233.96,20
7161,2390,22,3,359.3,0
7162,2391,30,3,204.15,15
7163,2391,107,1,12.44,10
7164,2391,33,1,131.4,0
7165,2391,103,1,433.62,20
7166,2392,46,4,401.52,10
7167,2392,41,1,605.42,15
7168,2393,18,2,561.44,0
7169,2394,12,1,147.52,0
7170,2394,103,3,433.62,15
7171,2394,94,2,22.69,0
7172,2394,103,3,433.62,5
7173,2394,9,2,221.84,0
7174,2395,70,4,307.09,0
7175,2395,24,4,425.71,0
7176,2395,38,2,194.29,0
7177,2395,99,1,231.08,0
7178,2396,65,1,9.2,0
7179,2396,6,1,166.81,0
7180,2397,78,1,42.51,10
7181,2397,70,1,307.09,10
7182,2397,49,4,538.98,0
7183,2397,104,3,51.46,0
7184,2397,25,1,234.35,20
7185,2398,9,2,221.84,0
7186,2398,42,4,300.8,10
7187,2399,98,4,68.82,20
7188,2399,81,4,297.3,5
7189,2400,89,1,633.88,10
7190,2400,15,4,225.59,0
7191,2401,101,2,433.8,0
7192,2401,98,2,68.82,0
7193,2402,10,3,474.27,10
7194,2402,61,4,52.86,0
7195,2402,8,4,335.09,5
7196,2402,45,2,311.48,0
7197,2403,97,2,52.27,0
7198,2403,51,1,515.68,20
7199,2403,26,4,150.31,15
7200,2403,65,1,9.2,0
7201,2404,109,1,321.5,0
7202,2404,98,4,68.82,20
7203,2404,99,2,231.08,0
7204,2404,55,4,499.98,20
7205,2405,52,4,116.82,5
7206,2405,88,2,263.55,20
7207,2405,92,2,571.21,20
7208,2406,96,3,388.87,10
7209,2407,36,1,496.08,10
7210,2408,109,1,321.5,20
7211,2408,97,4,52.27,0
7212,2409,89,2,633.88,10
7213,2409,113,2,46.28,0
7214,2409,60,3,416.86,10
7215,2409,94,1,22.69,20
7216,2409,74,4,211.18,0
7217,2410,88,3,263.55,10
7218,2410,44,3,271.84,0
7219,2411,54,1,190.46,0
7220,2411,118,3,127.24,10
7221,2411,111,2,311.09,20
7222,2411,97,2,52.27,5
7223,2411,64,2,181.91,10
7224,2412,19,2,92.09,10
7225,2412,3,1,232.11,0
7226,2413,40,4,88.88,5
7227,2413,116,3,78.18,10
7228,2413,56,4,34.57,15
7229,2413,35,1,76.91,5
7230,2413,30,4,204.15,20
7231,2414,43,3,439.52,0
7232,2414,74,4,211.18,5
7233,2414,52,1,116.82,0
7234,2414,34,3,478.97,10
7235,2415,33,1,131.4,0
7236,2415,57,2,20.94,10
7237,2415,15,3,225.59,15
7238,2416,49,1,538.98,0
7239,2416,40,4,88.88,0
7240,2416,111,2,311.09,5
7241,2416,10,1,474.27,10
7242,2416,78,2,42.51,5
7243,2417,49,3,538.98,0
7244,2417,23,4,153.55,10
7245,2417,32,4,295.23,10
7246,2418,104,1,51.46,0
7247,2418,38,3,194.29,15
7248,2418,88,3,263.55,0
7249,2419,4,1,316.2,0
7250,2419,1,1,280.02,0
7251,2419,77,4,317.11,15
7252,2419,18,2,561.44,5
7253,2420,61,3,52.86,15
7254,2420,17,1,123.86,15
7255,2420,110,4,76.72,15
7256,2420,112,2,175.1,5
7257,2420,103,2,433.62,10
7258,2421,3,2,232.11,0
7259,2421,4,1,316.2,5
7260,2421,88,3,263.55,0
7261,2421,70,1,307.09,0
7262,2422,81,3,297.3,10
7263,2422,35,2,76.91,20
7264,2422,96,4,388.87,20
7265,2422,60,1,416.86,0
7266,2422,89,4,633.88,0
7267,2423,43,1,439.52,0
7268,2423,104,2,51.46,10
7269,2423,46,3,401.52,0
7270,2423,79,4,294.44,5
7271,2423,74,3,211.18,0
7272,2424,61,3,52.86,0
7273,2424,65,1,9.2,0
7274,2425,60,3,416.86,15
7275,2425,97,3,52.27,10
7276,2425,24,2,425.71,0
7277,2426,55,3,499.98,15
7278,2426,66,4,318.4,15
7279,2427,60,1,416.86,0
7280,2428,58,4,175.82,0
7281,2428,95,2,288.16,0
7282,2428,110,3,76.72,20
7283,2429,90,3,244.8,0
7284,2430,26,2,150.31,5
7285,2430,22,4,359.3,15
7286,2430,46,4,401.52,15
7287,2430,63,1,37.78,15
7288,2430,27,1,326.68,0
7289,2431,13,1,113.52,0
7290,2431,67,2,14.91,15
7291,2431,94,1,22.69,20
7292,2431,68,4,498.16,0
7293,2432,63,1,37.78,0
7294,2433,33,4,131.4,15
7295,2433,84,1,121.13,0
7296,2433,75,2,86.31,0
7297,2434,94,3,22.69,20
7298,2434,118,4,127.24,0
7299,2435,91,2,215.97,0
7300,2435,64,4,181.91,0
7301,2435,72,4,461.17,5
7302,2436,81,2,297.3,0
7303,2437,107,1,12.44,10
7304,2437,21,2,205.02,5
7305,2437,62,1,242.39,10
7306,2437,53,4,240.08,5
7307,2437,94,1,22.69,0
7308,2438,107,3,12.44,5
7309,2438,9,4,221.84,0
7310,2439,107,1,12.44,0
7311,2440,108,1,115.07,5
7312,2440,6,2,166.81,5
7313,2440,67,1,14.91,10
7314,2440,81,4,297.3,15
7315,2440,91,4,215.97,20
7316,2441,74,2,211.18,0
7317,2442,63,3,37.78,10
7318,2442,57,4,20.94,15
7319,2442,23,4,153.55,0
7320,2442,8,4,335.09,20
7321,2443,55,4,499.98,5
7322,2443,47,3,244.56,0
7323,2444,35,4,76.91,5
7324,2444,74,3,211.18,0
7325,2444,110,1,76.72,0
7326,2444,40,3,88.88,20
7327,2444,17,2,123.86,0
7328,2445,8,2,335.09,0
7329,2445,109,4,321.5,15
7330,2446,57,2,20.94,0
7331,2446,2,1,238.98,5
7332,2446,97,3,52.27,20
7333,2447,66,3,318.4,0
7334,2447,83,2,26.63,0
7335,2447,60,4,416.86,15
7336,2447,62,3,242.39,0
7337,2448,76,1,273.29,0
7338,2448,93,3,233.96,20
7339,2448,108,2,115.07,5
7340,2448,93,4,233.96,10
7341,2448,120,2,237.11,0
7342,2449,17,2,123.86,10
7343,2449,46,4,401.52,0
7344,2449,99,2,231.08,5
7345,2450,27,1,326.68,0
7346,2450,30,2,204.15,15
7347,2450,61,1,52.86,0
7348,2450,70,3,307.09,0
7349,2450,84,2,121.13,0
7350,2451,25,2,234.35,20
7351,2451,26,1,150.31,15
7352,2452,52,1,116.82,0
7353,2452,47,4,244.56,10
7354,2452,81,1,297.3,0
7355,2453,97,1,52.27,5
7356,2453,54,4,190.46,10
7357,2453,3,4,232.11,0
7358,2454,13,3,113.52,5
7359,2454,86,2,475.84,5
7360,2455,27,2,326.68,15
7361,2455,106,4,440.12,0
7362,2455,83,4,26.63,10
7363,2456,68,2,498.16,15
7364,2456,103,1,433.62,0
7365,2457,111,2,311.09,15
7366,2457,28,1,364.04,15
7367,2457,48,1,242.0,0
7368,2457,22,1,359.3,10
7369,2457,66,3,318.4,20
7370,2458,88,1,263.55,0
7371,2459,52,1,116.82,5
7372,2459,83,4,26.63,0
7373,2459,39,4,375.26,5
7374,2459,61,1,52.86,20
7375,2459,39,4,375.26,0
7376,2460,114,1,332.05,0
7377,2461,49,2,538.98,0
7378,2461,14,3,182.82,0
7379,2461,73,4,370.92,0
7380,2461,117,4,512.54,0
7381,2462,79,3,294.44,10
7382,2462,37,1,297.66,0
7383,2462,72,3,461.17,0
7384,2463,26,1,150.31,5
7385,2463,8,4,335.09,0
7386,2463,5,1,354.07,0
7387,2464,27,4,326.68,15
7388,2464,49,2,538.98,15
7389,2464,96,2,388.87,0
7390,2464,95,4,288.16,15
7391,2465,37,4,297.66,0
7392,2465,73,2,370.92,10
7393,2466,16,1,293.65,10
7394,2466,2,3,238.98,10
7395,2466,67,4,14.91,5
7396,2466,93,1,233.96,15
7397,2466,57,2,20.94,20
7398,2467,100,2,269.62,15
7399,2467,61,3,52.86,10
7400,2467,47,3,244.56,0
7401,2467,62,4,242.39,20
7402,2468,118,4,127.24,0
7403,2469,45,4,311.48,20
7404,2469,32,3,295.23,5
7405,2469,56,3,34.57,0
7406,2470,113,1,46.28,15
7407,2470,99,3,231.08,0
7408,2470,65,1,9.2,15
7409,2470,43,4,439.52,5
7410,2470,45,1,311.48,10
7411,2471,12,2,147.52,5
7412,2471,36,2,496.08,20
7413,2471,34,3,478.97,0
7414,2471,78,4,42.51,10
7415,2472,96,3,388.87,0
7416,2472,20,2,219.02,0
7417,2473,36,4,496.08,20
7418,2473,78,2,42.51,0
7419,2473,120,2,237.11,0
7420,2473,100,2,269.62,0
7421,2474,24,1,425.71,15
7422,2475,1,1,280.02,0
7423,2476,1,3,280.02,10
7424,2476,103,1,433.62,0
7425,2476,62,4,242.39,0
7426,2476,57,3,20.94,5
7427,2477,55,1,499.98,0
7428,2478,94,4,22.69,15
7429,2478,41,3,605.42,10
7430,2479,6,3,166.81,0
7431,2480,17,4,123.86,15
7432,2480,92,4,571.21,0
7433,2480,13,2,113.52,10
7434,2481,101,4,433.8,0
7435,2481,102,1,47.26,0
7436,2481,113,1,46.28,0
7437,2482,12,3,147.52,10
7438,2482,8,4,335.09,15
7439,2482,118,1,127.24,10
7440,2482,38,1,194.29,0
7441,2482,117,4,512.54,15
7442,2483,13,2,113.52,20
7443,2483,119,4,338.66,10
7444,2483,57,1,20.94,10
7445,2483,56,4,34.57,0
7446,2483,62,1,242.39,10
7447,2484,91,2,215.97,20
7448,2484,107,3,12.44,0
7449,2485,76,2,273.29,0
7450,2485,105,2,250.51,0
7451,2486,6,3,166.81,0
7452,2486,86,1,475.84,20
7453,2487,72,3,461.17,5
7454,2487,20,4,219.02,0
7455,2487,70,1,307.09,5
7456,2487,52,1,116.82,0
7457,2487,89,2,633.88,5
7458,2488,50,3,377.83,0
7459,2489,71,4,178.01,0
7460,2490,86,2,475.84,20
7461,2491,26,1,150.31,0
7462,2491,42,3,300.8,10
7463,2492,8,4,335.09,20
7464,2492,20,2,219.02,0
7465,2493,90,1,244.8,20
7466,2493,3,4,232.11,15
7467,2493,14,4,182.82,20
7468,2493,71,1,178.01,0
7469,2493,46,1,401.52,0
7470,2494,102,4,47.26,0
7471,2494,67,1,14.91,5
7472,2495,33,4,131.4,20
7473,2495,6,1,166.81,15
7474,2495,79,4,294.44,0
7475,2496,42,3,300.8,0
7476,2496,73,3,370.92,0
7477,2496,105,4,250.51,0
7478,2496,76,3,273.29,20
7479,2496,117,1,512.54,5
7480,2497,77,2,317.11,15
7481,2497,80,3,139.42,10
7482,2497,84,1,121.13,5
7483,2497,34,2,478.97,10
7484,2498,38,3,194.29,5
7485,2499,87,3,211.61,5
7486,2499,52,4,116.82,10
7487,2500,110,3,76.72,5
7488,2500,18,4,561.44,0
7489,2500,61,3,52.86,15
7490,2500,92,4,571.21,10
7491,2501,17,4,123.86,5
7492,2501,11,1,505.42,20
7493,2501,50,4,377.83,0
7494,2501,99,4,231.08,5
7495,2502,35,4,76.91,10
7496,2502,77,4,317.11,5
7497,2503,108,4,115.07,15
7498,2503,63,3,37.78,0
7499,2504,12,2,147.52,0
7500,2504,19,3,92.09,0
7501,2505,107,1,12.44,0
7502,2505,67,3,14.91,15
7503,2505,108,3,115.07,10
7504,2505,50,1,377.83,5
7505,2506,2,3,238.98,15
7506,2506,115,2,194.63,0
7507,2507,35,3,76.91,5
7508,2507,3,3,232.11,10
7509,2507,107,2,12.44,0
7510,2507,85,2,353.3,0
7511,2507,20,2,219.02,15
7512,2508,118,3,127.24,0
7513,2508,114,2,332.05,15
7514,2509,104,4,51.46,10
7515,2510,76,2,273.29,15
7516,2510,112,3,175.1,0
7517,2510,97,2,52.27,0
7518,2510,119,1,338.66,5
7519,2511,80,1,139.42,10
7520,2511,14,1,182.82,0
7521,2511,103,4,433.62,0
7522,2511,111,3,311.09,0
7523,2512,97,4,52.27,20
7524,2512,28,3,364.04,0
7525,2512,65,4,9.2,5
7526,2512,37,3,297.66,20
7527,2512,17,4,123.86,0
7528,2513,19,2,92.09,15
7529,2513,97,4,52.27,20
7530,2513,81,2,297.3,0
7531,2513,40,3,88.88,15
7532,2513,24,2,425.71,15
7533,2514,68,2,498.16,10
7534,2514,4,3,316.2,0
7535,2514,32,3,295.23,0
7536,2514,47,2,244.56,10
7537,2515,1,3,280.02,5
7538,2515,51,4,515.68,5
7539,2516,64,3,181.91,0
7540,2516,91,4,215.97,0
7541,2516,93,2,233.96,0
7542,2516,81,4,297.3,0
7543,2516,27,1,326.68,15
7544,2517,14,3,182.82,20
7545,2517,97,2,52.27,5
7546,2518,33,3,131.4,0
7547,2519,36,3,496.08,0
7548,2520,91,4,215.97,0
7549,2520,35,2,76.91,0
7550,2520,9,4,221.84,0
7551,2521,114,3,332.05,20
7552,2521,75,4,86.31,0
7553,2522,97,1,52.27,15
7554,2523,64,3,181.91,15
7555,2523,92,3,571.21,20
7556,2523,71,4,178.01,15
7557,2523,9,1,221.84,20
7558,2523,120,4,237.11,10
7559,2524,20,4,219.02,10
7560,2524,33,2,131.4,5
7561,2524,56,2,34.57,10
7562,2524,17,4,123.86,0
7563,2524,75,1,86.31,0
7564,2525,42,3,300.8,10
7565,2525,6,4,166.81,0
7566,2525,38,4,194.29,0
7567,2525,88,1,263.55,0
7568,2525,94,2,22.69,20
7569,2526,33,1,131.4,5
7570,2526,3,2,232.11,5
7571,2526,50,4,377.83,20
7572,2526,98,3,68.82,5
7573,2527,21,2,205.02,0
7574,2527,111,2,311.09,20
7575,2528,110,4,76.72,20
7576,2528,69,2,219.76,5
7577,2529,77,2,317.11,0
7578,2529,109,1,321.5,0
7579,2530,73,2,370.92,15
7580,2530,98,1,68.82,5
7581,2530,52,4,116.82,0
7582,2530,114,3,332.05,10
7583,2531,27,3,326.68,10
7584,2531,104,3,51.46,10
7585,2531,113,1,46.28,0
7586,2532,34,2,478.97,0
7587,2532,4,4,316.2,15
7588,2533,40,2,88.88,20
7589,2534,94,3,22.69,10
7590,2534,45,3,311.48,15
7591,2534,105,3,250.51,10
7592,2534,120,3,237.11,0
7593,2535,118,1,127.24,0
7594,2535,98,4,68.82,0
7595,2536,63,4,37.78,5
7596,2536,55,4,499.98,5
7597,2537,55,1,499.98,0
7598,2537,107,3,12.44,0
7599,2537,63,3,37.78,10
7600,2537,10,3,474.27,0
7601,2537,100,1,269.62,10
7602,2538,110,2,76.72,0
7603,2538,26,1,150.31,15
7604,2538,104,4,51.46,20
7605,2538,52,1,116.82,0
7606,2539,79,1,294.44,0
7607,2539,40,1,88.88,0
7608,2540,80,2,139.42,20
7609,2540,10,3,474.27,10
7610,2540,78,1,42.51,0
7611,2540,1,4,280.02,0
7612,2541,40,1,88.88,0
7613,2542,49,4,538.98,10
7614,2543,58,2,175.82,0
7615,2543,75,4,86.31,0
7616,2543,6,2,166.81,20
7617,2543,25,4,234.35,0
7618,2544,103,4,433.62,10
7619,2544,73,4,370.92,0
7620,2544,115,3,194.63,0
7621,2544,80,4,139.42,0
7622,2544,86,3,475.84,0
7623,2545,60,1,416.86,0
7624,2545,15,3,225.59,0
7625,2545,87,1,211.61,20
7626,2545,60,4,416.86,0
7627,2546,55,3,499.98,5
7628,2546,66,4,318.4,20
7629,2546,9,1,221.84,20
7630,2546,68,3,498.16,15
7631,2546,78,4,42.51,0
7632,2547,111,3,311.09,20
7633,2547,28,2,364.04,20
7634,2547,53,3,240.08,0
7635,2547,114,4,332.05,0
7636,2548,85,4,353.3,20
7637,2548,98,3,68.82,10
7638,2548,51,3,515.68,15
7639,2548,43,4,439.52,15
7640,2549,82,3,336.12,5
7641,2549,96,1,388.87,0
7642,2549,46,2,401.52,0
7643,2549,110,4,76.72,0
7644,2549,111,3,311.09,15
7645,2550,31,4,171.33,5
7646,2550,22,1,359.3,10
7647,2550,93,3,233.96,15
7648,2551,83,3,26.63,0
7649,2551,113,1,46.28,0
7650,2552,99,4,231.08,10
7651,2553,48,4,242.0,10
7652,2553,25,2,234.35,15
7653,2553,78,1,42.51,0
7654,2553,53,4,240.08,0
7655,2553,95,1,288.16,15
7656,2554,8,3,335.09,0
7657,2554,46,1,401.52,15
7658,2555,108,1,115.07,0
7659,2555,14,1,182.82,20
7660,2555,95,2,288.16,5
7661,2556,56,2,34.57,0
7662,2556,115,3,194.63,5
7663,2556,60,3,416.86,15
7664,2556,55,3,499.98,15
7665,2556,101,4,433.8,20
7666,2557,116,4,78.18,0
7667,2557,106,4,440.12,0
7668,2558,37,1,297.66,0
7669,2558,113,1,46.28,0
7670,2558,23,4,153.55,5
7671,2558,6,4,166.81,20
7672,2558,69,1,219.76,15
7673,2559,34,4,478.97,5
7674,2559,73,4,370.92,0
7675,2559,67,2,14.91,0
7676,2559,111,1,311.09,5
7677,2559,12,3,147.52,0
7678,2560,68,2,498.16,20
7679,2560,44,1,271.84,20
7680,2560,117,3,512.54,15
7681,2560,97,2,52.27,5
7682,2561,61,3,52.86,5
7683,2561,97,4,52.27,0
7684,2561,62,1,242.39,15
7685,2561,109,1,321.5,0
7686,2561,77,2,317.11,0
7687,2562,25,4,234.35,5
7688,2562,33,3,131.4,10
7689,2563,90,2,244.8,0
7690,2564,100,1,269.62,5
7691,2564,75,1,86.31,20
7692,2564,6,4,166.81,20
7693,2564,83,3,26.63,0
7694,2564,114,1,332.05,20
7695,2565,68,2,498.16,20
7696,2565,69,3,219.76,5
7697,2565,68,3,498.16,10
7698,2565,26,1,150.31,0
7699,2566,85,3,353.3,15
7700,2566,87,1,211.61,20
7701,2566,38,3,194.29,10
7702,2567,25,1,234.35,20
7703,2568,103,3,433.62,0
7704,2568,95,1,288.16,5
7705,2568,64,3,181.91,15
7706,2568,80,3,139.42,0
7707,2569,96,2,388.87,0
7708,2569,26,2,150.31,15
7709,2569,5,4,354.07,15
7710,2570,20,4,219.02,10
7711,2570,80,1,139.42,0
7712,2570,96,3,388.87,0
7713,2571,52,4,116.82,0
7714,2571,29,1,419.43,10
7715,2571,106,2,440.12,0
7716,2571,46,4,401.52,0
7717,2571,34,1,478.97,0
7718,2572,36,1,496.08,20
7719,2572,24,4,425.71,0
7720,2572,119,2,338.66,0
7721,2573,118,3,127.24,0
7722,2573,3,3,232.11,0
7723,2573,26,1,150.31,15
7724,2573,69,2,219.76,15
7725,2573,5,4,354.07,10
7726,2574,73,2,370.92,0
7727,2575,28,3,364.04,5
7728,2575,97,4,52.27,10
7729,2575,58,2,175.82,10
7730,2575,104,2,51.46,0
7731,2576,48,1,242.0,10
7732,2577,56,3,34.57,20
7733,2577,17,3,123.86,20
7734,2578,47,4,244.56,15
7735,2578,54,1,190.46,0
7736,2578,116,3,78.18,10
7737,2579,94,3,22.69,20
7738,2579,39,3,375.26,15
7739,2579,65,4,9.2,5
7740,2579,14,3,182.82,0
7741,2580,114,3,332.05,15
7742,2581,53,3,240.08,0
7743,2581,31,3,171.33,0
7744,2581,57,4,20.94,10
7745,2582,48,3,242.0,10
7746,2582,66,1,318.4,20
7747,2583,39,4,375.26,20
7748,2583,108,4,115.07,15
7749,2583,64,4,181.91,0
7750,2584,17,2,123.86,10
7751,2585,62,4,242.39,10
7752,2585,5,1,354.07,5
7753,2586,71,3,178.01,10
7754,2586,89,4,633.88,5
7755,2586,115,3,194.63,15
7756,2587,44,4,271.84,15
7757,2587,109,4,321.5,0
7758,2587,20,3,219.02,0
7759,2587,76,2,273.29,0
7760,2587,116,1,78.18,0
7761,2588,49,3,538.98,0
7762,2589,51,3,515.68,0
7763,2589,104,1,51.46,0
7764,2589,105,3,250.51,0
7765,2589,89,2,633.88,0
7766,2590,44,2,271.84,20
7767,2590,38,3,194.29,0
7768,2590,80,3,139.42,20
7769,2591,85,2,353.3,0
7770,2591,48,4,242.0,15
7771,2591,111,4,311.09,5
7772,2591,66,1,318.4,10
7773,2591,106,3,440.12,20
7774,2592,98,1,68.82,0
7775,2592,26,1,150.31,5
7776,2592,12,3,147.52,0
7777,2592,88,4,263.55,10
7778,2593,59,2,124.17,0
7779,2593,51,4,515.68,0
7780,2593,100,2,269.62,20
7781,2593,9,4,221.84,0
7782,2593,68,3,498.16,15
7783,2594,26,1,150.31,0
7784,2594,14,3,182.82,20
7785,2594,27,2,326.68,0
7786,2594,21,4,205.02,0
7787,2594,7,1,171.07,10
7788,2595,32,4,295.23,10
7789,2595,6,2,166.81,0
7790,2595,86,2,475.84,10
7791,2595,72,4,461.17,10
7792,2596,68,3,498.16,0
7793,2596,58,1,175.82,20
7794,2597,113,2,46.28,15
7795,2597,2,2,238.98,0
7796,2597,66,1,318.4,0
7797,2598,20,4,219.02,0
7798,2598,36,1,496.08,0
7799,2598,60,2,416.86,20
7800,2599,53,2,240.08,5
7801,2599,77,3,317.11,10
7802,2599,12,4,147.52,5
7803,2599,106,3,440.12,0
7804,2600,85,1,353.3,0
7805,2600,120,3,237.11,5
7806,2600,105,2,250.51,20
7807,2600,73,3,370.92,0
7808,2601,40,2,88.88,0
7809,2601,79,3,294.44,0
7810,2601,20,4,219.02,20
7811,2601,102,1,47.26,20
7812,2602,86,1,475.84,0
7813,2602,85,2,353.3,20
7814,2602,18,2,561.44,0
7815,2602,86,2,475.84,0
7816,2603,29,4,419.43,0
7817,2604,87,1,211.61,0
7818,2604,66,4,318.4,5
7819,2604,118,3,127.24,15
7820,2604,114,3,332.05,5
7821,2605,75,4,86.31,15
7822,2605,103,3,433.62,15
7823,2605,100,4,269.62,15
7824,2606,7,3,171.07,0
7825,2607,84,4,121.13,0
7826,2607,82,3,336.12,10
7827,2607,34,2,478.97,5
7828,2607,118,2,127.24,0
7829,2608,46,2,401.52,0
7830,2608,103,3,433.62,0
7831,2608,6,1,166.81,0
7832,2608,20,1,219.02,15
7833,2609,111,3,311.09,0
7834,2610,74,3,211.18,15
7835,2611,31,2,171.33,0
7836,2612,25,2,234.35,20
7837,2612,24,4,425.71,5
7838,2612,53,2,240.08,0
7839,2613,27,2,326.68,10
7840,2613,13,1,113.52,5
7841,2614,6,1,166.81,0
7842,2614,20,2,219.02,10
7843,2614,11,3,505.42,0
7844,2614,59,3,124.17,10
7845,2615,43,2,439.52,5
7846,2616,15,3,225.59,0
7847,2617,81,4,297.3,5
7848,2618,10,1,474.27,10
7849,2618,97,2,52.27,0
7850,2618,14,4,182.82,10
7851,2618,76,4,273.29,0
7852,2619,31,2,171.33,0
7853,2619,37,2,297.66,0
7854,2619,79,2,294.44,5
7855,2619,37,2,297.66,20
7856,2620,110,1,76.72,0
7857,2620,29,2,419.43,5
7858,2620,12,4,147.52,0
7859,2620,44,1,271.84,5
7860,2621,20,4,219.02,5
7861,2621,18,1,561.44,15
7862,2621,31,4,171.33,15
7863,2622,15,1,225.59,0
7864,2622,114,3,332.05,15
7865,2622,109,4,321.5,10
7866,2623,10,1,474.27,0
7867,2623,11,1,505.42,20
7868,2623,50,4,377.83,20
7869,2623,89,2,633.88,20
7870,2624,98,2,68.82,0
7871,2624,81,3,297.3,0
7872,2625,43,4,439.52,20
7873,2625,8,4,335.09,10
7874,2625,38,2,194.29,0
7875,2625,111,1,311.09,15
7876,2626,88,3,263.55,5
7877,2626,96,3,388.87,15
7878,2626,119,3,338.66,15
7879,2626,15,1,225.59,0
7880,2627,42,3,300.8,10
7881,2628,25,3,234.35,5
7882,2628,100,3,269.62,15
7883,2629,41,4,605.42,15
7884,2630,1,3,280.02,0
7885,2631,82,2,336.12,0
7886,2632,105,2,250.51,0
7887,2633,111,2,311.09,15
7888,2633,105,4,250.51,0
7889,2634,59,4,124.17,10
7890,2635,95,2,288.16,15
7891,2635,100,2,269.62,0
7892,2635,98,1,68.82,0
7893,2635,88,3,263.55,15
7894,2636,25,2,234.35,15
7895,2636,84,1,121.13,5
7896,2636,76,2,273.29,5
7897,2636,37,4,297.66,0
7898,2636,67,3,14.91,15
7899,2637,119,3,338.66,20
7900,2637,20,3,219.02,10
7901,2637,26,3,150.31,5
7902,2638,51,2,515.68,20
7903,2638,2,4,238.98,10
7904,2638,113,3,46.28,5
7905,2639,53,1,240.08,20
7906,2639,17,4,123.86,20
7907,2640,95,1,288.16,0
7908,2641,84,1,121.13,10
7909,2641,36,1,496.08,20
7910,2641,72,1,461.17,15
7911,2641,60,1,416.86,0
7912,2641,112,2,175.1,0
7913,2642,119,4,338.66,5
7914,2642,106,4,440.12,20
7915,2642,64,1,181.91,0
7916,2643,14,3,182.82,5
7917,2644,63,4,37.78,0
7918,2645,88,1,263.55,10
7919,2645,105,2,250.51,0
7920,2645,5,3,354.07,20
7921,2645,105,1,250.51,0
7922,2645,48,4,242.0,0
7923,2646,23,3,153.55,0
7924,2646,7,4,171.07,0
7925,2646,14,4,182.82,5
7926,2646,96,3,388.87,20
7927,2646,93,4,233.96,15
7928,2647,94,1,22.69,5
7929,2647,94,4,22.69,0
7930,2648,48,3,242.0,15
7931,2648,71,3,178.01,0
7932,2649,61,1,52.86,0
7933,2649,45,2,311.48,20
7934,2649,5,1,354.07,10
7935,2649,26,1,150.31,15
7936,2649,49,3,538.98,5
7937,2650,74,1,211.18,10
7938,2651,87,1,211.61,0
7939,2651,81,1,297.3,0
7940,2652,68,2,498.16,10
7941,2652,103,4,433.62,0
7942,2652,30,2,204.15,0
7943,2652,108,3,115.07,0
7944,2653,100,4,269.62,0
7945,2653,62,1,242.39,0
7946,2653,24,2,425.71,5
7947,2654,16,4,293.65,0
7948,2654,74,2,211.18,20
7949,2654,17,2,123.86,10
7950,2655,116,1,78.18,20
7951,2655,32,3,295.23,15
7952,2655,93,4,233.96,0
7953,2656,89,4,633.88,15
7954,2656,62,1,242.39,5
7955,2656,39,2,375.26,0
7956,2656,118,2,127.24,15
7957,2657,65,1,9.2,0
7958,2657,89,3,633.88,5
7959,2658,21,1,205.02,10
7960,2658,35,1,76.91,15
7961,2658,101,2,433.8,5
7962,2658,76,3,273.29,5
7963,2659,26,2,150.31,10
7964,2659,13,4,113.52,10
7965,2659,49,4,538.98,0
7966,2660,74,3,211.18,0
7967,2660,100,3,269.62,0
7968,2660,103,1,433.62,0
7969,2660,101,1,433.8,0
7970,2661,25,3,234.35,0
7971,2661,108,2,115.07,0
7972,2661,118,1,127.24,0
7973,2661,109,1,321.5,10
7974,2661,70,4,307.09,10
7975,2662,32,3,295.23,5
7976,2662,42,2,300.8,10
7977,2662,40,1,88.88,0
7978,2662,12,3,147.52,15
7979,2662,64,1,181.91,20
7980,2663,112,4,175.1,0
7981,2664,117,3,512.54,0
7982,2664,54,2,190.46,0
7983,2664,117,2,512.54,0
7984,2665,91,2,215.97,0
7985,2665,85,2,353.3,10
7986,2665,37,1,297.66,5
7987,2665,108,1,115.07,20
7988,2665,57,2,20.94,15
7989,2666,118,3,127.24,20
7990,2667,54,1,190.46,20
7991,2668,7,4,171.07,10
7992,2669,10,3,474.27,15
7993,2669,98,1,68.82,15
7994,2670,63,3,37.78,5
7995,2671,56,3,34.57,15
7996,2671,107,1,12.44,10
7997,2671,94,3,22.69,0
7998,2672,94,1,22.69,0
7999,2672,67,3,14.91,10
8000,2672,103,1,433.62,0
8001,2673,13,3,113.52,15
8002,2673,61,2,52.86,10
8003,2673,8,3,335.09,0
8004,2673,95,3,288.16,10
8005,2673,23,2,153.55,0
8006,2674,74,3,211.18,10
8007,2674,15,3,225.59,0
8008,2675,89,4,633.88,10
8009,2675,75,2,86.31,10
8010,2675,16,3,293.65,20
8011,2676,107,2,12.44,20
8012,2677,20,1,219.02,10
8013,2678,66,4,318.4,5
8014,2678,47,3,244.56,10
8015,2678,10,2,474.27,5
8016,2678,24,1,425.71,0
8017,2678,85,4,353.3,5
8018,2679,40,3,88.88,15
8019,2679,82,1,336.12,0
8020,2679,25,2,234.35,15
8021,2679,15,1,225.59,0
8022,2680,28,1,364.04,0
8023,2680,52,2,116.82,0
8024,2681,94,2,22.69,0
8025,2682,107,1,12.44,15
8026,2682,32,2,295.23,0
8027,2682,18,3,561.44,0
8028,2682,120,3,237.11,0
8029,2683,61,4,52.86,0
8030,2683,40,2,88.88,10
8031,2683,118,2,127.24,15
8032,2683,82,4,336.12,15
8033,2684,90,4,244.8,5
8034,2684,111,2,311.09,0
8035,2684,6,4,166.81,15
8036,2684,44,2,271.84,20
8037,2684,38,1,194.29,0
8038,2685,89,4,633.88,0
8039,2686,56,3,34.57,0
8040,2686,114,1,332.05,5
8041,2687,109,4,321.5,20
8042,2687,93,2,233.96,10
8043,2687,71,3,178.01,15
8044,2687,24,2,425.71,10
8045,2688,74,2,211.18,5
8046,2688,83,2,26.63,15
8047,2688,81,2,297.3,20
8048,2688,107,4,12.44,10
8049,2688,84,4,121.13,10
8050,2689,46,4,401.52,20
8051,2689,84,2,121.13,0
8052,2690,106,1,440.12,15
8053,2691,41,2,605.42,0
8054,2691,91,4,215.97,15
8055,2692,64,4,181.91,0
8056,2693,79,4,294.44,0
8057,2693,101,3,433.8,5
8058,2693,49,4,538.98,15
8059,2693,54,2,190.46,20
8060,2693,10,2,474.27,10
8061,2694,100,3,269.62,10
8062,2694,36,3,496.08,0
8063,2694,96,2,388.87,0
8064,2694,116,3,78.18,10
8065,2694,43,3,439.52,0
8066,2695,38,1,194.29,10
8067,2695,53,2,240.08,15
8068,2695,89,3,633.88,0
8069,2696,44,1,271.84,15
8070,2696,30,4,204.15,0
8071,2696,52,3,116.82,15
8072,2697,31,4,171.33,0
8073,2697,19,2,92.09,0
8074,2697,18,4,561.44,20
8075,2697,90,4,244.8,20
8076,2698,28,1,364.04,0
8077,2698,67,1,14.91,5
8078,2699,111,3,311.09,15
8079,2699,57,3,20.94,0
8080,2699,106,1,440.12,0
8081,2700,32,4,295.23,20
8082,2700,28,1,364.04,0
8083,2700,40,2,88.88,0
8084,2700,14,1,182.82,10
8085,2701,94,3,22.69,20
8086,2701,75,3,86.31,15
8087,2701,107,1,12.44,0
8088,2701,31,1,171.33,10
8089,2702,92,1,571.21,15
8090,2702,5,1,354.07,0
8091,2702,9,2,221.84,0
8092,2703,6,2,166.81,10
8093,2703,34,4,478.97,0
8094,2703,55,4,499.98,10
8095,2703,58,2,175.82,0
8096,2704,111,1,311.09,0
8097,2704,86,2,475.84,0
8098,2704,36,2,496.08,15
8099,2704,40,4,88.88,0
8100,2705,6,4,166.81,0
8101,2706,9,1,221.84,15
8102,2707,43,4,439.52,10
8103,2707,39,2,375.26,0
8104,2707,93,4,233.96,20
8105,2708,55,4,499.98,0
8106,2708,85,1,353.3,5
8107,2708,49,1,538.98,15
8108,2709,116,4,78.18,5
8109,2709,55,4,499.98,15
8110,2709,57,3,20.94,20
8111,2709,9,2,221.84,10
8112,2709,62,4,242.39,15
8113,2710,74,2,211.18,10
8114,2710,59,2,124.17,0
8115,2710,36,4,496.08,0
8116,2710,5,3,354.07,0
8117,2710,15,3,225.59,0
8118,2711,83,4,26.63,20
8119,2712,64,4,181.91,20
8120,2713,104,3,51.46,10
8121,2713,43,2,439.52,10
8122,2713,14,3,182.82,0
8123,2713,85,4,353.3,15
8124,2714,25,2,234.35,10
8125,2714,24,4,425.71,0
8126,2714,87,3,211.61,0
8127,2714,4,4,316.2,0
8128,2714,67,3,14.91,20
8129,2715,95,4,288.16,15
8130,2716,24,1,425.71,15
8131,2716,115,3,194.63,0
8132,2716,88,3,263.55,15
8133,2717,58,4,175.82,5
8134,2718,119,2,338.66,15
8135,2718,92,2,571.21,20
8136,2718,14,1,182.82,15
8137,2718,5,4,354.07,20
8138,2718,18,1,561.44,0
8139,2719,38,4,194.29,0
8140,2719,89,4,633.88,0
8141,2720,13,1,113.52,15
8142,2720,40,4,88.88,5
8143,2720,62,1,242.39,10
8144,2721,99,3,231.08,0
8145,2721,106,4,440.12,0
8146,2722,15,1,225.59,0
8147,2723,42,4,300.8,20
8148,2723,7,3,171.07,15
8149,2724,108,4,115.07,15
8150,2724,55,4,499.98,15
8151,2724,115,3,194.63,10
8152,2725,66,1,318.4,20
8153,2725,60,4,416.86,10
8154,2726,52,2,116.82,0
8155,2726,60,1,416.86,0
8156,2726,110,1,76.72,0
8157,2727,99,3,231.08,0
8158,2727,18,2,561.44,0
8159,2727,105,3,250.51,0
8160,2727,89,4,633.88,20
8161,2728,77,1,317.11,20
8162,2728,61,1,52.86,0
8163,2728,32,3,295.23,0
8164,2729,46,4,401.52,20
8165,2729,88,4,263.55,0
8166,2730,12,2,147.52,0
8167,2730,16,1,293.65,20
8168,2730,44,3,271.84,0
8169,2731,82,2,336.12,0
8170,2732,84,2,121.13,0
8171,2732,101,1,433.8,0
8172,2732,112,2,175.1,0
8173,2732,10,3,474.27,0
8174,2733,96,3,388.87,20
8175,2733,26,3,150.31,15
8176,2734,14,3,182.82,15
8177,2734,98,3,68.82,0
8178,2734,95,2,288.16,5
8179,2734,102,1,47.26,10
8180,2735,69,2,219.76,5
8181,2735,68,2,498.16,15
8182,2735,83,3,26.63,0
8183,2736,5,2,354.07,20
8184,2736,25,2,234.35,0
8185,2736,45,3,311.48,10
8186,2737,113,2,46.28,10
8187,2737,67,1,14.91,0
8188,2737,4,4,316.2,0
8189,2738,104,2,51.46,0
8190,2738,34,3,478.97,0
8191,2738,46,2,401.52,0
8192,2738,91,4,215.97,5
8193,2739,73,4,370.92,0
8194,2739,102,2,47.26,0
8195,2739,40,4,88.88,0
8196,2740,69,2,219.76,5
8197,2740,39,4,375.26,0
8198,2740,95,4,288.16,0
8199,2740,104,3,51.46,20
8200,2740,27,4,326.68,5
8201,2741,84,4,121.13,0
8202,2741,75,1,86.31,0
8203,2741,16,1,293.65,20
8204,2742,104,3,51.46,15
8205,2742,26,4,150.31,0
8206,2742,12,4,147.52,0
8207,2743,60,1,416.86,5
8208,2743,73,2,370.92,5
8209,2743,18,3,561.44,15
8210,2744,100,1,269.62,0
8211,2744,17,3,123.86,0
8212,2744,84,2,121.13,15
8213,2744,88,3,263.55,0
8214,2745,35,2,76.91,5
8215,2745,72,3,461.17,0
8216,2745,88,2,263.55,5
8217,2746,54,3,190.46,0
8218,2746,119,3,338.66,10
8219,2746,90,3,244.8,15
8220,2746,80,3,139.42,20
8221,2746,59,1,124.17,0
8222,2747,88,2,263.55,5
8223,2747,94,1,22.69,10
8224,2747,30,2,204.15,20
8225,2748,51,2,515.68,5
8226,2748,50,1,377.83,5
8227,2749,6,3,166.81,15
8228,2749,119,4,338.66,0
8229,2749,85,3,353.3,0
8230,2750,16,1,293.65,0
8231,2751,5,4,354.07,20
8232,2751,84,3,121.13,15
8233,2752,92,2,571.21,5
8234,2752,100,4,269.62,5
8235,2752,62,3,242.39,0
8236,2752,27,2,326.68,0
8237,2752,90,3,244.8,0
8238,2753,92,4,571.21,10
8239,2753,28,4,364.04,20
8240,2754,16,1,293.65,0
8241,2754,18,4,561.44,0
8242,2754,63,4,37.78,20
8243,2755,90,4,244.8,10
8244,2755,86,4,475.84,20
8245,2755,119,3,338.66,0
8246,2756,32,1,295.23,0
8247,2756,46,2,401.52,0
8248,2756,72,2,461.17,0
8249,2756,72,4,461.17,0
8250,2757,27,2,326.68,5
8251,2757,58,2,175.82,0
8252,2757,17,4,123.86,0
8253,2757,114,3,332.05,0
8254,2757,95,3,288.16,10
8255,2758,78,1,42.51,10
8256,2758,20,4,219.02,10
8257,2758,92,1,571.21,0
8258,2759,84,4,121.13,0
8259,2759,112,2,175.1,20
8260,2759,16,3,293.65,0
8261,2759,24,2,425.71,10
8262,2759,83,3,26.63,10
8263,2760,105,3,250.51,20
8264,2761,59,3,124.17,5
8265,2762,105,1,250.51,20
8266,2763,44,1,271.84,0
8267,2763,102,3,47.26,0
8268,2763,29,1,419.43,0
8269,2763,57,4,20.94,5
8270,2764,44,1,271.84,10
8271,2764,44,1,271.84,0
8272,2764,43,1,439.52,0
8273,2764,80,4,139.42,0
8274,2764,116,2,78.18,5
8275,2765,65,4,9.2,0
8276,2765,14,1,182.82,0
8277,2766,84,3,121.13,20
8278,2766,85,3,353.3,0
8279,2767,113,4,46.28,0
8280,2767,85,2,353.3,0
8281,2767,78,2,42.51,20
8282,2767,74,3,211.18,0
8283,2768,57,4,20.94,10
8284,2769,80,1,139.42,20
8285,2769,12,1,147.52,5
8286,2769,83,4,26.63,5
8287,2770,58,2,175.82,15
8288,2770,75,4,86.31,10
8289,2770,79,3,294.44,0
8290,2770,59,4,124.17,0
8291,2770,10,2,474.27,0
8292,2771,87,2,211.61,0
8293,2771,32,4,295.23,10
8294,2771,2,3,238.98,5
8295,2772,50,3,377.83,0
8296,2772,103,4,433.62,0
8297,2773,18,1,561.44,20
8298,2773,100,2,269.62,15
8299,2773,93,2,233.96,5
8300,2773,27,3,326.68,20
8301,2773,64,1,181.91,0
8302,2774,110,2,76.72,0
8303,2774,4,3,316.2,5
8304,2775,48,2,242.0,0
8305,2776,3,1,232.11,10
8306,2776,70,1,307.09,20
8307,2776,43,4,439.52,20
8308,2776,69,2,219.76,5
8309,2777,10,2,474.27,20
8310,2777,82,4,336.12,0
8311,2777,84,2,121.13,0
8312,2778,35,4,76.91,20
8313,2778,93,4,233.96,20
8314,2778,4,4,316.2,20
8315,2778,6,4,166.81,0
8316,2778,4,4,316.2,0
8317,2779,112,4,175.1,0
8318,2779,7,3,171.07,15
8319,2780,26,4,150.31,10
8320,2780,57,1,20.94,15
8321,2780,94,4,22.69,0
8322,2781,117,3,512.54,5
8323,2782,48,4,242.0,5
8324,2782,16,2,293.65,0
8325,2782,98,4,68.82,0
8326,2783,81,1,297.3,0
8327,2783,14,4,182.82,0
8328,2784,18,2,561.44,15
8329,2784,29,2,419.43,0
8330,2785,28,2,364.04,15
8331,2786,119,3,338.66,5
8332,2786,59,4,124.17,0
8333,2786,47,3,244.56,0
8334,2787,54,2,190.46,10
8335,2787,11,1,505.42,5
8336,2787,88,3,263.55,0
8337,2788,97,4,52.27,0
8338,2788,105,4,250.51,15
8339,2788,56,4,34.57,5
8340,2788,111,3,311.09,5
8341,2789,65,3,9.2,20
8342,2790,119,2,338.66,0
8343,2790,63,3,37.78,0
8344,2790,37,4,297.66,10
8345,2791,60,3,416.86,0
8346,2791,95,3,288.16,0
8347,2792,47,1,244.56,5
8348,2792,114,2,332.05,10
8349,2792,106,4,440.12,20
8350,2792,87,2,211.61,15
8351,2792,68,4,498.16,20
8352,2793,18,3,561.44,5
8353,2793,111,4,311.09,0
8354,2793,75,1,86.31,0
8355,2793,21,1,205.02,0
8356,2794,73,2,370.92,0
8357,2794,106,1,440.12,0
8358,2795,52,3,116.82,0
8359,2796,48,2,242.0,15
8360,2796,38,3,194.29,0
8361,2796,73,4,370.92,0
8362,2797,120,3,237.11,0
8363,2797,59,2,124.17,0
8364,2797,10,4,474.27,10
8365,2797,113,2,46.28,15
8366,2798,55,4,499.98,0
8367,2798,85,2,353.3,20
8368,2798,108,3,115.07,15
8369,2798,114,4,332.05,15
8370,2799,88,4,263.55,0
8371,2799,89,1,633.88,10
8372,2799,79,1,294.44,20
8373,2800,40,4,88.88,5
8374,2800,91,2,215.97,10
8375,2800,26,4,150.31,20
8376,2800,114,3,332.05,0
8377,2800,56,3,34.57,20
8378,2801,73,1,370.92,0
8379,2801,105,1,250.51,0
8380,2801,84,4,121.13,20
8381,2801,10,1,474.27,15
8382,2802,70,4,307.09,0
8383,2802,13,2,113.52,0
8384,2803,116,3,78.18,15
8385,2803,102,4,47.26,0
8386,2803,106,3,440.12,20
8387,2804,51,3,515.68,5
8388,2805,5,2,354.07,0
8389,2805,25,2,234.35,5
8390,2805,17,3,123.86,0
8391,2806,83,4,26.63,0
8392,2807,115,2,194.63,0
8393,2807,19,3,92.09,10
8394,2807,39,2,375.26,20
8395,2808,98,2,68.82,15
8396,2809,82,4,336.12,0
8397,2809,18,3,561.44,0
8398,2809,1,3,280.02,20
8399,2809,26,1,150.31,0
8400,2809,117,1,512.54,5
8401,2810,90,2,244.8,0
8402,2810,97,4,52.27,5
8403,2810,81,2,297.3,5
8404,2811,57,2,20.94,5
8405,2812,119,1,338.66,0
8406,2812,60,1,416.86,0
8407,2812,117,4,512.54,5
8408,2812,55,1,499.98,0
8409,2812,115,2,194.63,10
8410,2813,91,1,215.97,20
8411,2813,18,1,561.44,0
8412,2813,8,1,335.09,0
8413,2813,114,3,332.05,20
8414,2814,61,3,52.86,10
8415,2814,24,3,425.71,20
8416,2815,9,2,221.84,10
8417,2815,111,1,311.09,0
8418,2815,58,1,175.82,15
8419,2815,77,1,317.11,0
8420,2815,57,3,20.94,10
8421,2816,37,2,297.66,0
8422,2817,23,1,153.55,20
8423,2817,119,4,338.66,20
8424,2818,92,3,571.21,20
8425,2819,35,3,76.91,0
8426,2819,27,2,326.68,15
8427,2819,100,4,269.62,10
8428,2819,12,3,147.52,0
8429,2820,118,4,127.24,5
8430,2820,92,2,571.21,0
8431,2821,116,4,78.18,10
8432,2821,41,4,605.42,0
8433,2821,8,2,335.09,0
8434,2821,70,3,307.09,0
8435,2821,6,1,166.81,0
8436,2822,44,4,271.84,15
8437,2822,61,4,52.86,0
8438,2823,22,3,359.3,5
8439,2823,84,1,121.13,0
8440,2823,38,3,194.29,20
8441,2823,54,2,190.46,0
8442,2824,110,3,76.72,20
8443,2824,99,1,231.08,0
8444,2824,38,4,194.29,15
8445,2824,26,3,150.31,0
8446,2825,105,3,250.51,0
8447,2826,46,3,401.52,10
8448,2826,53,3,240.08,20
8449,2826,53,1,240.08,0
8450,2826,101,2,433.8,15
8451,2827,95,3,288.16,10
8452,2827,33,2,131.4,0
8453,2827,2,2,238.98,0
8454,2827,114,2,332.05,0
8455,2828,82,3,336.12,20
8456,2828,93,2,233.96,5
8457,2828,83,2,26.63,0
8458,2828,63,4,37.78,5
8459,2828,6,3,166.81,0
8460,2829,80,4,139.42,0
8461,2829,70,1,307.09,0
8462,2830,16,1,293.65,10
8463,2830,100,2,269.62,0
8464,2831,78,2,42.51,0
8465,2831,78,3,42.51,0
8466,2832,34,1,478.97,5
8467,2832,104,4,51.46,15
8468,2832,83,3,26.63,0
8469,2832,78,1,42.51,10
8470,2832,60,2,416.86,15
8471,2833,4,1,316.2,5
8472,2833,65,2,9.2,0
8473,2833,39,4,375.26,5
8474,2833,51,4,515.68,10
8475,2833,40,2,88.88,5
8476,2834,67,4,14.91,10
8477,2834,21,3,205.02,15
8478,2835,101,4,433.8,0
8479,2835,74,4,211.18,20
8480,2835,24,4,425.71,5
8481,2836,63,2,37.78,15
8482,2836,39,4,375.26,10
8483,2837,94,3,22.69,5
8484,2838,54,4,190.46,0
8485,2838,6,3,166.81,0
8486,2838,120,3,237.11,10
8487,2838,94,4,22.69,0
8488,2839,105,4,250.51,20
8489,2839,95,4,288.16,10
8490,2839,22,3,359.3,0
8491,2839,78,3,42.51,0
8492,2839,97,2,52.27,15
8493,2840,80,3,139.42,5
8494,2840,103,1,433.62,0
8495,2840,86,3,475.84,0
8496,2840,7,2,171.07,15
8497,2841,16,4,293.65,10
8498,2842,103,2,433.62,15
8499,2843,81,1,297.3,0
8500,2843,100,2,269.62,0
8501,2844,98,3,68.82,0
8502,2844,4,1,316.2,15
8503,2844,20,2,219.02,10
8504,2844,13,3,113.52,0
8505,2844,28,1,364.04,0
8506,2845,76,2,273.29,0
8507,2846,77,4,317.11,5
8508,2846,24,1,425.71,20
8509,2846,15,2,225.59,10
8510,2846,45,1,311.48,20
8511,2846,32,1,295.23,15
8512,2847,90,1,244.8,0
8513,2847,90,1,244.8,15
8514,2847,14,1,182.82,5
8515,2847,49,3,538.98,20
8516,2847,114,2,332.05,20
8517,2848,28,4,364.04,0
8518,2848,48,1,242.0,0
8519,2848,37,4,297.66,0
8520,2849,115,4,194.63,0
8521,2850,109,3,321.5,0
8522,2851,120,2,237.11,0
8523,2851,81,1,297.3,0
8524,2851,108,2,115.07,0
8525,2851,15,4,225.59,15
8526,2851,88,1,263.55,0
8527,2852,70,2,307.09,0
8528,2853,21,3,205.02,0
8529,2853,84,1,121.13,0
8530,2853,12,2,147.52,0
8531,2853,13,4,113.52,5
8532,2854,22,4,359.3,5
8533,2854,87,1,211.61,0
8534,2855,103,4,433.62,5
8535,2856,13,3,113.52,0
8536,2856,65,4,9.2,20
8537,2856,33,2,131.4,5
8538,2857,74,3,211.18,0
8539,2857,62,3,242.39,0
8540,2857,83,1,26.63,0
8541,2857,87,1,211.61,0
8542,2857,102,2,47.26,0
8543,2858,4,4,316.2,0
8544,2858,102,3,47.26,0
8545,2858,68,3,498.16,10
8546,2859,58,1,175.82,0
8547,2859,101,4,433.8,10
8548,2859,33,4,131.4,5
8549,2859,79,4,294.44,0
8550,2860,51,3,515.68,15
8551,2860,38,1,194.29,0
8552,2860,120,2,237.11,0
8553,2860,42,1,300.8,0
8554,2861,57,2,20.94,15
8555,2861,18,2,561.44,10
8556,2861,4,1,316.2,20
8557,2861,89,2,633.88,0
8558,2861,2,3,238.98,0
8559,2862,4,4,316.2,0
8560,2862,109,4,321.5,10
8561,2862,4,1,316.2,10
8562,2863,52,3,116.82,0
8563,2864,103,1,433.62,15
8564,2864,12,4,147.52,0
8565,2864,86,4,475.84,0
8566,2864,70,3,307.09,20
8567,2865,52,2,116.82,15
8568,2865,85,1,353.3,0
8569,2865,115,3,194.63,20
8570,2865,8,4,335.09,15
8571,2865,85,1,353.3,0
8572,2866,85,1,353.3,10
8573,2866,8,1,335.09,0
8574,2866,97,3,52.27,20
8575,2866,117,3,512.54,15
8576,2866,53,4,240.08,20
8577,2867,75,3,86.31,0
8578,2868,73,2,370.92,20
8579,2869,112,4,175.1,20
8580,2869,103,1,433.62,0
8581,2869,114,2,332.05,15
8582,2869,27,1,326.68,0
8583,2870,57,4,20.94,15
8584,2870,18,3,561.44,20
8585,2871,83,2,26.63,10
8586,2871,35,4,76.91,20
8587,2871,31,3,171.33,15
8588,2871,65,4,9.2,0
8589,2871,59,2,124.17,10
8590,2872,90,4,244.8,15
8591,2872,81,1,297.3,0
8592,2872,90,3,244.8,0
8593,2873,26,3,150.31,20
8594,2873,50,3,377.83,10
8595,2873,37,3,297.66,0
8596,2873,87,4,211.61,0
8597,2874,102,3,47.26,0
8598,2874,91,2,215.97,10
8599,2874,10,4,474.27,15
8600,2874,59,4,124.17,0
8601,2875,107,2,12.44,20
8602,2875,40,1,88.88,5
8603,2876,32,3,295.23,20
8604,2876,8,1,335.09,0
8605,2877,33,3,131.4,0
8606,2877,112,4,175.1,0
8607,2878,25,3,234.35,5
8608,2878,5,3,354.07,0
8609,2879,27,3,326.68,20
8610,2879,38,2,194.29,0
8611,2879,10,1,474.27,5
8612,2880,43,4,439.52,15
8613,2880,37,2,297.66,20
8614,2880,105,1,250.51,15
8615,2880,71,3,178.01,0
8616,2880,110,3,76.72,5
8617,2881,15,1,225.59,5
8618,2881,35,4,76.91,15
8619,2881,79,2,294.44,0
8620,2881,85,4,353.3,0
8621,2881,23,4,153.55,0
8622,2882,80,4,139.42,0
8623,2882,98,1,68.82,0
8624,2882,31,1,171.33,0
8625,2882,60,3,416.86,20
8626,2882,16,3,293.65,0
8627,2883,62,2,242.39,15
8628,2883,115,2,194.63,0
8629,2883,44,4,271.84,20
8630,2884,10,1,474.27,15
8631,2884,65,1,9.2,0
8632,2885,82,4,336.12,0
8633,2885,40,2,88.88,15
8634,2885,7,1,171.07,0
8635,2885,81,4,297.3,0
8636,2885,55,4,499.98,15
8637,2886,104,4,51.46,0
8638,2886,96,4,388.87,0
8639,2886,78,1,42.51,20
8640,2886,19,1,92.09,10
8641,2887,55,1,499.98,20
8642,2888,14,1,182.82,0
8643,2889,1,3,280.02,20
8644,2890,70,4,307.09,20
8645,2890,111,2,311.09,15
8646,2890,18,1,561.44,0
8647,2890,8,4,335.09,0
8648,2890,34,3,478.97,0
8649,2891,80,4,139.42,10
8650,2891,113,3,46.28,0
8651,2891,5,1,354.07,15
8652,2891,9,3,221.84,0
8653,2892,29,4,419.43,0
8654,2892,32,4,295.23,0
8655,2892,92,3,571.21,10
8656,2892,48,2,242.0,10
8657,2893,85,4,353.3,15
8658,2893,56,2,34.57,20
8659,2893,115,4,194.63,15
8660,2894,41,4,605.42,5
8661,2894,74,4,211.18,15
8662,2894,106,2,440.12,5
8663,2895,6,3,166.81,10
8664,2896,99,3,231.08,20
8665,2897,104,4,51.46,15
8666,2897,4,2,316.2,10
8667,2897,46,4,401.52,10
8668,2898,28,3,364.04,0
8669,2898,87,4,211.61,5
8670,2898,3,4,232.11,0
8671,2898,109,1,321.5,20
8672,2899,50,2,377.83,15
8673,2899,18,4,561.44,0
8674,2900,110,3,76.72,0
8675,2900,75,3,86.31,0
8676,2901,31,3,171.33,0
8677,2901,103,3,433.62,15
8678,2901,32,4,295.23,20
8679,2902,93,4,233.96,15
8680,2902,119,3,338.66,20
8681,2902,100,3,269.62,5
8682,2902,115,2,194.63,5
8683,2903,43,1,439.52,0
8684,2903,22,3,359.3,20
8685,2904,109,1,321.5,0
8686,2904,85,4,353.3,20
8687,2904,42,2,300.8,20
8688,2904,21,4,205.02,10
8689,2904,97,2,52.27,10
8690,2905,101,4,433.8,5
8691,2905,33,1,131.4,0
8692,2906,57,1,20.94,0
8693,2907,17,3,123.86,0
8694,2908,108,3,115.07,0
8695,2908,91,2,215.97,15
8696,2909,37,4,297.66,0
8697,2909,40,2,88.88,15
8698,2909,56,2,34.57,0
8699,2909,35,1,76.91,10
8700,2909,46,2,401.52,0
8701,2910,9,4,221.84,10
8702,2911,116,3,78.18,10
8703,2911,115,2,194.63,15
8704,2911,28,1,364.04,0
8705,2911,14,1,182.82,5
8706,2912,8,3,335.09,0
8707,2912,37,1,297.66,10
8708,2913,7,2,171.07,15
8709,2913,3,2,232.11,0
8710,2913,29,4,419.43,10
8711,2913,70,1,307.09,15
8712,2914,63,4,37.78,5
8713,2914,59,4,124.17,5
8714,2914,31,4,171.33,0
8715,2914,98,4,68.82,5
8716,2915,27,3,326.68,10
8717,2916,14,1,182.82,0
8718,2917,31,1,171.33,10
8719,2917,80,2,139.42,0
8720,2918,40,3,88.88,0
8721,2919,33,1,131.4,5
8722,2919,18,4,561.44,0
8723,2919,50,4,377.83,0
8724,2919,92,1,571.21,0
8725,2920,56,2,34.57,0
8726,2920,120,4,237.11,0
8727,2920,72,2,461.17,15
8728,2920,33,2,131.4,5
8729,2921,75,3,86.31,0
8730,2921,56,3,34.57,20
8731,2922,30,3,204.15,10
8732,2922,80,2,139.42,5
8733,2923,69,3,219.76,10
8734,2923,99,1,231.08,10
8735,2924,11,4,505.42,15
8736,2924,93,3,233.96,10
8737,2924,75,1,86.31,15
8738,2925,39,4,375.26,0
8739,2925,99,3,231.08,0
8740,2925,31,1,171.33,0
8741,2926,113,4,46.28,5
8742,2926,69,3,219.76,0
8743,2927,98,4,68.82,10
8744,2927,88,3,263.55,20
8745,2927,6,1,166.81,15
8746,2927,39,4,375.26,5
8747,2928,98,3,68.82,0
8748,2928,96,2,388.87,10
8749,2929,62,1,242.39,20
8750,2929,82,4,336.12,0
8751,2929,35,4,76.91,0
8752,2929,87,2,211.61,0
8753,2930,76,2,273.29,20
8754,2930,88,1,263.55,5
8755,2930,114,3,332.05,0
8756,2930,62,3,242.39,20
8757,2931,92,2,571.21,20
8758,2931,17,4,123.86,5
8759,2931,88,3,263.55,0
8760,2931,46,1,401.52,5
8761,2931,117,4,512.54,10
8762,2932,15,3,225.59,0
8763,2932,107,4,12.44,15
8764,2932,54,1,190.46,20
8765,2932,54,4,190.46,10
8766,2933,50,3,377.83,5
8767,2933,82,1,336.12,0
8768,2934,111,1,311.09,0
8769,2935,17,3,123.86,0
8770,2935,120,1,237.11,10
8771,2936,17,1,123.86,0
8772,2936,83,4,26.63,10
8773,2936,58,3,175.82,10
8774,2936,108,4,115.07,10
8775,2936,63,3,37.78,10
8776,2937,11,4,505.42,0
8777,2937,8,3,335.09,0
8778,2938,74,2,211.18,0
8779,2938,98,3,68.82,20
8780,2938,73,1,370.92,5
8781,2938,33,2,131.4,0
8782,2939,118,1,127.24,0
8783,2939,63,4,37.78,0
8784,2939,14,1,182.82,10
8785,2939,106,4,440.12,0
8786,2939,60,1,416.86,20
8787,2940,54,2,190.46,0
8788,2941,27,3,326.68,5
8789,2941,59,3,124.17,5
8790,2941,80,3,139.42,0
8791,2941,99,3,231.08,20
8792,2942,28,2,364.04,5
8793,2943,23,4,153.55,0
8794,2943,111,4,311.09,0
8795,2943,96,3,388.87,0
8796,2943,88,2,263.55,20
8797,2943,44,4,271.84,0
8798,2944,107,1,12.44,15
8799,2944,108,4,115.07,20
8800,2945,72,3,461.17,0
8801,2946,65,1,9.2,5
8802,2946,63,1,37.78,20
8803,2947,51,3,515.68,5
8804,2947,23,1,153.55,15
8805,2948,44,1,271.84,0
8806,2948,26,4,150.31,10
8807,2948,7,2,171.07,15
8808,2949,47,2,244.56,0
8809,2949,82,2,336.12,15
8810,2949,96,1,388.87,15
8811,2949,26,2,150.31,15
8812,2950,89,3,633.88,5
8813,2950,58,1,175.82,10
8814,2950,81,3,297.3,0
8815,2950,105,2,250.51,0
8816,2951,102,1,47.26,0
8817,2951,90,4,244.8,0
8818,2951,20,3,219.02,20
8819,2951,110,3,76.72,20
8820,2952,65,2,9.2,10
8821,2952,65,2,9.2,0
8822,2952,117,1,512.54,0
8823,2952,16,3,293.65,10
8824,2952,60,4,416.86,5
8825,2953,53,3,240.08,5
8826,2954,18,4,561.44,0
8827,2954,108,3,115.07,15
8828,2955,73,3,370.92,10
8829,2955,110,3,76.72,10
8830,2956,59,4,124.17,20
8831,2956,104,4,51.46,20
8832,2956,51,1,515.68,15
8833,2957,81,3,297.3,0
8834,2957,100,1,269.62,15
8835,2957,115,1,194.63,15
8836,2958,27,3,326.68,20
8837,2958,76,2,273.29,5
8838,2959,20,4,219.02,0
8839,2960,53,1,240.08,15
8840,2960,68,4,498.16,10
8841,2961,4,2,316.2,15
8842,2961,92,2,571.21,10
8843,2962,80,4,139.42,5
8844,2962,110,4,76.72,5
8845,2962,29,4,419.43,0
8846,2962,3,2,232.11,15
8847,2962,57,2,20.94,0
8848,2963,47,4,244.56,5
8849,2963,1,4,280.02,15
8850,2963,13,1,113.52,0
8851,2963,52,3,116.82,5
8852,2964,5,3,354.07,0
8853,2964,51,4,515.68,0
8854,2964,77,2,317.11,0
8855,2964,51,3,515.68,15
8856,2965,115,4,194.63,15
8857,2965,31,1,171.33,20
8858,2965,46,4,401.52,10
8859,2965,16,1,293.65,20
8860,2966,103,2,433.62,5
8861,2966,108,4,115.07,0
8862,2966,41,3,605.42,5
8863,2966,100,1,269.62,15
8864,2966,5,3,354.07,10
8865,2967,16,3,293.65,10
8866,2967,101,4,433.8,20
8867,2967,94,1,22.69,0
8868,2967,4,1,316.2,10
8869,2968,41,3,605.42,5
8870,2968,57,2,20.94,15
8871,2968,40,4,88.88,0
8872,2968,32,4,295.23,20
8873,2968,74,2,211.18,20
8874,2969,27,1,326.68,10
8875,2970,29,2,419.43,0
8876,2970,26,1,150.31,0
8877,2970,38,2,194.29,15
8878,2970,70,3,307.09,15
8879,2970,102,2,47.26,0
8880,2971,84,1,121.13,0
8881,2971,97,3,52.27,10
8882,2971,39,1,375.26,10
8883,2971,38,2,194.29,15
8884,2971,74,3,211.18,0
8885,2972,95,1,288.16,15
8886,2972,88,2,263.55,20
8887,2972,99,2,231.08,0
8888,2972,72,4,461.17,15
8889,2972,54,4,190.46,5
8890,2973,74,3,211.18,20
8891,2973,10,2,474.27,20
8892,2973,107,3,12.44,0
8893,2973,83,2,26.63,10
8894,2973,79,4,294.44,10
8895,2974,3,1,232.11,10
8896,2974,26,4,150.31,0
8897,2975,91,1,215.97,0
8898,2975,50,4,377.83,0
8899,2975,66,2,318.4,0
8900,2975,61,1,52.86,0
8901,2976,29,2,419.43,20
8902,2977,44,4,271.84,20
8903,2978,91,2,215.97,20
8904,2978,5,2,354.07,0
8905,2979,35,1,76.91,0
8906,2979,65,2,9.2,0
8907,2979,87,1,211.61,0
8908,2979,54,1,190.46,5
8909,2980,35,4,76.91,15
8910,2980,119,2,338.66,5
8911,2981,37,4,297.66,5
8912,2981,34,3,478.97,0
8913,2981,89,3,633.88,0
8914,2981,30,4,204.15,0
8915,2982,87,2,211.61,20
8916,2982,42,2,300.8,15
8917,2982,54,1,190.46,15
8918,2983,105,1,250.51,0
8919,2984,111,3,311.09,0
8920,2984,41,4,605.42,5
8921,2984,37,4,297.66,5
8922,2984,5,3,354.07,0
8923,2984,85,4,353.3,20
8924,2985,95,2,288.16,0
8925,2985,111,2,311.09,0
8926,2985,56,3,34.57,15
8927,2985,8,2,335.09,20
8928,2985,63,3,37.78,10
8929,2986,96,3,388.87,5
8930,2986,26,2,150.31,20
8931,2986,27,2,326.68,0
8932,2987,58,1,175.82,0
8933,2987,10,3,474.27,20
8934,2987,113,3,46.28,15
8935,2988,1,2,280.02,20
8936,2988,22,3,359.3,15
8937,2988,95,2,288.16,5
8938,2988,12,4,147.52,0
8939,2988,86,4,475.84,20
8940,2989,95,3,288.16,5
8941,2989,54,2,190.46,0
8942,2989,81,4,297.3,0
8943,2989,27,3,326.68,15
8944,2990,53,1,240.08,10
8945,2990,112,2,175.1,0
8946,2991,12,2,147.52,15
8947,2991,29,2,419.43,10
8948,2991,97,1,52.27,20
8949,2992,33,1,131.4,10
8950,2992,47,3,244.56,0
8951,2992,48,3,242.0,0
8952,2992,108,2,115.07,0
8953,2992,69,2,219.76,0
8954,2993,52,2,116.82,0
8955,2993,26,2,150.31,10
8956,2993,20,4,219.02,5
8957,2994,75,4,86.31,0
8958,2994,57,1,20.94,5
8959,2994,107,4,12.44,15
8960,2994,18,1,561.44,0
8961,2995,109,4,321.5,10
8962,2995,41,4,605.42,0
8963,2996,88,2,263.55,0
8964,2997,77,3,317.11,5
8965,2997,60,2,416.86,5
8966,2997,27,1,326.68,5
8967,2997,26,2,150.31,0
8968,2997,110,3,76.72,5
8969,2998,66,1,318.4,0
8970,2998,27,4,326.68,0
8971,2999,37,1,297.66,15
8972,2999,12,4,147.52,20
8973,2999,31,3,171.33,20
8974,2999,84,2,121.13,20
8975,3000,50,4,377.83,0
8976,3001,68,3,498.16,0
8977,3001,108,3,115.07,0
8978,3002,79,4,294.44,0
8979,3002,21,3,205.02,0
8980,3002,98,1,68.82,15
8981,3002,1,3,280.02,10
8982,3003,96,1,388.87,15
8983,3003,85,1,353.3,0
8984,3003,111,4,311.09,0
8985,3003,38,4,194.29,10
8986,3004,26,1,150.31,20
8987,3004,93,4,233.96,20
8988,3004,18,3,561.44,0
8989,3005,70,3,307.09,0
8990,3005,61,2,52.86,20
8991,3005,106,2,440.12,0
8992,3005,56,3,34.57,0
8993,3006,74,2,211.18,0
8994,3006,35,3,76.91,20
8995,3006,107,1,12.44,5
8996,3006,10,1,474.27,15
8997,3006,119,1,338.66,15
8998,3007,22,2,359.3,15
8999,3008,57,1,20.94,0
9000,3008,70,3,307.09,0
9001,3008,120,2,237.11,15
9002,3008,26,1,150.31,5
9003,3009,46,3,401.52,15
9004,3009,104,1,51.46,0
9005,3009,73,2,370.92,0
9006,3010,65,1,9.2,0
9007,3010,101,2,433.8,0
9008,3011,112,4,175.1,10
9009,3011,1,1,280.02,20
9010,3011,21,4,205.02,10
9011,3011,56,2,34.57,0
9012,3012,92,2,571.21,0
9013,3012,96,1,388.87,0
9014,3013,47,1,244.56,15
9015,3013,97,2,52.27,5
9016,3014,72,2,461.17,10
9017,3014,37,3,297.66,0
9018,3015,77,3,317.11,0
9019,3015,108,3,115.07,15
9020,3016,53,3,240.08,20
9021,3016,13,3,113.52,10
9022,3016,53,2,240.08,20
9023,3016,17,1,123.86,10
9024,3016,41,1,605.42,0
9025,3017,43,1,439.52,20
9026,3018,63,2,37.78,0
9027,3018,8,1,335.09,5
9028,3018,33,3,131.4,0
9029,3018,61,2,52.86,10
9030,3019,110,1,76.72,0
9031,3019,26,3,150.31,0
9032,3019,51,3,515.68,10
9033,3020,77,4,317.11,5
9034,3020,49,1,538.98,5
9035,3020,18,2,561.44,5
9036,3021,1,1,280.02,10
9037,3021,1,2,280.02,5
9038,3022,108,2,115.07,20
9039,3022,69,3,219.76,0
9040,3022,40,2,88.88,10
9041,3023,78,3,42.51,5
9042,3023,57,3,20.94,0
9043,3023,89,4,633.88,5
9044,3023,72,3,461.17,10
9045,3024,61,1,52.86,5
9046,3024,41,2,605.42,0
9047,3024,107,1,12.44,0
9048,3024,44,2,271.84,5
9049,3025,30,2,204.15,0
9050,3025,27,3,326.68,0
9051,3025,77,3,317.11,0
9052,3025,95,4,288.16,0
9053,3025,67,3,14.91,0
9054,3026,91,1,215.97,0
9055,3026,11,3,505.42,10
9056,3026,104,4,51.46,20
9057,3027,26,4,150.31,20
9058,3027,60,1,416.86,0
9059,3027,98,1,68.82,10
9060,3027,54,4,190.46,10
9061,3028,111,3,311.09,10
9062,3028,62,4,242.39,0
9063,3028,79,4,294.44,0
9064,3028,100,1,269.62,15
9065,3029,70,1,307.09,0
9066,3029,67,1,14.91,0
9067,3029,104,1,51.46,15
9068,3029,87,4,211.61,0
9069,3030,104,1,51.46,15
9070,3030,65,4,9.2,15
9071,3031,76,1,273.29,5
9072,3031,41,4,605.42,0
9073,3031,30,4,204.15,0
9074,3031,40,1,88.88,0
9075,3031,5,3,354.07,10
9076,3032,58,1,175.82,0
9077,3032,50,3,377.83,20
9078,3032,62,2,242.39,10
9079,3032,107,1,12.44,10
9080,3033,98,3,68.82,15
9081,3033,22,3,359.3,10
9082,3033,87,1,211.61,10
9083,3033,113,4,46.28,0
9084,3034,87,3,211.61,0
9085,3034,25,4,234.35,15
9086,3034,30,1,204.15,15
9087,3035,16,3,293.65,0
9088,3035,73,4,370.92,5
9089,3036,33,1,131.4,0
9090,3036,96,3,388.87,0
9091,3036,1,1,280.02,15
9092,3037,20,2,219.02,20
9093,3038,57,4,20.94,0
9094,3039,65,3,9.2,15
9095,3039,102,3,47.26,0
9096,3039,59,2,124.17,15
9097,3039,35,3,76.91,10
9098,3039,92,4,571.21,10
9099,3040,15,4,225.59,15
9100,3040,25,4,234.35,5
9101,3040,81,3,297.3,0
9102,3041,108,2,115.07,15
9103,3041,62,1,242.39,0
9104,3041,108,3,115.07,0
9105,3041,76,2,273.29,0
9106,3042,59,1,124.17,10
9107,3042,42,2,300.8,15
9108,3042,52,1,116.82,20
9109,3042,82,1,336.12,5
9110,3043,45,4,311.48,20
9111,3043,8,1,335.09,0
9112,3044,60,3,416.86,0
9113,3044,62,1,242.39,5
9114,3044,15,2,225.59,5
9115,3044,74,4,211.18,0
9116,3045,23,4,153.55,0
9117,3045,73,1,370.92,15
9118,3045,38,2,194.29,10
9119,3046,60,4,416.86,0
9120,3046,120,2,237.11,20
9121,3046,114,4,332.05,0
9122,3046,19,3,92.09,0
9123,3047,66,3,318.4,5
9124,3047,35,4,76.91,0
9125,3047,43,4,439.52,0
9126,3048,21,1,205.02,15
9127,3048,27,4,326.68,10
9128,3048,3,4,232.11,15
9129,3048,117,1,512.54,0
9130,3048,91,3,215.97,0
9131,3049,33,1,131.4,15
9132,3049,80,4,139.42,0
9133,3050,105,4,250.51,5
9134,3051,42,2,300.8,15
9135,3052,89,4,633.88,10
9136,3053,96,4,388.87,0
9137,3053,60,1,416.86,0
9138,3053,71,1,178.01,0
9139,3053,67,1,14.91,0
9140,3053,58,2,175.82,0
9141,3054,50,3,377.83,0
9142,3054,43,3,439.52,0
9143,3054,53,1,240.08,0
9144,3054,16,1,293.65,5
9145,3054,2,3,238.98,15
9146,3055,80,3,139.42,0
9147,3055,72,4,461.17,10
9148,3056,44,4,271.84,15
9149,3056,23,3,153.55,10
9150,3057,5,4,354.07,15
9151,3058,103,4,433.62,15
9152,3058,47,1,244.56,20
9153,3058,75,2,86.31,5
9154,3058,113,3,46.28,10
9155,3059,35,3,76.91,20
9156,3059,112,3,175.1,10
9157,3060,89,2,633.88,0
9158,3060,26,3,150.31,5
9159,3060,98,1,68.82,5
9160,3060,36,4,496.08,0
9161,3061,17,3,123.86,20
9162,3061,58,1,175.82,15
9163,3062,89,1,633.88,0
9164,3062,75,4,86.31,0
9165,3062,79,3,294.44,0
9166,3062,100,3,269.62,0
9167,3062,58,3,175.82,10
9168,3063,97,2,52.27,0
9169,3063,94,1,22.69,10
9170,3063,110,1,76.72,0
9171,3063,66,1,318.4,0
9172,3064,25,2,234.35,0
9173,3065,89,1,633.88,0
9174,3066,104,1,51.46,15
9175,3066,24,1,425.71,20
9176,3066,31,1,171.33,0
9177,3066,53,4,240.08,10
9178,3067,21,3,205.02,5
9179,3068,20,3,219.02,10
9180,3069,80,3,139.42,10
9181,3069,116,3,78.18,10
9182,3069,10,2,474.27,5
9183,3070,93,3,233.96,15
9184,3071,98,4,68.82,5
9185,3072,74,3,211.18,20
9186,3072,8,3,335.09,0
9187,3072,119,4,338.66,0
9188,3073,50,2,377.83,15
9189,3073,91,3,215.97,0
9190,3073,102,2,47.26,20
9191,3073,17,2,123.86,0
9192,3073,61,2,52.86,0
9193,3074,53,1,240.08,0
9194,3074,86,3,475.84,20
9195,3075,16,1,293.65,15
9196,3075,42,2,300.8,10
9197,3075,32,3,295.23,0
9198,3075,67,2,14.91,0
9199,3076,73,1,370.92,10
9200,3076,23,1,153.55,5
9201,3076,79,4,294.44,0
9202,3077,54,2,190.46,5
9203,3077,56,2,34.57,0
9204,3077,31,4,171.33,10
9205,3077,31,1,171.33,20
9206,3077,23,4,153.55,0
9207,3078,91,3,215.97,0
9208,3078,82,4,336.12,20
9209,3078,72,1,461.17,0
9210,3078,116,2,78.18,10
9211,3078,3,1,232.11,20
9212,3079,38,3,194.29,20
9213,3079,118,1,127.24,0
9214,3079,96,4,388.87,15
9215,3079,98,3,68.82,0
9216,3079,59,2,124.17,20
9217,3080,90,2,244.8,10
9218,3080,10,1,474.27,15
9219,3080,28,2,364.04,0
9220,3081,60,1,416.86,5
9221,3081,55,4,499.98,15
9222,3081,33,4,131.4,5
9223,3081,83,2,26.63,20
9224,3082,30,3,204.15,0
9225,3082,95,4,288.16,20
9226,3082,72,2,461.17,5
9227,3082,3,1,232.11,15
9228,3082,70,4,307.09,5
9229,3083,111,3,311.09,0
9230,3083,18,3,561.44,0
9231,3084,47,4,244.56,5
9232,3084,58,2,175.82,5
9233,3085,22,1,359.3,15
9234,3086,120,3,237.11,10
9235,3087,68,2,498.16,10
9236,3087,106,4,440.12,15
9237,3088,23,1,153.55,20
9238,3088,96,3,388.87,5
9239,3088,43,2,439.52,0
9240,3089,8,4,335.09,10
9241,3089,90,2,244.8,15
9242,3089,76,2,273.29,10
9243,3089,44,2,271.84,0
9244,3090,110,4,76.72,15
9245,3091,83,4,26.63,10
9246,3091,86,1,475.84,10
9247,3091,98,4,68.82,0
9248,3091,92,4,571.21,15
9249,3092,100,3,269.62,20
9250,3092,75,2,86.31,15
9251,3092,9,1,221.84,15
9252,3093,81,1,297.3,0
9253,3093,80,3,139.42,5
9254,3093,28,4,364.04,5
9255,3094,118,4,127.24,20
9256,3094,46,3,401.52,20
9257,3094,73,4,370.92,15
9258,3094,60,1,416.86,15
9259,3094,62,2,242.39,20
9260,3095,3,1,232.11,0
9261,3096,77,1,317.11,5
9262,3096,24,3,425.71,0
9263,3096,42,4,300.8,0
9264,3096,76,3,273.29,0
9265,3097,13,1,113.52,15
9266,3097,66,1,318.4,0
9267,3097,92,3,571.21,15
9268,3097,46,4,401.52,0
9269,3098,113,4,46.28,5
9270,3098,45,2,311.48,10
9271,3098,39,2,375.26,20
9272,3099,20,3,219.02,0
9273,3099,24,2,425.71,20
9274,3099,117,3,512.54,0
9275,3099,98,2,68.82,0
9276,3100,64,4,181.91,0
9277,3100,33,2,131.4,5
9278,3100,103,3,433.62,10
9279,3100,110,4,76.72,0
9280,3101,57,1,20.94,0
9281,3101,1,4,280.02,5
9282,3101,10,2,474.27,20
9283,3101,66,1,318.4,20
9284,3101,53,1,240.08,15
9285,3102,51,4,515.68,10
9286,3102,98,4,68.82,20
9287,3102,86,3,475.84,5
9288,3102,20,1,219.02,5
9289,3103,50,4,377.83,10
9290,3103,85,2,353.3,20
9291,3103,95,1,288.16,0
9292,3104,48,2,242.0,0
9293,3104,42,4,300.8,15
9294,3104,95,4,288.16,5
9295,3104,27,3,326.68,15
9296,3104,2,4,238.98,10
9297,3105,84,3,121.13,20
9298,3105,60,4,416.86,0
9299,3106,12,3,147.52,10
9300,3106,90,2,244.8,15
9301,3106,52,2,116.82,0
9302,3106,99,4,231.08,0
9303,3107,29,1,419.43,10
9304,3107,41,1,605.42,15
9305,3107,78,3,42.51,5
9306,3108,26,4,150.31,0
9307,3108,92,1,571.21,20
9308,3108,7,3,171.07,15
9309,3108,10,4,474.27,0
9310,3109,112,3,175.1,20
9311,3110,98,2,68.82,20
9312,3110,120,4,237.11,15
9313,3110,81,2,297.3,10
9314,3111,98,3,68.82,10
9315,3111,96,4,388.87,5
9316,3112,76,1,273.29,5
9317,3112,12,2,147.52,15
9318,3112,76,4,273.29,10
9319,3112,98,1,68.82,0
9320,3112,38,2,194.29,20
9321,3113,32,2,295.23,20
9322,3113,90,1,244.8,0
9323,3113,17,4,123.86,10
9324,3113,74,2,211.18,5
9325,3113,105,3,250.51,5
9326,3114,109,3,321.5,0
9327,3114,47,4,244.56,5
9328,3114,11,2,505.42,15
9329,3114,78,1,42.51,10
9330,3114,35,2,76.91,15
9331,3115,97,1,52.27,5
9332,3115,56,3,34.57,0
9333,3115,72,2,461.17,0
9334,3115,29,3,419.43,0
9335,3116,112,4,175.1,0
9336,3117,78,2,42.51,20
9337,3117,31,3,171.33,0
9338,3118,93,2,233.96,0
9339,3118,103,4,433.62,0
9340,3118,63,2,37.78,5
9341,3119,42,1,300.8,5
9342,3119,88,2,263.55,10
9343,3119,32,1,295.23,20
9344,3120,68,1,498.16,10
9345,3121,97,1,52.27,15
9346,3121,87,3,211.61,10
9347,3121,15,1,225.59,0
9348,3122,114,4,332.05,5
9349,3122,77,4,317.11,20
9350,3122,34,3,478.97,5
9351,3122,56,1,34.57,10
9352,3122,28,4,364.04,10
9353,3123,101,3,433.8,5
9354,3123,98,3,68.82,0
9355,3123,120,2,237.11,0
9356,3123,39,4,375.26,5
9357,3124,74,2,211.18,0
9358,3124,102,4,47.26,0
9359,3124,65,1,9.2,10
9360,3124,119,1,338.66,0
9361,3125,114,4,332.05,0
9362,3125,37,3,297.66,0
9363,3125,42,2,300.8,0
9364,3125,77,3,317.11,0
9365,3125,41,1,605.42,0
9366,3126,55,2,499.98,10
9367,3126,10,3,474.27,0
9368,3126,76,4,273.29,5
9369,3126,31,4,171.33,5
9370,3126,3,3,232.11,10
9371,3127,63,2,37.78,5
9372,3127,56,3,34.57,0
9373,3127,79,4,294.44,15
9374,3128,65,3,9.2,15
9375,3128,112,3,175.1,5
9376,3128,15,2,225.59,0
9377,3129,34,4,478.97,0
9378,3129,118,4,127.24,0
9379,3129,109,3,321.5,0
9380,3130,31,4,171.33,15
9381,3130,21,1,205.02,0
9382,3130,29,3,419.43,10
9383,3131,101,1,433.8,10
9384,3132,76,2,273.29,0
9385,3132,94,2,22.69,20
9386,3132,77,1,317.11,15
9387,3132,100,1,269.62,0
9388,3133,57,2,20.94,5
9389,3134,9,2,221.84,0
9390,3134,39,2,375.26,0
9391,3134,53,2,240.08,20
9392,3134,85,4,353.3,0
9393,3134,18,2,561.44,10
9394,3135,48,2,242.0,15
9395,3135,48,4,242.0,0
9396,3136,104,2,51.46,10
9397,3136,24,1,425.71,10
9398,3136,52,1,116.82,10
9399,3136,63,4,37.78,20
9400,3137,19,4,92.09,0
9401,3137,60,4,416.86,0
9402,3137,7,4,171.07,5
9403,3137,29,2,419.43,20
9404,3137,56,4,34.57,5
9405,3138,104,3,51.46,0
9406,3138,2,1,238.98,15
9407,3138,83,3,26.63,0
9408,3138,47,1,244.56,5
9409,3138,91,2,215.97,10
9410,3139,119,4,338.66,10
9411,3140,67,2,14.91,0
9412,3140,38,4,194.29,0
9413,3140,3,3,232.11,10
9414,3140,39,1,375.26,15
9415,3141,41,2,605.42,10
9416,3141,71,4,178.01,0
9417,3141,36,3,496.08,10
9418,3141,12,4,147.52,15
9419,3142,92,3,571.21,20
9420,3142,26,1,150.31,0
9421,3142,26,4,150.31,0
9422,3143,48,1,242.0,20
9423,3143,59,1,124.17,0
9424,3143,11,2,505.42,20
9425,3143,6,4,166.81,10
9426,3143,54,4,190.46,0
9427,3144,71,2,178.01,10
9428,3144,58,1,175.82,20
9429,3144,120,2,237.11,5
9430,3144,111,3,311.09,0
9431,3145,22,3,359.3,0
9432,3145,29,4,419.43,0
9433,3145,62,2,242.39,0
9434,3145,112,4,175.1,15
9435,3145,25,1,234.35,20
9436,3146,72,3,461.17,15
9437,3146,118,2,127.24,20
9438,3146,55,1,499.98,5
9439,3146,57,2,20.94,0
9440,3147,120,4,237.11,5
9441,3148,95,3,288.16,0
9442,3148,13,1,113.52,0
9443,3149,46,1,401.52,0
9444,3149,6,2,166.81,0
9445,3150,81,3,297.3,20
9446,3151,65,3,9.2,20
9447,3151,47,4,244.56,15
9448,3151,20,1,219.02,10
9449,3151,3,2,232.11,0
9450,3152,102,4,47.26,15
9451,3153,2,1,238.98,5
9452,3153,99,1,231.08,0
9453,3153,44,3,271.84,15
9454,3153,49,4,538.98,0
9455,3154,6,1,166.81,0
9456,3154,112,3,175.1,0
9457,3154,71,3,178.01,0
9458,3155,3,4,232.11,20
9459,3155,115,1,194.63,15
9460,3155,50,3,377.83,10
9461,3155,102,3,47.26,10
9462,3156,6,2,166.81,20
9463,3156,84,4,121.13,0
9464,3156,72,2,461.17,5
9465,3156,38,4,194.29,0
9466,3156,112,2,175.1,0
9467,3157,94,2,22.69,0
9468,3157,45,1,311.48,20
9469,3157,98,3,68.82,20
9470,3157,83,2,26.63,0
9471,3157,35,4,76.91,5
9472,3158,34,3,478.97,0
9473,3159,112,4,175.1,5
9474,3159,81,2,297.3,20
9475,3159,41,1,605.42,0
9476,3159,2,4,238.98,0
9477,3159,95,4,288.16,0
9478,3160,106,1,440.12,10
9479,3160,65,1,9.2,5
9480,3160,53,1,240.08,0
9481,3160,115,1,194.63,0
9482,3161,87,2,211.61,10
9483,3162,34,4,478.97,5
9484,3162,20,3,219.02,5
9485,3162,30,1,204.15,0
9486,3163,52,4,116.82,5
9487,3163,23,2,153.55,20
9488,3163,97,3,52.27,5
9489,3163,102,3,47.26,5
9490,3164,83,4,26.63,0
9491,3164,60,2,416.86,15
9492,3164,29,1,419.43,20
9493,3164,44,4,271.84,0
9494,3164,120,4,237.11,0
9495,3165,34,3,478.97,5
9496,3166,99,1,231.08,0
9497,3166,24,4,425.71,0
9498,3166,37,3,297.66,15
9499,3167,95,3,288.16,15
9500,3167,48,3,242.0,0
9501,3167,85,1,353.3,20
9502,3167,29,4,419.43,10
9503,3168,18,1,561.44,10
9504,3168,25,2,234.35,5
9505,3168,32,4,295.23,0
9506,3168,95,2,288.16,0
9507,3169,37,1,297.66,0
9508,3169,56,3,34.57,20
9509,3169,98,3,68.82,0
9510,3169,102,2,47.26,5
9511,3170,42,3,300.8,0
9512,3170,50,1,377.83,10
9513,3171,69,3,219.76,0
9514,3171,111,3,311.09,0
9515,3172,120,2,237.11,20
9516,3172,81,3,297.3,20
9517,3172,19,4,92.09,0
9518,3173,66,3,318.4,15
9519,3174,10,2,474.27,5
9520,3174,25,2,234.35,0
9521,3174,5,2,354.07,15
9522,3174,80,2,139.42,5
9523,3175,58,2,175.82,0
9524,3175,20,4,219.02,0
9525,3176,43,1,439.52,10
9526,3176,82,3,336.12,20
9527,3176,50,4,377.83,15
9528,3176,91,4,215.97,20
9529,3176,38,2,194.29,10
9530,3177,26,4,150.31,5
9531,3178,91,1,215.97,15
9532,3178,43,2,439.52,5
9533,3178,84,4,121.13,5
9534,3179,51,1,515.68,15
9535,3180,44,2,271.84,0
9536,3181,25,2,234.35,0
9537,3181,84,3,121.13,20
9538,3182,52,3,116.82,10
9539,3182,105,1,250.51,0
9540,3182,32,4,295.23,0
9541,3182,69,1,219.76,20
9542,3183,83,3,26.63,0
9543,3183,10,1,474.27,0
9544,3183,36,2,496.08,10
9545,3183,62,1,242.39,0
9546,3183,63,2,37.78,0
9547,3184,87,4,211.61,20
9548,3185,92,4,571.21,0
9549,3185,8,3,335.09,5
9550,3186,111,4,311.09,10
9551,3186,82,2,336.12,0
9552,3186,120,3,237.11,0
9553,3187,102,2,47.26,0
9554,3188,5,1,354.07,0
9555,3188,111,4,311.09,20
9556,3188,79,4,294.44,15
9557,3189,5,4,354.07,15
9558,3190,7,2,171.07,5
9559,3190,71,1,178.01,20
9560,3190,51,2,515.68,0
9561,3191,7,4,171.07,0
9562,3191,119,3,338.66,20
9563,3192,115,2,194.63,0
9564,3192,117,1,512.54,0
9565,3192,109,4,321.5,0
9566,3192,51,1,515.68,5
9567,3192,1,2,280.02,15
9568,3193,115,4,194.63,10
9569,3193,67,2,14.91,0
9570,3193,30,2,204.15,5
9571,3194,77,2,317.11,0
9572,3194,18,4,561.44,15
9573,3195,76,2,273.29,10
9574,3195,88,3,263.55,5
9575,3195,99,3,231.08,0
9576,3196,47,3,244.56,5
9577,3196,70,1,307.09,0
9578,3196,61,2,52.86,15
9579,3197,107,2,12.44,5
9580,3197,108,3,115.07,0
9581,3197,82,3,336.12,15
9582,3197,3,3,232.11,20
9583,3197,118,3,127.24,10
9584,3198,96,4,388.87,0
9585,3198,79,1,294.44,15
9586,3198,25,1,234.35,5
9587,3198,102,2,47.26,0
9588,3199,1,3,280.02,0
9589,3199,27,2,326.68,0
9590,3199,104,3,51.46,15
9591,3199,54,4,190.46,0
9592,3199,3,1,232.11,0
9593,3200,87,2,211.61,0
9594,3200,42,2,300.8,0
9595,3200,109,4,321.5,0
9596,3200,23,4,153.55,0
9597,3200,88,2,263.55,0
9598,3201,30,1,204.15,5
9599,3201,13,3,113.52,0
9600,3202,61,1,52.86,15
9601,3203,118,3,127.24,0
9602,3203,43,1,439.52,10
9603,3203,86,3,475.84,0
9604,3203,71,1,178.01,10
9605,3204,53,4,240.08,20
9606,3204,104,2,51.46,15
9607,3204,46,2,401.52,20
9608,3205,103,4,433.62,0
9609,3205,47,2,244.56,0
9610,3205,15,2,225.59,15
9611,3205,4,2,316.2,15
9612,3206,51,4,515.68,0
9613,3207,25,3,234.35,5
9614,3207,57,4,20.94,0
9615,3208,11,4,505.42,0
9616,3208,25,2,234.35,0
9617,3208,92,4,571.21,20
9618,3208,88,4,263.55,15
9619,3209,41,4,605.42,10
9620,3210,111,2,311.09,0
9621,3210,62,1,242.39,0
9622,3210,111,1,311.09,0
9623,3210,9,3,221.84,0
9624,3210,93,3,233.96,0
9625,3211,54,4,190.46,0
9626,3211,10,2,474.27,5
9627,3211,10,4,474.27,20
9628,3212,88,4,263.55,5
9629,3213,46,4,401.52,15
9630,3213,105,1,250.51,0
9631,3213,33,1,131.4,0
9632,3213,84,1,121.13,5
9633,3213,52,1,116.82,5
9634,3214,15,1,225.59,15
9635,3215,86,1,475.84,5
9636,3216,46,4,401.52,0
9637,3216,2,1,238.98,0
9638,3216,73,1,370.92,15
9639,3216,100,3,269.62,0
9640,3217,71,2,178.01,20
9641,3217,38,1,194.29,0
9642,3217,54,3,190.46,0
9643,3217,35,2,76.91,0
9644,3218,41,3,605.42,15
9645,3218,51,4,515.68,0
9646,3218,36,2,496.08,0
9647,3218,30,1,204.15,15
9648,3219,118,3,127.24,5
9649,3219,8,2,335.09,10
9650,3219,104,3,51.46,0
9651,3219,81,3,297.3,10
9652,3220,9,4,221.84,0
9653,3220,55,3,499.98,0
9654,3221,75,3,86.31,0
9655,3221,56,1,34.57,20
9656,3221,42,3,300.8,0
9657,3222,83,4,26.63,15
9658,3222,114,2,332.05,15
9659,3222,14,1,182.82,5
9660,3223,107,3,12.44,5
9661,3223,96,4,388.87,0
9662,3223,15,2,225.59,0
9663,3223,36,1,496.08,15
9664,3223,87,3,211.61,15
9665,3224,31,2,171.33,0
9666,3224,90,2,244.8,0
9667,3224,84,4,121.13,0
9668,3224,56,4,34.57,0
9669,3225,108,3,115.07,20
9670,3225,31,1,171.33,15
9671,3226,102,2,47.26,5
9672,3227,72,4,461.17,0
9673,3227,83,1,26.63,15
9674,3227,80,3,139.42,0
9675,3227,73,1,370.92,0
9676,3228,118,2,127.24,10
9677,3228,9,3,221.84,5
9678,3228,94,2,22.69,5
9679,3228,51,1,515.68,5
9680,3229,37,1,297.66,5
9681,3229,82,1,336.12,0
9682,3230,23,4,153.55,10
9683,3230,83,1,26.63,10
9684,3230,69,1,219.76,5
9685,3230,65,2,9.2,0
9686,3231,43,2,439.52,10
9687,3231,20,2,219.02,0
9688,3231,31,1,171.33,0
9689,3231,43,4,439.52,5
9690,3231,64,2,181.91,0
9691,3232,16,4,293.65,0
9692,3232,89,4,633.88,15
9693,3232,15,3,225.59,0
9694,3232,25,3,234.35,20
9695,3233,84,4,121.13,0
9696,3233,90,4,244.8,20
9697,3233,33,2,131.4,20
9698,3234,5,4,354.07,10
9699,3234,31,4,171.33,0
9700,3235,37,2,297.66,0
9701,3235,7,3,171.07,10
9702,3235,18,3,561.44,0
9703,3235,112,1,175.1,20
9704,3235,99,3,231.08,0
9705,3236,29,4,419.43,0
9706,3236,86,2,475.84,5
9707,3236,27,4,326.68,10
9708,3236,45,4,311.48,0
9709,3236,29,1,419.43,5
9710,3237,31,3,171.33,0
9711,3238,61,3,52.86,0
9712,3239,74,3,211.18,10
9713,3239,107,3,12.44,15
9714,3239,94,1,22.69,0
9715,3239,28,2,364.04,20
9716,3240,72,4,461.17,20
9717,3241,39,2,375.26,10
9718,3241,107,1,12.44,0
9719,3241,62,1,242.39,10
9720,3241,46,4,401.52,10
9721,3241,27,4,326.68,10
9722,3242,24,2,425.71,5
9723,3242,84,1,121.13,10
9724,3242,1,2,280.02,5
9725,3242,9,3,221.84,0
9726,3242,80,2,139.42,0
9727,3243,70,2,307.09,10
9728,3243,1,2,280.02,5
9729,3243,82,3,336.12,15
9730,3243,57,2,20.94,10
9731,3243,16,1,293.65,0
9732,3244,35,4,76.91,0
9733,3244,40,3,88.88,0
9734,3244,40,1,88.88,5
9735,3244,110,4,76.72,0
9736,3244,2,3,238.98,0
9737,3245,118,3,127.24,10
9738,3245,93,1,233.96,15
9739,3246,84,2,121.13,10
9740,3246,42,1,300.8,20
9741,3246,120,2,237.11,15
9742,3246,117,3,512.54,5
9743,3246,62,2,242.39,0
9744,3247,55,3,499.98,0
9745,3247,42,2,300.8,0
9746,3247,96,1,388.87,5
9747,3248,8,4,335.09,0
9748,3248,98,2,68.82,0
9749,3248,13,1,113.52,15
9750,3248,56,1,34.57,0
9751,3249,77,2,317.11,5
9752,3250,63,4,37.78,10
9753,3250,10,4,474.27,0
9754,3251,4,4,316.2,0
9755,3251,104,2,51.46,0
9756,3252,62,2,242.39,20
9757,3253,17,3,123.86,5
9758,3253,72,3,461.17,5
9759,3253,32,2,295.23,0
9760,3254,74,1,211.18,0
9761,3254,92,2,571.21,5
9762,3255,21,1,205.02,10
9763,3255,45,4,311.48,10
9764,3255,105,1,250.51,20
9765,3255,30,3,204.15,15
9766,3256,13,4,113.52,10
9767,3256,111,3,311.09,0
9768,3256,42,4,300.8,0
9769,3256,91,4,215.97,15
9770,3256,90,1,244.8,20
9771,3257,41,3,605.42,0
9772,3258,119,3,338.66,5
9773,3258,62,3,242.39,0
9774,3258,73,2,370.92,0
9775,3259,95,2,288.16,0
9776,3259,119,1,338.66,0
9777,3259,29,3,419.43,20
9778,3259,81,1,297.3,0
9779,3259,112,1,175.1,0
9780,3260,3,1,232.11,20
9781,3260,33,3,131.4,5
9782,3260,46,3,401.52,10
9783,3260,33,1,131.4,0
9784,3261,33,3,131.4,0
9785,3261,80,4,139.42,5
9786,3261,68,2,498.16,0
9787,3261,94,4,22.69,0
9788,3262,75,2,86.31,20
9789,3262,37,4,297.66,5
9790,3262,18,3,561.44,5
9791,3262,55,1,499.98,0
9792,3262,25,1,234.35,15
9793,3263,15,2,225.59,15
9794,3263,115,1,194.63,20
9795,3263,105,4,250.51,0
9796,3263,23,3,153.55,0
9797,3263,72,1,461.17,0
9798,3264,44,1,271.84,5
9799,3265,88,3,263.55,5
9800,3265,103,4,433.62,20
9801,3265,99,4,231.08,0
9802,3265,105,1,250.51,15
9803,3266,52,4,116.82,0
9804,3266,21,3,205.02,0
9805,3266,49,1,538.98,5
9806,3266,66,3,318.4,0
9807,3267,78,2,42.51,0
9808,3267,88,3,263.55,0
9809,3267,86,2,475.84,0
9810,3267,66,1,318.4,20
9811,3267,12,2,147.52,20
9812,3268,99,4,231.08,15
9813,3268,77,2,317.11,20
9814,3268,75,4,86.31,15
9815,3269,118,3,127.24,10
9816,3269,117,3,512.54,0
9817,3269,114,1,332.05,10
9818,3270,33,4,131.4,0
9819,3270,113,2,46.28,15
9820,3270,96,3,388.87,10
9821,3270,95,4,288.16,10
9822,3270,3,4,232.11,20
9823,3271,110,4,76.72,0
9824,3271,58,1,175.82,0
9825,3271,32,3,295.23,20
9826,3272,59,1,124.17,5
9827,3272,17,4,123.86,0
9828,3272,57,4,20.94,20
9829,3272,59,4,124.17,5
9830,3272,89,4,633.88,20
9831,3273,25,3,234.35,0
9832,3273,49,3,538.98,0
9833,3273,44,2,271.84,0
9834,3273,58,4,175.82,20
9835,3273,75,4,86.31,20
9836,3274,97,4,52.27,0
9837,3274,74,1,211.18,0
9838,3274,81,3,297.3,20
9839,3274,84,4,121.13,15
9840,3275,110,3,76.72,20
9841,3275,58,4,175.82,5
9842,3275,118,1,127.24,0
9843,3276,18,3,561.44,15
9844,3277,80,3,139.42,0
9845,3277,82,3,336.12,5
9846,3277,104,3,51.46,0
9847,3278,120,3,237.11,0
9848,3278,44,3,271.84,15
9849,3278,86,4,475.84,5
9850,3279,24,1,425.71,15
9851,3279,116,3,78.18,0
9852,3279,73,3,370.92,0
9853,3280,17,2,123.86,5
9854,3280,50,3,377.83,15
9855,3280,65,4,9.2,0
9856,3280,92,3,571.21,20
9857,3281,119,4,338.66,20
9858,3281,79,1,294.44,20
9859,3281,82,2,336.12,20
9860,3281,60,4,416.86,15
9861,3282,106,3,440.12,0
9862,3282,89,3,633.88,0
9863,3282,8,4,335.09,10
9864,3282,107,4,12.44,20
9865,3282,14,4,182.82,0
9866,3283,18,3,561.44,5
9867,3283,14,4,182.82,0
9868,3283,73,1,370.92,10
9869,3284,110,4,76.72,20
9870,3285,50,1,377.83,0
9871,3286,66,2,318.4,0
9872,3286,7,4,171.07,15
9873,3286,6,1,166.81,10
9874,3286,9,2,221.84,0
9875,3286,97,3,52.27,20
9876,3287,39,2,375.26,0
9877,3287,107,4,12.44,10
9878,3287,111,2,311.09,20
9879,3287,100,3,269.62,10
9880,3288,87,3,211.61,10
9881,3288,79,1,294.44,0
9882,3288,83,2,26.63,10
9883,3288,109,3,321.5,5
9884,3289,70,2,307.09,10
9885,3290,76,3,273.29,0
9886,3290,11,2,505.42,0
9887,3290,104,2,51.46,20
9888,3291,88,4,263.55,15
9889,3291,75,3,86.31,0
9890,3291,28,3,364.04,20
9891,3291,25,2,234.35,15
9892,3292,50,2,377.83,5
9893,3292,93,4,233.96,0
9894,3292,40,3,88.88,0
9895,3293,102,2,47.26,15
9896,3293,102,1,47.26,5
9897,3293,74,2,211.18,20
9898,3293,10,4,474.27,0
9899,3294,57,2,20.94,0
9900,3294,111,3,311.09,15
9901,3294,100,2,269.62,15
9902,3294,60,2,416.86,5
9903,3295,94,3,22.69,20
9904,3295,77,1,317.11,20
9905,3296,62,3,242.39,5
9906,3296,101,4,433.8,10
9907,3296,11,1,505.42,0
9908,3296,3,4,232.11,5
9909,3297,41,2,605.42,20
9910,3297,96,3,388.87,0
9911,3297,96,3,388.87,5
9912,3297,29,1,419.43,15
9913,3298,10,1,474.27,5
9914,3298,104,1,51.46,10
9915,3298,9,2,221.84,10
9916,3299,59,1,124.17,0
9917,3299,55,3,499.98,5
9918,3300,41,1,605.42,0
9919,3300,75,2,86.31,0
9920,3300,27,1,326.68,15
9921,3301,51,4,515.68,20
9922,3301,29,1,419.43,20
9923,3301,29,4,419.43,0
9924,3302,12,4,147.52,0
9925,3302,54,1,190.46,20
9926,3303,28,4,364.04,0
9927,3303,31,4,171.33,20
9928,3303,82,1,336.12,0
9929,3303,108,1,115.07,0
9930,3304,106,2,440.12,20
9931,3305,68,4,498.16,0
9932,3305,35,4,76.91,5
9933,3306,32,3,295.23,10
9934,3306,93,1,233.96,20
9935,3306,36,4,496.08,0
9936,3307,7,1,171.07,0
9937,3307,96,2,388.87,0
9938,3307,91,1,215.97,10
9939,3308,62,4,242.39,10
9940,3308,100,2,269.62,20
9941,3309,7,3,171.07,0
9942,3309,117,3,512.54,5
9943,3309,20,3,219.02,5
9944,3309,45,1,311.48,20
9945,3310,97,1,52.27,5
9946,3310,76,3,273.29,15
9947,3310,96,4,388.87,20
9948,3311,21,4,205.02,20
9949,3311,64,1,181.91,20
9950,3311,15,3,225.59,10
9951,3311,72,1,461.17,5
9952,3311,8,3,335.09,10
9953,3312,46,4,401.52,0
9954,3312,72,2,461.17,5
9955,3312,63,4,37.78,20
9956,3313,12,3,147.52,0
9957,3313,96,2,388.87,10
9958,3313,119,3,338.66,20
9959,3314,90,3,244.8,20
9960,3315,85,4,353.3,20
9961,3315,113,2,46.28,5
9962,3315,66,3,318.4,10
9963,3315,57,1,20.94,0
9964,3315,19,3,92.09,0
9965,3316,112,1,175.1,5
9966,3316,49,1,538.98,5
9967,3317,29,4,419.43,0
9968,3317,74,4,211.18,0
9969,3317,86,2,475.84,10
9970,3318,88,1,263.55,0
9971,3319,102,4,47.26,5
9972,3320,91,1,215.97,0
9973,3321,37,3,297.66,0
9974,3321,59,4,124.17,0
9975,3321,68,4,498.16,5
9976,3321,62,1,242.39,5
9977,3321,55,4,499.98,0
9978,3322,71,2,178.01,0
9979,3322,76,1,273.29,0
9980,3323,58,2,175.82,15
9981,3323,47,4,244.56,10
9982,3324,101,1,433.8,10
9983,3324,87,1,211.61,0
9984,3324,88,1,263.55,0
9985,3325,76,1,273.29,0
9986,3325,23,2,153.55,0
9987,3325,97,4,52.27,20
9988,3325,17,1,123.86,10
9989,3326,5,2,354.07,0
9990,3326,63,1,37.78,20
9991,3326,9,4,221.84,20
9992,3326,84,2,121.13,15
9993,3326,7,4,171.07,15
9994,3327,80,3,139.42,10
9995,3327,14,3,182.82,0
9996,3327,51,4,515.68,5
9997,3328,52,3,116.82,10
9998,3328,111,4,311.09,20
9999,3328,96,2,388.87,5
10000,3328,110,1,76.72,0
10001,3328,100,3,269.62,0
10002,3329,104,1,51.46,10
10003,3329,19,2,92.09,0
10004,3330,50,3,377.83,0
10005,3331,64,1,181.91,20
10006,3331,108,2,115.07,15
10007,3331,114,3,332.05,0
10008,3331,97,1,52.27,0
10009,3331,82,1,336.12,5
10010,3332,110,2,76.72,0
10011,3332,97,1,52.27,0
10012,3333,1,4,280.02,0
10013,3333,50,3,377.83,10
10014,3333,111,2,311.09,5
10015,3333,48,1,242.0,0
10016,3334,96,2,388.87,0
10017,3334,34,4,478.97,0
10018,3334,17,4,123.86,15
10019,3335,34,3,478.97,0
10020,3335,25,1,234.35,15
10021,3335,99,1,231.08,0
10022,3335,118,1,127.24,20
10023,3336,39,4,375.26,0
10024,3336,116,1,78.18,10
10025,3336,37,2,297.66,5
10026,3337,42,1,300.8,5
10027,3337,21,3,205.02,0
10028,3337,29,2,419.43,0
10029,3337,48,2,242.0,10
10030,3337,47,1,244.56,0
10031,3338,33,4,131.4,0
10032,3338,12,4,147.52,10
10033,3339,27,1,326.68,10
10034,3340,106,3,440.12,0
10035,3341,36,3,496.08,0
10036,3342,28,2,364.04,5
10037,3342,53,2,240.08,20
10038,3343,34,4,478.97,0
10039,3343,66,4,318.4,20
10040,3343,79,2,294.44,0
10041,3343,73,2,370.92,15
10042,3343,48,2,242.0,20
10043,3344,53,2,240.08,5
10044,3344,104,1,51.46,5
10045,3344,11,2,505.42,0
10046,3345,79,1,294.44,0
10047,3345,83,3,26.63,10
10048,3345,105,1,250.51,10
10049,3346,56,3,34.57,0
10050,3346,55,3,499.98,15
10051,3347,89,3,633.88,0
10052,3347,54,1,190.46,0
10053,3347,5,3,354.07,0
10054,3348,69,4,219.76,10
10055,3349,87,1,211.61,0
10056,3349,26,1,150.31,0
10057,3350,81,2,297.3,0
10058,3350,85,4,353.3,0
10059,3350,99,2,231.08,0
10060,3350,4,2,316.2,5
10061,3350,3,3,232.11,0
10062,3351,55,3,499.98,5
10063,3351,6,4,166.81,15
10064,3351,20,4,219.02,0
10065,3351,95,2,288.16,5
10066,3352,26,4,150.31,10
10067,3352,4,3,316.2,0
10068,3352,63,2,37.78,10
10069,3352,8,2,335.09,0
10070,3353,103,2,433.62,0
10071,3353,60,4,416.86,0
10072,3353,81,4,297.3,0
10073,3353,13,4,113.52,0
10074,3353,14,1,182.82,10
10075,3354,120,2,237.11,10
10076,3354,84,1,121.13,5
10077,3354,70,4,307.09,0
10078,3354,2,4,238.98,20
10079,3354,114,4,332.05,20
10080,3355,63,1,37.78,0
10081,3355,94,2,22.69,0
10082,3356,55,1,499.98,15
10083,3357,86,4,475.84,10
10084,3358,68,2,498.16,0
10085,3359,114,3,332.05,0
10086,3359,117,4,512.54,10
10087,3359,74,1,211.18,20
10088,3360,116,3,78.18,10
10089,3360,49,4,538.98,15
10090,3360,82,2,336.12,5
10091,3360,8,2,335.09,0
10092,3361,96,4,388.87,0
10093,3361,8,3,335.09,15
10094,3361,78,4,42.51,15
10095,3361,88,3,263.55,0
10096,3362,108,2,115.07,5
10097,3363,54,4,190.46,0
10098,3363,37,1,297.66,0
10099,3364,31,4,171.33,0
10100,3365,108,4,115.07,15
10101,3366,36,3,496.08,0
10102,3366,26,1,150.31,5
10103,3366,70,2,307.09,5
10104,3366,29,1,419.43,0
10105,3366,84,4,121.13,5
10106,3367,118,4,127.24,10
10107,3368,43,4,439.52,5
10108,3369,90,4,244.8,10
10109,3369,85,3,353.3,20
10110,3369,55,3,499.98,15
10111,3369,17,3,123.86,0
10112,3369,85,3,353.3,0
10113,3370,79,2,294.44,10
10114,3370,78,1,42.51,5
10115,3371,56,1,34.57,0
10116,3372,92,2,571.21,10
10117,3372,53,2,240.08,0
10118,3372,79,2,294.44,20
10119,3372,26,4,150.31,0
10120,3373,24,4,425.71,5
10121,3373,12,1,147.52,0
10122,3373,47,4,244.56,0
10123,3373,64,3,181.91,15
10124,3374,91,3,215.97,20
10125,3375,1,4,280.02,0
10126,3375,7,1,171.07,0
10127,3375,106,4,440.12,5
10128,3376,10,3,474.27,10
10129,3376,101,1,433.8,10
10130,3376,117,1,512.54,0
10131,3376,7,1,171.07,5
10132,3377,120,2,237.11,0
10133,3377,7,1,171.07,5
10134,3377,114,3,332.05,20
10135,3378,103,1,433.62,15
10136,3378,41,2,605.42,20
10137,3379,88,2,263.55,0
10138,3379,64,2,181.91,0
10139,3379,14,4,182.82,5
10140,3379,48,4,242.0,10
10141,3380,87,4,211.61,20
10142,3380,117,1,512.54,20
10143,3380,16,4,293.65,0
10144,3380,28,3,364.04,0
10145,3380,82,2,336.12,0
10146,3381,54,3,190.46,0
10147,3381,40,3,88.88,20
10148,3381,86,4,475.84,0
10149,3381,18,4,561.44,15
10150,3382,64,4,181.91,15
10151,3382,109,3,321.5,0
10152,3382,11,4,505.42,0
10153,3383,92,4,571.21,0
10154,3383,46,4,401.52,0
10155,3384,87,3,211.61,0
10156,3385,104,1,51.46,5
10157,3386,81,2,297.3,10
10158,3386,64,4,181.91,15
10159,3387,76,3,273.29,0
10160,3387,87,4,211.61,10
10161,3388,59,2,124.17,0
10162,3388,82,4,336.12,15
10163,3388,36,4,496.08,0
10164,3388,101,2,433.8,15
10165,3389,58,1,175.82,0
10166,3389,5,4,354.07,10
10167,3389,38,3,194.29,0
10168,3389,79,2,294.44,10
10169,3390,16,2,293.65,10
10170,3390,17,4,123.86,0
10171,3391,118,2,127.24,0
10172,3392,61,1,52.86,0
10173,3392,99,3,231.08,0
10174,3392,34,3,478.97,5
10175,3393,36,1,496.08,15
10176,3393,112,4,175.1,15
10177,3393,4,1,316.2,5
10178,3394,84,3,121.13,0
10179,3394,42,4,300.8,10
10180,3394,96,3,388.87,20
10181,3394,42,1,300.8,15
10182,3394,61,2,52.86,15
10183,3395,102,1,47.26,0
10184,3396,11,3,505.42,0
10185,3396,34,4,478.97,10
10186,3396,65,2,9.2,20
10187,3396,60,4,416.86,0
10188,3396,63,1,37.78,0
10189,3397,82,4,336.12,0
10190,3398,120,3,237.11,15
10191,3398,85,2,353.3,0
10192,3399,78,1,42.51,0
10193,3399,95,4,288.16,0
10194,3399,62,2,242.39,5
10195,3399,78,4,42.51,5
10196,3400,56,2,34.57,5
10197,3400,73,1,370.92,20
10198,3400,67,3,14.91,0
10199,3400,36,3,496.08,0
10200,3400,111,2,311.09,10
10201,3401,52,2,116.82,15
10202,3401,78,1,42.51,0
10203,3402,41,2,605.42,5
10204,3402,119,3,338.66,5
10205,3402,110,4,76.72,0
10206,3402,47,3,244.56,15
10207,3402,29,2,419.43,0
10208,3403,10,2,474.27,15
10209,3403,39,4,375.26,0
10210,3404,110,4,76.72,5
10211,3405,103,1,433.62,20
10212,3406,99,3,231.08,20
10213,3406,106,4,440.12,0
10214,3406,99,1,231.08,0
10215,3406,16,2,293.65,0
10216,3406,30,1,204.15,20
10217,3407,43,2,439.52,5
10218,3408,60,2,416.86,15
10219,3408,112,4,175.1,0
10220,3408,87,4,211.61,20
10221,3408,24,2,425.71,5
10222,3408,117,4,512.54,0
10223,3409,98,2,68.82,10
10224,3409,63,2,37.78,20
10225,3409,85,1,353.3,5
10226,3410,111,3,311.09,0
10227,3410,84,3,121.13,20
10228,3410,101,1,433.8,10
10229,3411,98,4,68.82,0
10230,3411,82,3,336.12,15
10231,3411,26,3,150.31,0
10232,3411,74,2,211.18,20
10233,3411,64,4,181.91,15
10234,3412,86,4,475.84,10
10235,3412,43,1,439.52,15
10236,3413,45,1,311.48,15
10237,3413,117,1,512.54,20
10238,3414,3,4,232.11,0
10239,3414,75,1,86.31,0
10240,3415,80,4,139.42,20
10241,3416,7,3,171.07,0
10242,3416,35,1,76.91,20
10243,3416,11,1,505.42,0
10244,3417,60,3,416.86,5
10245,3417,109,4,321.5,0
10246,3417,96,4,388.87,0
10247,3418,11,1,505.42,0
10248,3418,1,4,280.02,10
10249,3418,42,1,300.8,20
10250,3419,101,3,433.8,20
10251,3419,55,2,499.98,0
10252,3419,40,4,88.88,15
10253,3419,3,4,232.11,20
10254,3419,13,4,113.52,20
10255,3420,42,2,300.8,20
10256,3421,91,1,215.97,15
10257,3421,115,4,194.63,0
10258,3421,75,2,86.31,0
10259,3421,120,4,237.11,0
10260,3422,56,4,34.57,0
10261,3423,8,3,335.09,10
10262,3423,8,3,335.09,0
10263,3423,16,4,293.65,15
10264,3423,108,4,115.07,5
10265,3424,53,4,240.08,0
10266,3424,73,4,370.92,15
10267,3424,7,4,171.07,0
10268,3425,29,1,419.43,10
10269,3425,86,4,475.84,10
10270,3425,67,3,14.91,15
10271,3425,61,4,52.86,20
10272,3425,73,2,370.92,0
10273,3426,95,4,288.16,10
10274,3426,88,4,263.55,0
10275,3426,58,3,175.82,10
10276,3426,24,2,425.71,0
10277,3426,112,1,175.1,10
10278,3427,76,3,273.29,0
10279,3427,15,2,225.59,20
10280,3427,98,2,68.82,5
10281,3428,49,4,538.98,20
10282,3428,94,1,22.69,0
10283,3428,3,2,232.11,10
10284,3429,83,2,26.63,5
10285,3430,85,2,353.3,15
10286,3430,14,3,182.82,10
10287,3431,102,2,47.26,0
10288,3432,91,2,215.97,5
10289,3433,7,3,171.07,5
10290,3433,94,3,22.69,0
10291,3433,77,3,317.11,0
10292,3433,99,3,231.08,15
10293,3433,104,1,51.46,0
10294,3434,64,1,181.91,20
10295,3434,91,1,215.97,10
10296,3435,80,4,139.42,15
10297,3436,40,1,88.88,5
10298,3436,115,4,194.63,20
10299,3436,93,4,233.96,0
10300,3437,21,1,205.02,5
10301,3437,114,4,332.05,0
10302,3437,72,1,461.17,0
10303,3438,33,4,131.4,5
10304,3439,5,2,354.07,0
10305,3440,111,4,311.09,0
10306,3440,58,3,175.82,10
10307,3440,72,4,461.17,0
10308,3440,99,2,231.08,15
10309,3440,40,3,88.88,15
10310,3441,79,3,294.44,10
10311,3442,10,1,474.27,0
10312,3442,2,2,238.98,20
10313,3442,111,4,311.09,0
10314,3443,118,4,127.24,15
10315,3443,98,4,68.82,0
10316,3443,69,3,219.76,10
10317,3443,40,2,88.88,5
10318,3444,95,3,288.16,0
10319,3444,26,3,150.31,0
10320,3444,69,2,219.76,0
10321,3445,62,4,242.39,10
10322,3445,36,1,496.08,15
10323,3445,48,1,242.0,0
10324,3446,21,2,205.02,5
10325,3446,47,1,244.56,10
10326,3447,41,2,605.42,20
10327,3447,41,2,605.42,15
10328,3447,92,2,571.21,0
10329,3447,36,2,496.08,0
10330,3448,102,4,47.26,0
10331,3448,56,2,34.57,10
10332,3448,1,4,280.02,0
10333,3448,114,2,332.05,0
10334,3449,99,3,231.08,15
10335,3449,67,1,14.91,0
10336,3449,101,2,433.8,10
10337,3450,21,4,205.02,0
10338,3450,47,3,244.56,10
10339,3450,57,2,20.94,10
10340,3450,25,4,234.35,0
10341,3450,99,4,231.08,20
10342,3451,49,1,538.98,10
10343,3451,8,3,335.09,0
10344,3452,120,1,237.11,5
10345,3452,59,3,124.17,20
10346,3453,82,4,336.12,15
10347,3453,4,2,316.2,20
10348,3454,62,3,242.39,20
10349,3454,49,4,538.98,0
10350,3454,95,4,288.16,0
10351,3454,31,4,171.33,10
10352,3455,32,2,295.23,10
10353,3455,120,1,237.11,20
10354,3455,23,2,153.55,15
10355,3456,58,3,175.82,20
10356,3456,25,4,234.35,20
10357,3456,98,4,68.82,0
10358,3457,119,4,338.66,0
10359,3457,22,2,359.3,0
10360,3457,70,2,307.09,20
10361,3458,76,4,273.29,0
10362,3458,27,1,326.68,5
10363,3459,73,2,370.92,10
10364,3459,77,3,317.11,0
10365,3459,10,1,474.27,5
10366,3459,85,2,353.3,10
10367,3460,75,4,86.31,0
10368,3460,40,2,88.88,5
10369,3461,54,2,190.46,15
10370,3461,2,3,238.98,5
10371,3462,88,4,263.55,10
10372,3463,68,1,498.16,15
10373,3463,71,4,178.01,20
10374,3463,4,1,316.2,0
10375,3463,114,1,332.05,5
10376,3463,13,3,113.52,10
10377,3464,66,1,318.4,10
10378,3464,84,3,121.13,10
10379,3464,85,3,353.3,0
10380,3464,101,3,433.8,0
10381,3465,56,4,34.57,5
10382,3465,110,4,76.72,0
10383,3466,88,1,263.55,20
10384,3467,99,4,231.08,10
10385,3468,23,1,153.55,10
10386,3468,16,1,293.65,0
10387,3468,104,4,51.46,0
10388,3469,14,1,182.82,0
10389,3469,50,3,377.83,10
10390,3470,17,2,123.86,0
10391,3471,40,2,88.88,15
10392,3472,12,1,147.52,10
10393,3472,41,2,605.42,0
10394,3472,54,2,190.46,0
10395,3472,110,3,76.72,0
10396,3472,49,3,538.98,0
10397,3473,14,1,182.82,10
10398,3473,45,2,311.48,0
10399,3473,120,1,237.11,0
10400,3473,116,1,78.18,5
10401,3473,78,2,42.51,20
10402,3474,20,2,219.02,10
10403,3474,84,1,121.13,0
10404,3475,84,1,121.13,20
10405,3475,77,3,317.11,0
10406,3475,10,3,474.27,5
10407,3475,79,4,294.44,0
10408,3475,111,2,311.09,20
10409,3476,21,1,205.02,15
10410,3476,96,3,388.87,0
10411,3476,7,1,171.07,5
10412,3476,95,2,288.16,15
10413,3477,4,1,316.2,5
10414,3477,91,2,215.97,5
10415,3477,17,3,123.86,0
10416,3478,63,2,37.78,0
10417,3479,85,2,353.3,0
10418,3479,76,4,273.29,5
10419,3480,62,3,242.39,0
10420,3481,54,3,190.46,0
10421,3481,31,1,171.33,0
10422,3481,102,4,47.26,0
10423,3481,85,3,353.3,5
10424,3482,112,1,175.1,15
10425,3482,2,1,238.98,20
10426,3482,71,3,178.01,0
10427,3483,92,3,571.21,5
10428,3484,107,1,12.44,0
10429,3485,50,3,377.83,15
10430,3485,21,1,205.02,0
10431,3485,65,1,9.2,20
10432,3486,13,4,113.52,0
10433,3487,52,1,116.82,20
10434,3488,16,2,293.65,5
10435,3488,105,4,250.51,5
10436,3488,82,3,336.12,20
10437,3489,85,2,353.3,15
10438,3489,82,3,336.12,0
10439,3490,107,4,12.44,20
10440,3490,22,1,359.3,0
10441,3490,114,1,332.05,0
10442,3490,109,4,321.5,0
10443,3490,114,1,332.05,20
10444,3491,97,3,52.27,0
10445,3491,33,3,131.4,20
10446,3491,19,4,92.09,0
10447,3491,88,4,263.55,0
10448,3492,46,1,401.52,10
10449,3492,7,1,171.07,0
10450,3492,81,1,297.3,5
10451,3493,55,3,499.98,0
10452,3493,104,4,51.46,15
10453,3493,18,3,561.44,0
10454,3494,4,2,316.2,0
10455,3494,42,1,300.8,15
10456,3494,67,1,14.91,0
10457,3494,91,4,215.97,15
10458,3494,39,4,375.26,0
10459,3495,63,1,37.78,20
10460,3496,42,2,300.8,15
10461,3496,85,1,353.3,0
10462,3496,33,1,131.4,5
10463,3497,45,3,311.48,0
10464,3497,63,3,37.78,0
10465,3497,87,1,211.61,0
10466,3497,50,2,377.83,5
10467,3497,79,1,294.44,0
10468,3498,58,2,175.82,10
10469,3499,4,2,316.2,20
10470,3500,104,1,51.46,20
10471,3500,108,4,115.07,0
10472,3501,72,3,461.17,5
10473,3501,22,3,359.3,0
10474,3501,72,3,461.17,0
10475,3501,8,1,335.09,15
10476,3502,46,4,401.52,0
10477,3502,113,2,46.28,10
10478,3503,98,1,68.82,0
10479,3503,31,2,171.33,0
10480,3503,88,3,263.55,0
10481,3504,107,1,12.44,10
10482,3504,98,1,68.82,20
10483,3504,108,1,115.07,20
10484,3505,109,3,321.5,0
10485,3506,29,1,419.43,0
10486,3506,72,3,461.17,0
10487,3506,14,4,182.82,15
10488,3506,61,4,52.86,20
10489,3506,52,2,116.82,15
10490,3507,2,4,238.98,0
10491,3507,75,4,86.31,0
10492,3507,78,3,42.51,5
10493,3508,76,1,273.29,0
10494,3508,32,4,295.23,20
10495,3508,56,4,34.57,0
10496,3508,71,3,178.01,0
10497,3509,78,3,42.51,10
10498,3509,118,4,127.24,10
10499,3509,21,4,205.02,0
10500,3509,95,4,288.16,0
10501,3510,63,1,37.78,0
10502,3510,87,1,211.61,10
10503,3511,88,1,263.55,0
10504,3511,9,2,221.84,0
10505,3511,25,1,234.35,5
10506,3512,57,4,20.94,20
10507,3512,89,1,633.88,15
10508,3512,82,4,336.12,0
10509,3512,120,3,237.11,20
10510,3512,93,1,233.96,10
10511,3513,111,2,311.09,5
10512,3513,96,2,388.87,5
10513,3514,9,2,221.84,0
10514,3515,111,4,311.09,15
10515,3515,16,4,293.65,15
10516,3515,72,2,461.17,5
10517,3516,4,4,316.2,0
10518,3516,33,4,131.4,10
10519,3517,120,3,237.11,20
10520,3517,120,4,237.11,20
10521,3517,40,4,88.88,0
10522,3518,23,4,153.55,5
10523,3518,30,4,204.15,15
10524,3518,93,1,233.96,0
10525,3518,70,3,307.09,0
10526,3518,71,2,178.01,0
10527,3519,52,3,116.82,5
10528,3520,115,1,194.63,10
10529,3520,88,1,263.55,20
10530,3520,86,2,475.84,0
10531,3521,56,1,34.57,5
10532,3521,27,3,326.68,15
10533,3522,107,2,12.44,0
10534,3522,34,2,478.97,15
10535,3522,12,1,147.52,0
10536,3522,58,2,175.82,20
10537,3523,40,3,88.88,0
10538,3524,36,1,496.08,15
10539,3524,11,4,505.42,0
10540,3525,26,4,150.31,10
10541,3525,104,1,51.46,0
10542,3525,113,2,46.28,15
10543,3525,61,2,52.86,15
10544,3526,47,3,244.56,0
10545,3527,32,1,295.23,0
10546,3527,12,2,147.52,5
10547,3527,63,1,37.78,5
10548,3527,7,2,171.07,0
10549,3527,65,3,9.2,0
10550,3528,20,4,219.02,0
10551,3529,68,1,498.16,0
10552,3529,44,1,271.84,0
10553,3529,76,1,273.29,5
10554,3530,57,2,20.94,10
10555,3530,83,3,26.63,15
10556,3531,101,4,433.8,15
10557,3531,67,1,14.91,0
10558,3532,106,4,440.12,10
10559,3532,67,2,14.91,0
10560,3533,105,4,250.51,0
10561,3533,111,1,311.09,0
10562,3533,56,2,34.57,0
10563,3534,36,4,496.08,5
10564,3534,5,1,354.07,0
10565,3534,91,1,215.97,20
10566,3534,20,1,219.02,0
10567,3534,38,4,194.29,0
10568,3535,17,3,123.86,10
10569,3535,58,3,175.82,10
10570,3535,43,4,439.52,0
10571,3535,28,4,364.04,10
10572,3536,103,2,433.62,20
10573,3536,58,4,175.82,5
10574,3537,82,1,336.12,15
10575,3537,31,4,171.33,10
10576,3537,73,1,370.92,5
10577,3538,71,3,178.01,15
10578,3538,29,4,419.43,5
10579,3538,120,2,237.11,15
10580,3538,32,4,295.23,15
10581,3538,107,3,12.44,5
10582,3539,62,4,242.39,5
10583,3539,92,4,571.21,10
10584,3539,47,2,244.56,15
10585,3540,69,2,219.76,5
10586,3541,98,4,68.82,0
10587,3541,37,2,297.66,0
10588,3542,64,1,181.91,0
10589,3542,16,4,293.65,20
10590,3542,67,2,14.91,10
10591,3542,43,1,439.52,5
10592,3543,27,2,326.68,10
10593,3543,38,1,194.29,0
10594,3543,107,1,12.44,0
10595,3543,28,4,364.04,0
10596,3544,2,4,238.98,0
10597,3544,41,1,605.42,0
10598,3544,68,4,498.16,20
10599,3544,110,1,76.72,10
10600,3544,106,4,440.12,0
10601,3545,87,1,211.61,0
10602,3545,17,3,123.86,0
10603,3546,46,1,401.52,0
10604,3546,114,4,332.05,0
10605,3547,49,2,538.98,15
10606,3547,20,1,219.02,0
10607,3547,88,4,263.55,15
10608,3547,96,1,388.87,20
10609,3547,44,4,271.84,0
10610,3548,15,1,225.59,10
10611,3548,52,1,116.82,20
10612,3548,4,4,316.2,5
10613,3549,11,4,505.42,5
10614,3549,52,1,116.82,20
10615,3550,77,4,317.11,15
10616,3550,76,1,273.29,10
10617,3550,11,3,505.42,0
10618,3550,30,4,204.15,20
10619,3551,34,4,478.97,20
10620,3551,3,4,232.11,10
10621,3551,25,3,234.35,20
10622,3552,70,2,307.09,20
10623,3552,81,3,297.3,10
10624,3552,91,4,215.97,10
10625,3552,52,4,116.82,15
10626,3552,7,1,171.07,10
10627,3553,14,3,182.82,15
10628,3553,3,2,232.11,5
10629,3553,29,3,419.43,10
10630,3554,16,2,293.65,20
10631,3554,58,1,175.82,20
10632,3554,22,2,359.3,15
10633,3554,96,2,388.87,0
10634,3555,88,2,263.55,0
10635,3556,78,1,42.51,0
10636,3556,61,2,52.86,0
10637,3556,52,4,116.82,20
10638,3556,110,4,76.72,0
10639,3557,45,4,311.48,20
10640,3557,68,2,498.16,5
10641,3557,90,1,244.8,15
10642,3557,88,3,263.55,0
10643,3558,59,4,124.17,5
10644,3558,63,3,37.78,20
10645,3558,75,2,86.31,15
10646,3558,17,2,123.86,0
10647,3559,76,4,273.29,5
10648,3560,4,3,316.2,0
10649,3560,34,1,478.97,0
10650,3561,18,4,561.44,20
10651,3561,76,4,273.29,5
10652,3561,74,3,211.18,0
10653,3561,31,4,171.33,5
10654,3561,63,3,37.78,20
10655,3562,78,1,42.51,10
10656,3562,99,4,231.08,10
10657,3562,55,2,499.98,10
10658,3562,117,1,512.54,0
10659,3563,37,1,297.66,15
10660,3563,37,3,297.66,0
10661,3563,60,3,416.86,0
10662,3563,59,1,124.17,5
10663,3563,18,3,561.44,0
10664,3564,8,3,335.09,0
10665,3565,59,3,124.17,0
10666,3566,103,1,433.62,0
10667,3566,58,2,175.82,10
10668,3566,113,1,46.28,0
10669,3566,41,4,605.42,10
10670,3567,69,4,219.76,5
10671,3567,59,1,124.17,15
10672,3567,61,3,52.86,0
10673,3568,81,2,297.3,0
10674,3568,51,4,515.68,20
10675,3568,79,4,294.44,15
10676,3568,99,3,231.08,20
10677,3568,87,4,211.61,20
10678,3569,24,4,425.71,5
10679,3569,94,4,22.69,15
10680,3569,98,4,68.82,0
10681,3569,52,2,116.82,20
10682,3570,26,2,150.31,15
10683,3571,67,4,14.91,0
10684,3571,4,3,316.2,5
10685,3571,51,3,515.68,20
10686,3571,106,3,440.12,10
10687,3571,63,4,37.78,0
10688,3572,105,3,250.51,10
10689,3572,84,3,121.13,0
10690,3573,116,1,78.18,20
10691,3574,118,2,127.24,10
10692,3574,2,1,238.98,20
10693,3574,87,2,211.61,20
10694,3575,82,3,336.12,5
10695,3575,68,4,498.16,10
10696,3575,54,1,190.46,0
10697,3576,12,3,147.52,0
10698,3576,104,3,51.46,0
10699,3577,66,3,318.4,15
10700,3577,103,2,433.62,5
10701,3577,55,4,499.98,20
10702,3578,96,2,388.87,20
10703,3578,31,2,171.33,0
10704,3578,107,3,12.44,5
10705,3578,108,3,115.07,0
10706,3578,3,1,232.11,10
10707,3579,11,4,505.42,20
10708,3579,106,2,440.12,10
10709,3579,108,3,115.07,0
10710,3579,94,4,22.69,0
10711,3580,82,4,336.12,0
10712,3581,33,4,131.4,0
10713,3581,90,3,244.8,0
10714,3582,29,3,419.43,15
10715,3583,10,2,474.27,15
10716,3584,106,3,440.12,0
10717,3584,44,3,271.84,20
10718,3585,86,4,475.84,20
10719,3585,96,1,388.87,5
10720,3585,89,1,633.88,20
10721,3585,98,2,68.82,20
10722,3585,65,3,9.2,15
10723,3586,100,1,269.62,5
10724,3586,87,3,211.61,10
10725,3586,12,3,147.52,0
10726,3587,86,3,475.84,20
10727,3587,35,4,76.91,15
10728,3587,45,1,311.48,0
10729,3588,14,1,182.82,10
10730,3588,101,3,433.8,20
10731,3588,76,4,273.29,0
10732,3588,82,4,336.12,0
10733,3589,35,4,76.91,0
10734,3589,30,3,204.15,0
10735,3589,115,2,194.63,10
10736,3589,3,3,232.11,0
10737,3589,87,1,211.61,0
10738,3590,61,4,52.86,0
10739,3591,31,3,171.33,15
10740,3592,113,4,46.28,0
10741,3592,4,3,316.2,15
10742,3593,105,2,250.51,10
10743,3593,39,4,375.26,0
10744,3593,50,3,377.83,15
10745,3593,119,4,338.66,10
10746,3594,99,3,231.08,0
10747,3594,10,1,474.27,10
10748,3594,88,3,263.55,0
10749,3594,70,3,307.09,20
10750,3594,57,4,20.94,10
10751,3595,44,4,271.84,0
10752,3595,93,2,233.96,10
10753,3595,58,2,175.82,0
10754,3595,88,1,263.55,10
10755,3595,78,4,42.51,20
10756,3596,107,4,12.44,20
10757,3597,82,4,336.12,0
10758,3597,115,2,194.63,0
10759,3597,58,1,175.82,10
10760,3597,104,4,51.46,0
10761,3598,112,1,175.1,15
10762,3598,17,1,123.86,5
10763,3598,44,2,271.84,0
10764,3598,33,4,131.4,20
10765,3598,115,1,194.63,5
10766,3599,118,3,127.24,5
10767,3599,64,2,181.91,10
10768,3599,22,1,359.3,0
10769,3600,31,1,171.33,10
10770,3600,62,1,242.39,10
10771,3600,84,1,121.13,0
10772,3600,9,2,221.84,0
10773,3601,88,1,263.55,15
10774,3601,51,3,515.68,0
10775,3601,115,4,194.63,0
10776,3601,82,4,336.12,5
10777,3601,85,4,353.3,0
10778,3602,45,2,311.48,5
10779,3602,44,4,271.84,0
10780,3603,2,1,238.98,0
10781,3603,95,4,288.16,0
10782,3604,21,1,205.02,0
10783,3604,108,4,115.07,0
10784,3604,9,4,221.84,5
10785,3605,103,3,433.62,0
10786,3606,17,3,123.86,5
10787,3606,108,3,115.07,0
10788,3607,8,4,335.09,5
10789,3607,83,2,26.63,5
10790,3607,117,4,512.54,10
10791,3607,69,2,219.76,0
10792,3608,21,1,205.02,10
10793,3608,85,3,353.3,5
10794,3608,80,1,139.42,15
10795,3608,14,1,182.82,5
10796,3609,95,3,288.16,10
10797,3609,81,3,297.3,5
10798,3609,97,3,52.27,5
10799,3609,76,1,273.29,0
10800,3610,82,3,336.12,20
10801,3610,63,1,37.78,20
10802,3610,3,2,232.11,15
10803,3611,41,2,605.42,0
10804,3611,99,1,231.08,10
10805,3611,1,3,280.02,0
10806,3611,108,2,115.07,0
10807,3612,23,1,153.55,20
10808,3612,60,1,416.86,0
10809,3612,4,2,316.2,5
10810,3612,99,4,231.08,0
10811,3612,44,3,271.84,5
10812,3613,55,2,499.98,10
10813,3614,105,2,250.51,0
10814,3614,25,3,234.35,10
10815,3615,88,2,263.55,20
10816,3615,4,1,316.2,20
10817,3616,69,4,219.76,15
10818,3617,39,2,375.26,0
10819,3617,51,3,515.68,15
10820,3617,107,4,12.44,5
10821,3618,67,1,14.91,0
10822,3618,73,1,370.92,20
10823,3618,85,4,353.3,5
10824,3618,116,4,78.18,0
10825,3619,62,2,242.39,20
10826,3619,84,4,121.13,0
10827,3619,10,1,474.27,5
10828,3619,98,1,68.82,5
10829,3620,13,3,113.52,5
10830,3620,114,2,332.05,0
10831,3620,112,3,175.1,5
10832,3621,24,3,425.71,0
10833,3621,41,4,605.42,5
10834,3621,119,4,338.66,10
10835,3622,88,3,263.55,0
10836,3622,50,4,377.83,0
10837,3623,13,3,113.52,15
10838,3624,87,4,211.61,20
10839,3625,94,2,22.69,0
10840,3625,29,1,419.43,15
10841,3625,40,4,88.88,5
10842,3625,20,3,219.02,15
10843,3626,91,3,215.97,15
10844,3626,88,2,263.55,0
10845,3626,103,3,433.62,0
10846,3626,51,2,515.68,20
10847,3626,88,1,263.55,5
10848,3627,51,1,515.68,15
10849,3627,107,2,12.44,0
10850,3627,120,1,237.11,0
10851,3627,11,2,505.42,0
10852,3628,42,4,300.8,10
10853,3628,8,4,335.09,5
10854,3629,13,4,113.52,5
10855,3629,50,2,377.83,0
10856,3629,103,4,433.62,15
10857,3630,39,2,375.26,10
10858,3630,82,2,336.12,0
10859,3630,51,2,515.68,15
10860,3630,39,4,375.26,0
10861,3631,72,1,461.17,10
10862,3631,40,3,88.88,0
10863,3632,29,1,419.43,20
10864,3632,119,2,338.66,0
10865,3633,52,2,116.82,0
10866,3633,1,3,280.02,20
10867,3633,14,4,182.82,20
10868,3633,96,3,388.87,0
10869,3634,39,4,375.26,20
10870,3634,79,4,294.44,10
10871,3635,62,3,242.39,0
10872,3636,81,3,297.3,0
10873,3636,34,4,478.97,0
10874,3637,104,4,51.46,0
10875,3637,88,3,263.55,15
10876,3637,68,1,498.16,5
10877,3638,15,2,225.59,10
10878,3638,86,2,475.84,0
10879,3638,23,4,153.55,5
10880,3639,37,2,297.66,15
10881,3639,118,2,127.24,0
10882,3639,47,2,244.56,0
10883,3639,106,1,440.12,5
10884,3639,112,1,175.1,15
10885,3640,90,3,244.8,0
10886,3640,53,1,240.08,20
10887,3640,34,1,478.97,0
10888,3640,83,1,26.63,0
10889,3641,83,1,26.63,15
10890,3641,22,2,359.3,20
10891,3641,41,3,605.42,0
10892,3641,72,1,461.17,15
10893,3641,13,2,113.52,5
10894,3642,118,3,127.24,5
10895,3643,1,1,280.02,15
10896,3643,58,3,175.82,0
10897,3643,63,3,37.78,0
10898,3643,117,1,512.54,15
10899,3643,25,1,234.35,20
10900,3644,34,1,478.97,10
10901,3644,80,4,139.42,0
10902,3644,72,3,461.17,0
10903,3644,20,2,219.02,5
10904,3645,72,4,461.17,0
10905,3645,68,1,498.16,0
10906,3645,31,4,171.33,0
10907,3646,2,3,238.98,10
10908,3646,70,1,307.09,15
10909,3646,112,1,175.1,20
10910,3646,68,1,498.16,0
10911,3646,90,2,244.8,0
10912,3647,51,4,515.68,15
10913,3647,21,2,205.02,0
10914,3647,117,2,512.54,0
10915,3647,59,1,124.17,0
10916,3647,110,1,76.72,20
10917,3648,60,4,416.86,15
10918,3648,51,2,515.68,0
10919,3648,47,3,244.56,0
10920,3648,45,1,311.48,10
10921,3648,72,1,461.17,5
10922,3649,107,3,12.44,20
10923,3649,106,2,440.12,15
10924,3650,40,2,88.88,15
10925,3650,113,4,46.28,0
10926,3651,79,3,294.44,0
10927,3651,78,1,42.51,0
10928,3651,79,2,294.44,20
10929,3652,65,3,9.2,5
10930,3652,109,2,321.5,10
10931,3652,84,2,121.13,0
10932,3652,52,2,116.82,15
10933,3652,67,1,14.91,5
10934,3653,63,3,37.78,0
10935,3653,3,2,232.11,10
10936,3653,53,1,240.08,0
10937,3653,93,1,233.96,20
10938,3653,113,3,46.28,0
10939,3654,84,1,121.13,0
10940,3654,60,1,416.86,0
10941,3655,79,1,294.44,5
10942,3655,81,2,297.3,10
10943,3655,36,3,496.08,20
10944,3655,67,3,14.91,10
10945,3655,95,4,288.16,0
10946,3656,54,2,190.46,10
10947,3656,117,4,512.54,0
10948,3657,107,1,12.44,10
10949,3658,11,4,505.42,0
10950,3659,85,2,353.3,0
10951,3659,45,3,311.48,20
10952,3660,35,4,76.91,20
10953,3660,77,1,317.11,0
10954,3660,14,3,182.82,15
10955,3660,84,1,121.13,0
10956,3660,100,2,269.62,5
10957,3661,101,4,433.8,15
10958,3661,5,1,354.07,0
10959,3661,117,3,512.54,0
10960,3662,116,2,78.18,0
10961,3662,89,3,633.88,20
10962,3662,55,1,499.98,10
10963,3662,47,4,244.56,15
10964,3663,59,4,124.17,0
10965,3663,115,1,194.63,15
10966,3663,69,2,219.76,0
10967,3664,13,1,113.52,0
10968,3664,92,4,571.21,0
10969,3664,35,4,76.91,0
10970,3664,81,1,297.3,10
10971,3664,2,3,238.98,20
10972,3665,100,4,269.62,0
10973,3665,59,2,124.17,0
10974,3665,100,4,269.62,10
10975,3666,47,3,244.56,0
10976,3666,18,3,561.44,10
10977,3666,53,3,240.08,5
10978,3666,113,3,46.28,0
10979,3667,62,2,242.39,15
10980,3667,52,3,116.82,20
10981,3667,66,4,318.4,0
10982,3667,29,1,419.43,0
10983,3667,7,2,171.07,0
10984,3668,31,3,171.33,5
10985,3668,80,3,139.42,0
10986,3669,37,1,297.66,15
10987,3670,28,2,364.04,5
10988,3670,6,4,166.81,10
10989,3670,117,3,512.54,15
10990,3670,14,1,182.82,10
10991,3671,110,3,76.72,15
10992,3671,79,3,294.44,0
10993,3671,73,3,370.92,0
10994,3671,23,1,153.55,15
10995,3672,59,4,124.17,15
10996,3672,12,1,147.52,10
10997,3672,1,1,280.02,15
10998,3672,89,4,633.88,5
10999,3672,90,4,244.8,0
11000,3673,80,1,139.42,20
11001,3673,76,3,273.29,10
11002,3673,20,4,219.02,0
11003,3673,34,2,478.97,15
11004,3673,54,3,190.46,5
11005,3674,90,2,244.8,15
11006,3674,65,4,9.2,0
11007,3674,51,1,515.68,15
11008,3674,119,4,338.66,20
11009,3675,70,3,307.09,0
11010,3676,93,1,233.96,15
11011,3676,58,1,175.82,15
11012,3677,54,1,190.46,0
11013,3677,41,4,605.42,0
11014,3678,48,4,242.0,5
11015,3678,74,3,211.18,0
11016,3678,73,1,370.92,15
11017,3678,22,4,359.3,10
11018,3678,12,2,147.52,0
11019,3679,101,2,433.8,0
11020,3680,98,3,68.82,0
11021,3680,75,2,86.31,0
11022,3681,37,3,297.66,0
11023,3681,108,4,115.07,0
11024,3682,35,2,76.91,0
11025,3682,14,3,182.82,10
11026,3682,17,4,123.86,0
11027,3682,18,4,561.44,15
11028,3683,17,1,123.86,0
11029,3684,36,2,496.08,0
11030,3684,36,4,496.08,0
11031,3684,24,4,425.71,0
11032,3685,82,2,336.12,10
11033,3685,104,4,51.46,0
11034,3685,104,2,51.46,0
11035,3685,20,1,219.02,0
11036,3686,45,1,311.48,5
11037,3686,17,2,123.86,15
11038,3687,69,3,219.76,0
11039,3687,50,1,377.83,15
11040,3687,114,2,332.05,20
11041,3688,113,2,46.28,0
11042,3688,5,3,354.07,15
11043,3689,15,2,225.59,10
11044,3690,18,4,561.44,0
11045,3690,109,2,321.5,0
11046,3690,35,1,76.91,10
11047,3690,63,1,37.78,20
11048,3690,48,4,242.0,10
11049,3691,52,2,116.82,10
11050,3691,48,1,242.0,10
11051,3691,99,2,231.08,10
11052,3692,68,4,498.16,10
11053,3692,72,1,461.17,0
11054,3692,112,3,175.1,15
11055,3693,59,2,124.17,5
11056,3694,39,3,375.26,5
11057,3695,2,3,238.98,5
11058,3695,87,4,211.61,0
11059,3695,101,3,433.8,10
11060,3696,69,4,219.76,20
11061,3696,76,4,273.29,20
11062,3696,102,2,47.26,0
11063,3697,3,1,232.11,5
11064,3697,31,1,171.33,10
11065,3698,95,2,288.16,5
11066,3699,109,3,321.5,15
11067,3700,105,2,250.51,0
11068,3700,21,4,205.02,15
11069,3701,82,3,336.12,0
11070,3701,39,2,375.26,0
11071,3702,3,2,232.11,0
11072,3702,89,2,633.88,20
11073,3703,58,2,175.82,10
11074,3703,85,2,353.3,0
11075,3704,73,1,370.92,15
11076,3704,120,2,237.11,0
11077,3704,30,2,204.15,10
11078,3704,42,4,300.8,0
11079,3705,36,4,496.08,15
11080,3705,63,4,37.78,0
11081,3705,8,4,335.09,5
11082,3705,75,3,86.31,0
11083,3705,49,1,538.98,0
11084,3706,77,1,317.11,5
11085,3707,117,1,512.54,15
11086,3707,43,4,439.52,5
11087,3708,55,2,499.98,10
11088,3708,19,3,92.09,0
11089,3709,111,4,311.09,0
11090,3709,70,2,307.09,15
11091,3709,39,2,375.26,10
11092,3709,20,1,219.02,0
11093,3710,68,2,498.16,0
11094,3710,67,1,14.91,0
11095,3711,4,4,316.2,0
11096,3711,63,1,37.78,20
11097,3711,75,3,86.31,20
11098,3711,109,1,321.5,15
11099,3711,88,1,263.55,0
11100,3712,24,2,425.71,0
11101,3712,104,3,51.46,5
11102,3713,116,3,78.18,0
11103,3713,36,4,496.08,0
11104,3714,36,1,496.08,0
11105,3714,119,2,338.66,20
11106,3714,44,2,271.84,0
11107,3714,92,4,571.21,10
11108,3715,3,3,232.11,0
11109,3715,98,1,68.82,10
11110,3715,82,3,336.12,0
11111,3715,72,4,461.17,0
11112,3715,74,3,211.18,0
11113,3716,95,2,288.16,0
11114,3716,1,4,280.02,0
11115,3717,65,3,9.2,5
11116,3717,88,4,263.55,0
11117,3717,60,3,416.86,0
11118,3718,83,4,26.63,20
11119,3718,47,1,244.56,10
11120,3718,82,4,336.12,10
11121,3719,105,2,250.51,15
11122,3719,88,3,263.55,20
11123,3719,103,3,433.62,15
11124,3720,23,3,153.55,0
11125,3720,19,4,92.09,15
11126,3720,53,4,240.08,5
11127,3720,115,1,194.63,20
11128,3721,52,3,116.82,5
11129,3721,5,2,354.07,0
11130,3721,55,3,499.98,0
11131,3721,108,3,115.07,20
11132,3721,99,3,231.08,20
11133,3722,109,2,321.5,0
11134,3722,53,1,240.08,0
11135,3722,29,3,419.43,20
11136,3723,114,3,332.05,0
11137,3723,102,1,47.26,0
11138,3724,80,3,139.42,0
11139,3725,95,4,288.16,0
11140,3725,76,4,273.29,0
11141,3726,38,3,194.29,0
11142,3726,65,4,9.2,15
11143,3726,120,2,237.11,0
11144,3726,60,1,416.86,5
11145,3727,18,3,561.44,20
11146,3728,82,3,336.12,0
11147,3728,14,1,182.82,15
11148,3728,66,4,318.4,0
11149,3728,92,1,571.21,0
11150,3728,36,3,496.08,10
11151,3729,89,1,633.88,15
11152,3729,108,3,115.07,10
11153,3730,92,4,571.21,0
11154,3731,6,3,166.81,15
11155,3731,27,1,326.68,0
11156,3731,103,3,433.62,0
11157,3731,101,1,433.8,0
11158,3732,5,4,354.07,5
11159,3732,2,4,238.98,5
11160,3732,104,3,51.46,15
11161,3733,120,1,237.11,0
11162,3733,52,1,116.82,10
11163,3733,45,1,311.48,0
11164,3734,9,3,221.84,20
11165,3734,30,4,204.15,0
11166,3735,23,4,153.55,20
11167,3735,13,3,113.52,0
11168,3735,97,3,52.27,10
11169,3735,25,3,234.35,0
11170,3736,81,3,297.3,15
11171,3737,109,1,321.5,5
11172,3738,19,3,92.09,15
11173,3738,5,3,354.07,0
11174,3738,105,2,250.51,0
11175,3738,119,1,338.66,10
11176,3739,17,3,123.86,20
11177,3739,30,2,204.15,5
11178,3739,5,1,354.07,15
11179,3739,2,2,238.98,20
11180,3739,10,1,474.27,20
11181,3740,88,1,263.55,0
11182,3740,107,4,12.44,15
11183,3740,15,2,225.59,15
11184,3740,90,2,244.8,10
11185,3740,67,4,14.91,20
11186,3741,80,2,139.42,20
11187,3741,46,3,401.52,15
11188,3741,25,3,234.35,15
11189,3742,62,2,242.39,10
11190,3742,120,4,237.11,15
11191,3743,9,1,221.84,0
11192,3743,43,1,439.52,20
11193,3743,22,2,359.3,15
11194,3743,113,4,46.28,0
11195,3743,105,3,250.51,0
11196,3744,30,4,204.15,5
11197,3744,59,1,124.17,0
11198,3744,64,1,181.91,10
11199,3744,89,2,633.88,0
11200,3744,7,2,171.07,15
11201,3745,46,4,401.52,10
11202,3746,50,1,377.83,20
11203,3746,91,4,215.97,15
11204,3746,21,1,205.02,0
11205,3746,58,2,175.82,10
11206,3747,8,4,335.09,10
11207,3747,55,1,499.98,0
11208,3747,109,1,321.5,10
11209,3747,35,1,76.91,15
11210,3748,51,4,515.68,0
11211,3748,97,4,52.27,0
11212,3748,100,4,269.62,0
11213,3748,114,2,332.05,0
11214,3749,90,4,244.8,15
11215,3749,64,4,181.91,0
11216,3749,102,3,47.26,0
11217,3749,3,1,232.11,15
11218,3750,6,4,166.81,15
11219,3750,80,2,139.42,0
11220,3751,115,4,194.63,0
11221,3751,40,1,88.88,10
11222,3751,74,3,211.18,20
11223,3752,51,1,515.68,0
11224,3753,57,4,20.94,0
11225,3754,79,2,294.44,5
11226,3754,64,3,181.91,10
11227,3754,2,2,238.98,0
11228,3755,16,4,293.65,5
11229,3756,36,2,496.08,20
11230,3757,46,2,401.52,0
11231,3757,80,3,139.42,0
11232,3757,92,2,571.21,20
11233,3757,72,4,461.17,0
11234,3758,38,4,194.29,5
11235,3758,109,3,321.5,5
11236,3758,61,3,52.86,20
11237,3758,27,3,326.68,0
11238,3759,37,2,297.66,10
11239,3759,120,2,237.11,5
11240,3759,1,1,280.02,0
11241,3759,8,4,335.09,10
11242,3760,110,1,76.72,0
11243,3761,33,1,131.4,20
11244,3761,99,4,231.08,0
11245,3762,91,3,215.97,0
11246,3762,114,4,332.05,5
11247,3762,11,1,505.42,5
11248,3762,113,4,46.28,0
11249,3763,37,4,297.66,15
11250,3763,10,4,474.27,15
11251,3763,19,2,92.09,15
11252,3763,22,4,359.3,15
11253,3763,108,4,115.07,0
11254,3764,22,4,359.3,0
11255,3765,46,3,401.52,10
11256,3765,19,1,92.09,15
11257,3765,68,3,498.16,5
11258,3765,70,4,307.09,0
11259,3766,58,3,175.82,0
11260,3766,25,1,234.35,10
11261,3766,6,2,166.81,0
11262,3766,70,3,307.09,10
11263,3766,57,4,20.94,0
11264,3767,86,4,475.84,0
11265,3767,49,1,538.98,10
11266,3768,100,4,269.62,10
11267,3768,40,4,88.88,5
11268,3769,24,1,425.71,0
11269,3769,21,3,205.02,10
11270,3769,22,4,359.3,10
11271,3770,41,1,605.42,20
11272,3771,63,4,37.78,15
11273,3771,1,4,280.02,0
11274,3771,12,1,147.52,5
11275,3771,115,4,194.63,20
11276,3772,91,3,215.97,0
11277,3772,95,3,288.16,20
11278,3773,72,3,461.17,0
11279,3773,90,1,244.8,15
11280,3774,113,4,46.28,0
11281,3774,68,2,498.16,15
11282,3775,16,3,293.65,0
11283,3775,78,4,42.51,0
11284,3775,18,4,561.44,20
11285,3775,43,2,439.52,0
11286,3775,88,2,263.55,20
11287,3776,115,1,194.63,10
11288,3776,6,3,166.81,15
11289,3776,68,4,498.16,10
11290,3776,55,1,499.98,0
11291,3777,120,3,237.11,20
11292,3777,41,1,605.42,0
11293,3778,45,3,311.48,20
11294,3778,12,2,147.52,0
11295,3778,100,4,269.62,10
11296,3779,19,3,92.09,0
11297,3779,59,3,124.17,0
11298,3779,68,2,498.16,0
11299,3780,84,1,121.13,5
11300,3781,1,1,280.02,20
11301,3781,42,2,300.8,15
11302,3781,41,4,605.42,20
11303,3782,110,4,76.72,0
11304,3782,28,4,364.04,0
11305,3782,35,2,76.91,0
11306,3782,61,3,52.86,0
11307,3783,79,3,294.44,5
11308,3783,54,1,190.46,15
11309,3784,39,3,375.26,0
11310,3784,57,2,20.94,15
11311,3784,58,3,175.82,15
11312,3784,64,4,181.91,0
11313,3785,4,1,316.2,5
11314,3785,86,3,475.84,20
11315,3785,12,4,147.52,0
11316,3785,4,1,316.2,0
11317,3786,116,3,78.18,10
11318,3786,84,4,121.13,20
11319,3787,61,4,52.86,5
11320,3787,49,3,538.98,0
11321,3787,1,2,280.02,0
11322,3787,39,4,375.26,20
11323,3787,16,3,293.65,0
11324,3788,100,2,269.62,10
11325,3789,44,2,271.84,10
11326,3789,29,4,419.43,5
11327,3789,47,4,244.56,0
11328,3789,59,3,124.17,20
11329,3790,75,2,86.31,10
11330,3790,58,3,175.82,10
11331,3790,46,3,401.52,0
11332,3791,34,4,478.97,0
11333,3791,43,3,439.52,0
11334,3791,64,4,181.91,0
11335,3791,65,2,9.2,10
11336,3791,85,1,353.3,0
11337,3792,22,4,359.3,0
11338,3792,35,2,76.91,10
11339,3792,70,3,307.09,15
11340,3792,19,4,92.09,0
11341,3792,109,3,321.5,20
11342,3793,29,1,419.43,0
11343,3793,106,4,440.12,15
11344,3793,31,3,171.33,0
11345,3794,105,1,250.51,0
11346,3794,90,4,244.8,10
11347,3794,68,4,498.16,15
11348,3795,70,4,307.09,5
11349,3796,104,4,51.46,0
11350,3796,15,3,225.59,5
11351,3796,71,4,178.01,0
11352,3796,62,1,242.39,0
11353,3797,28,4,364.04,5
11354,3797,109,1,321.5,0
11355,3797,95,4,288.16,0
11356,3797,9,3,221.84,0
11357,3798,51,4,515.68,5
11358,3799,80,4,139.42,5
11359,3799,113,4,46.28,0
11360,3799,120,1,237.11,10
11361,3799,18,2,561.44,0
11362,3800,84,4,121.13,5
11363,3800,6,4,166.81,0
11364,3800,51,4,515.68,0
11365,3800,82,3,336.12,10
11366,3801,59,3,124.17,15
11367,3801,23,2,153.55,0
11368,3801,20,1,219.02,0
11369,3802,100,4,269.62,0
11370,3802,33,3,131.4,0
11371,3803,113,3,46.28,10
11372,3803,24,2,425.71,0
11373,3803,72,1,461.17,20
11374,3804,1,4,280.02,20
11375,3804,4,4,316.2,5
11376,3804,61,4,52.86,15
11377,3804,78,2,42.51,20
11378,3804,112,1,175.1,0
11379,3805,25,4,234.35,0
11380,3805,21,3,205.02,0
11381,3806,105,1,250.51,0
11382,3806,13,2,113.52,0
11383,3807,9,3,221.84,10
11384,3807,76,3,273.29,20
11385,3807,74,4,211.18,5
11386,3807,6,2,166.81,0
11387,3807,90,4,244.8,0
11388,3808,24,1,425.71,0
11389,3808,116,3,78.18,20
11390,3809,101,4,433.8,20
11391,3809,61,2,52.86,5
11392,3810,86,3,475.84,15
11393,3810,40,1,88.88,0
11394,3810,85,4,353.3,0
11395,3811,18,1,561.44,5
11396,3811,106,1,440.12,0
11397,3811,18,3,561.44,0
11398,3811,79,2,294.44,20
11399,3811,10,1,474.27,10
11400,3812,83,3,26.63,0
11401,3812,56,4,34.57,10
11402,3813,65,4,9.2,0
11403,3813,112,1,175.1,0
11404,3814,79,2,294.44,10
11405,3814,97,1,52.27,0
11406,3814,48,1,242.0,20
11407,3814,86,3,475.84,10
11408,3814,45,3,311.48,5
11409,3815,93,4,233.96,10
11410,3816,1,3,280.02,15
11411,3817,16,3,293.65,0
11412,3817,118,2,127.24,5
11413,3818,95,1,288.16,0
11414,3819,17,1,123.86,20
11415,3819,88,4,263.55,10
11416,3819,95,1,288.16,10
11417,3819,49,1,538.98,10
11418,3819,111,1,311.09,0
11419,3820,90,2,244.8,0
11420,3820,117,3,512.54,10
11421,3820,39,2,375.26,20
11422,3821,54,1,190.46,0
11423,3822,3,4,232.11,0
11424,3822,27,3,326.68,0
11425,3822,81,2,297.3,15
11426,3822,35,4,76.91,0
11427,3823,48,2,242.0,0
11428,3824,56,2,34.57,0
11429,3824,87,1,211.61,20
11430,3824,103,3,433.62,10
11431,3825,42,3,300.8,0
11432,3825,88,4,263.55,10
11433,3825,94,2,22.69,0
11434,3826,97,3,52.27,0
11435,3826,11,2,505.42,0
11436,3826,26,1,150.31,15
11437,3826,1,2,280.02,10
11438,3827,80,3,139.42,0
11439,3828,68,1,498.16,0
11440,3828,89,2,633.88,10
11441,3828,34,2,478.97,10
11442,3828,2,1,238.98,20
11443,3829,62,2,242.39,10
11444,3829,92,1,571.21,0
11445,3829,62,1,242.39,0
11446,3830,71,4,178.01,10
11447,3830,83,3,26.63,10
11448,3830,46,2,401.52,15
11449,3831,10,2,474.27,0
11450,3831,3,3,232.11,15
11451,3831,84,1,121.13,0
11452,3831,2,3,238.98,0
11453,3831,96,1,388.87,10
11454,3832,1,1,280.02,0
11455,3833,88,2,263.55,15
11456,3833,33,1,131.4,0
11457,3834,41,3,605.42,0
11458,3834,90,4,244.8,0
11459,3835,13,2,113.52,15
11460,3835,92,4,571.21,0
11461,3835,9,1,221.84,10
11462,3836,14,4,182.82,20
11463,3836,56,1,34.57,0
11464,3836,13,3,113.52,10
11465,3837,77,4,317.11,15
11466,3838,16,4,293.65,20
11467,3838,101,4,433.8,15
11468,3839,1,1,280.02,0
11469,3840,75,4,86.31,0
11470,3840,48,4,242.0,15
11471,3840,60,2,416.86,0
11472,3840,29,2,419.43,5
11473,3841,51,2,515.68,0
11474,3841,103,1,433.62,15
11475,3841,63,3,37.78,15
11476,3842,87,1,211.61,0
11477,3842,94,3,22.69,0
11478,3842,79,3,294.44,0
11479,3842,68,1,498.16,5
11480,3842,70,2,307.09,5
11481,3843,90,4,244.8,0
11482,3844,75,1,86.31,0
11483,3844,95,4,288.16,20
11484,3844,74,1,211.18,0
11485,3845,92,3,571.21,0
11486,3845,80,4,139.42,0
11487,3845,32,3,295.23,0
11488,3846,19,3,92.09,20
11489,3846,68,4,498.16,15
11490,3846,86,2,475.84,10
11491,3847,10,4,474.27,0
11492,3847,50,3,377.83,20
11493,3847,14,2,182.82,15
11494,3847,34,2,478.97,0
11495,3847,40,3,88.88,20
11496,3848,98,4,68.82,0
11497,3848,93,3,233.96,0
11498,3848,8,2,335.09,0
11499,3849,15,1,225.59,0
11500,3850,11,3,505.42,0
11501,3850,60,4,416.86,10
11502,3851,18,2,561.44,5
11503,3851,61,1,52.86,15
11504,3851,17,4,123.86,0
11505,3851,95,3,288.16,10
11506,3851,60,4,416.86,10
11507,3852,120,4,237.11,15
11508,3852,24,3,425.71,5
11509,3852,86,4,475.84,15
11510,3852,100,3,269.62,0
11511,3852,9,2,221.84,0
11512,3853,58,2,175.82,15
11513,3853,58,4,175.82,0
11514,3853,28,4,364.04,10
11515,3853,4,1,316.2,5
11516,3854,85,3,353.3,15
11517,3855,105,1,250.51,15
11518,3855,37,2,297.66,0
11519,3855,90,3,244.8,10
11520,3855,93,2,233.96,0
11521,3856,104,3,51.46,0
11522,3857,95,4,288.16,0
11523,3857,87,3,211.61,5
11524,3857,75,4,86.31,0
11525,3857,63,1,37.78,0
11526,3858,70,4,307.09,0
11527,3858,31,1,171.33,0
11528,3858,64,1,181.91,0
11529,3858,83,3,26.63,10
11530,3859,52,2,116.82,15
11531,3859,108,3,115.07,0
11532,3860,109,2,321.5,5
11533,3860,9,3,221.84,5
11534,3860,83,4,26.63,0
11535,3860,111,1,311.09,10
11536,3860,86,1,475.84,0
11537,3861,68,3,498.16,15
11538,3861,40,3,88.88,0
11539,3861,8,2,335.09,15
11540,3861,63,3,37.78,20
11541,3862,57,2,20.94,5
11542,3862,50,4,377.83,0
11543,3863,15,1,225.59,10
11544,3863,68,1,498.16,5
11545,3863,9,2,221.84,15
11546,3863,63,4,37.78,15
11547,3864,57,3,20.94,0
11548,3864,90,2,244.8,5
11549,3864,115,2,194.63,15
11550,3864,32,1,295.23,15
11551,3865,110,3,76.72,0
11552,3865,105,2,250.51,20
11553,3865,43,3,439.52,15
11554,3866,59,1,124.17,15
11555,3866,59,1,124.17,5
11556,3866,115,4,194.63,15
11557,3866,8,3,335.09,15
11558,3866,82,3,336.12,0
11559,3867,14,3,182.82,0
11560,3867,20,4,219.02,0
11561,3868,74,3,211.18,5
11562,3868,58,2,175.82,0
11563,3869,42,1,300.8,5
11564,3869,61,3,52.86,15
11565,3870,40,2,88.88,20
11566,3870,113,3,46.28,0
11567,3870,57,3,20.94,0
11568,3870,65,2,9.2,20
11569,3871,1,4,280.02,0
11570,3872,44,2,271.84,15
11571,3872,8,1,335.09,15
11572,3872,36,4,496.08,5
11573,3872,7,4,171.07,5
11574,3873,74,2,211.18,0
11575,3874,25,2,234.35,0
11576,3874,48,1,242.0,5
11577,3874,94,3,22.69,0
11578,3874,51,4,515.68,15
11579,3874,15,3,225.59,10
11580,3875,33,3,131.4,0
11581,3875,14,1,182.82,20
11582,3875,5,2,354.07,0
11583,3875,69,4,219.76,5
11584,3876,19,2,92.09,0
11585,3876,13,3,113.52,0
11586,3876,90,4,244.8,0
11587,3876,16,4,293.65,5
11588,3877,56,3,34.57,0
11589,3877,11,3,505.42,15
11590,3877,102,2,47.26,0
11591,3877,116,2,78.18,0
11592,3877,5,4,354.07,20
11593,3878,120,4,237.11,5
11594,3879,120,3,237.11,10
11595,3879,73,2,370.92,15
11596,3879,52,4,116.82,0
11597,3879,22,4,359.3,0
11598,3879,11,4,505.42,20
11599,3880,116,1,78.18,0
11600,3880,14,1,182.82,20
11601,3881,20,2,219.02,10
11602,3881,29,3,419.43,0
11603,3881,19,2,92.09,5
11604,3881,64,3,181.91,0
11605,3881,35,3,76.91,20
11606,3882,36,4,496.08,10
11607,3882,33,4,131.4,0
11608,3882,36,1,496.08,15
11609,3883,42,3,300.8,0
11610,3883,60,2,416.86,0
11611,3883,85,4,353.3,0
11612,3884,79,1,294.44,0
11613,3884,61,4,52.86,0
11614,3884,7,2,171.07,10
11615,3884,110,4,76.72,15
11616,3885,97,3,52.27,0
11617,3886,59,1,124.17,0
11618,3886,2,2,238.98,0
11619,3886,53,2,240.08,0
11620,3886,58,2,175.82,20
11621,3887,2,3,238.98,10
11622,3887,98,3,68.82,20
11623,3887,12,1,147.52,10
11624,3887,76,1,273.29,5
11625,3888,63,1,37.78,20
11626,3888,15,1,225.59,20
11627,3888,63,3,37.78,0
11628,3888,24,3,425.71,10
11629,3889,10,4,474.27,10
11630,3889,38,2,194.29,20
11631,3889,19,2,92.09,20
11632,3889,78,2,42.51,0
11633,3889,32,3,295.23,0
11634,3890,12,4,147.52,5
11635,3890,48,4,242.0,0
11636,3890,21,3,205.02,20
11637,3890,117,3,512.54,20
11638,3891,75,2,86.31,0
11639,3891,85,3,353.3,0
11640,3891,66,2,318.4,15
11641,3891,105,2,250.51,5
11642,3892,24,4,425.71,5
11643,3892,67,4,14.91,5
11644,3892,83,1,26.63,10
11645,3892,3,4,232.11,10
11646,3892,48,4,242.0,0
11647,3893,63,3,37.78,0
11648,3893,79,2,294.44,15
11649,3894,80,2,139.42,10
11650,3895,19,1,92.09,0
11651,3895,103,4,433.62,0
11652,3895,58,2,175.82,5
11653,3896,88,4,263.55,15
11654,3896,91,3,215.97,20
11655,3897,95,2,288.16,10
11656,3897,32,2,295.23,5
11657,3897,94,2,22.69,0
11658,3897,97,3,52.27,0
11659,3898,107,3,12.44,10
11660,3898,65,1,9.2,15
11661,3898,117,4,512.54,0
11662,3898,86,1,475.84,10
11663,3898,103,1,433.62,10
11664,3899,30,4,204.15,15
11665,3899,23,4,153.55,0
11666,3900,62,3,242.39,10
11667,3900,34,2,478.97,5
11668,3901,14,3,182.82,0
11669,3901,31,2,171.33,0
11670,3902,100,2,269.62,10
11671,3902,120,4,237.11,0
11672,3903,55,1,499.98,10
11673,3904,29,2,419.43,10
11674,3905,109,2,321.5,15
11675,3905,74,4,211.18,5
11676,3905,96,3,388.87,5
11677,3906,85,1,353.3,5
11678,3906,20,2,219.02,15
11679,3907,43,3,439.52,20
11680,3907,7,4,171.07,0
11681,3907,56,3,34.57,20
11682,3907,9,4,221.84,5
11683,3908,10,4,474.27,20
11684,3908,53,4,240.08,5
11685,3908,8,2,335.09,0
11686,3908,26,4,150.31,0
11687,3908,40,3,88.88,15
11688,3909,26,3,150.31,0
11689,3909,38,1,194.29,20
11690,3909,54,2,190.46,5
11691,3910,91,3,215.97,0
11692,3910,24,2,425.71,0
11693,3910,110,2,76.72,15
11694,3911,66,1,318.4,15
11695,3911,94,1,22.69,0
11696,3912,5,2,354.07,10
11697,3913,2,2,238.98,0
11698,3913,22,4,359.3,0
11699,3913,4,3,316.2,0
11700,3914,94,2,22.69,15
11701,3914,91,3,215.97,0
11702,3914,9,4,221.84,0
11703,3914,78,1,42.51,5
11704,3915,90,3,244.8,20
11705,3916,42,3,300.8,0
11706,3916,63,4,37.78,10
11707,3917,18,3,561.44,0
11708,3917,99,1,231.08,0
11709,3917,119,3,338.66,0
11710,3917,59,1,124.17,15
11711,3917,72,4,461.17,10
11712,3918,11,4,505.42,15
11713,3918,23,3,153.55,0
11714,3918,77,2,317.11,0
11715,3918,118,3,127.24,0
11716,3918,32,4,295.23,0
11717,3919,101,2,433.8,5
11718,3920,55,1,499.98,0
11719,3921,97,2,52.27,5
11720,3921,61,1,52.86,0
11721,3921,64,3,181.91,5
11722,3921,1,4,280.02,10
11723,3922,14,4,182.82,20
11724,3922,68,3,498.16,20
11725,3923,77,4,317.11,5
11726,3923,19,1,92.09,0
11727,3924,97,1,52.27,15
11728,3924,49,4,538.98,10
11729,3924,119,4,338.66,0
11730,3924,96,4,388.87,15
11731,3924,34,4,478.97,0
11732,3925,32,1,295.23,5
11733,3925,43,3,439.52,20
11734,3925,1,3,280.02,5
11735,3926,70,3,307.09,0
11736,3926,30,4,204.15,0
11737,3927,54,1,190.46,10
11738,3927,38,1,194.29,0
11739,3927,17,3,123.86,15
11740,3927,97,1,52.27,10
11741,3928,28,3,364.04,15
11742,3929,27,2,326.68,10
11743,3930,26,3,150.31,10
11744,3930,90,3,244.8,10
11745,3930,75,1,86.31,20
11746,3931,66,4,318.4,15
11747,3931,103,2,433.62,0
11748,3931,43,3,439.52,0
11749,3932,65,4,9.2,0
11750,3932,10,4,474.27,20
11751,3933,77,3,317.11,0
11752,3933,25,3,234.35,0
11753,3933,104,1,51.46,5
11754,3934,78,3,42.51,10
11755,3934,53,2,240.08,20
11756,3935,67,3,14.91,0
11757,3935,89,3,633.88,0
11758,3936,11,3,505.42,10
11759,3936,91,1,215.97,0
11760,3937,75,4,86.31,5
11761,3938,47,4,244.56,0
11762,3938,5,3,354.07,0
11763,3938,100,3,269.62,0
11764,3938,96,4,388.87,15
11765,3938,89,4,633.88,20
11766,3939,49,2,538.98,0
11767,3939,58,4,175.82,10
11768,3939,104,4,51.46,0
11769,3939,10,1,474.27,10
11770,3940,3,4,232.11,0
11771,3940,106,2,440.12,0
11772,3940,104,4,51.46,0
11773,3941,64,1,181.91,10
11774,3942,106,3,440.12,0
11775,3942,97,2,52.27,10
11776,3943,9,1,221.84,0
11777,3944,91,3,215.97,0
11778,3945,4,3,316.2,10
11779,3945,118,4,127.24,0
11780,3945,62,3,242.39,0
11781,3945,49,3,538.98,0
11782,3945,18,4,561.44,0
11783,3946,114,4,332.05,0
11784,3946,9,1,221.84,0
11785,3946,92,3,571.21,10
11786,3947,6,1,166.81,5
11787,3947,102,1,47.26,5
11788,3948,82,2,336.12,20
11789,3948,38,1,194.29,5
11790,3948,88,4,263.55,15
11791,3949,120,1,237.11,20
11792,3949,91,4,215.97,0
11793,3950,86,1,475.84,5
11794,3950,86,2,475.84,10
11795,3950,22,2,359.3,0
11796,3950,68,4,498.16,5
11797,3951,70,1,307.09,0
11798,3952,74,4,211.18,0
11799,3952,99,2,231.08,20
11800,3952,108,3,115.07,5
11801,3952,78,3,42.51,0
11802,3953,116,1,78.18,10
11803,3954,89,2,633.88,10
11804,3954,51,2,515.68,10
11805,3954,73,4,370.92,0
11806,3954,40,1,88.88,15
11807,3955,8,2,335.09,0
11808,3955,61,3,52.86,10
11809,3956,83,1,26.63,15
11810,3956,25,3,234.35,20
11811,3956,62,2,242.39,10
11812,3956,115,4,194.63,10
11813,3956,31,3,171.33,0
11814,3957,29,2,419.43,0
11815,3957,118,2,127.24,5
11816,3957,50,3,377.83,20
11817,3957,28,3,364.04,10
11818,3958,67,2,14.91,0
11819,3958,72,3,461.17,10
11820,3958,45,3,311.48,15
11821,3958,24,1,425.71,0
11822,3959,100,3,269.62,10
11823,3959,109,3,321.5,5
11824,3959,77,2,317.11,0
11825,3960,110,4,76.72,0
11826,3960,25,2,234.35,0
11827,3960,14,4,182.82,5
11828,3960,43,1,439.52,0
11829,3960,45,3,311.48,15
11830,3961,4,2,316.2,0
11831,3962,82,4,336.12,0
11832,3962,66,1,318.4,0
11833,3963,42,3,300.8,0
11834,3963,20,4,219.02,0
11835,3963,60,1,416.86,15
11836,3963,8,4,335.09,20
11837,3964,21,3,205.02,0
11838,3964,60,4,416.86,5
11839,3965,63,3,37.78,5
11840,3965,21,1,205.02,20
11841,3966,72,2,461.17,15
11842,3966,80,3,139.42,5
11843,3966,120,3,237.11,5
11844,3967,109,1,321.5,10
11845,3967,115,3,194.63,20
11846,3967,39,1,375.26,20
11847,3968,109,2,321.5,20
11848,3968,58,2,175.82,0
11849,3968,54,3,190.46,20
11850,3968,66,3,318.4,10
11851,3969,116,3,78.18,15
11852,3969,64,4,181.91,15
11853,3969,1,3,280.02,0
11854,3970,94,4,22.69,0
11855,3970,111,3,311.09,0
11856,3970,13,3,113.52,10
11857,3970,83,1,26.63,0
11858,3970,79,2,294.44,20
11859,3971,112,2,175.1,5
11860,3971,34,4,478.97,10
11861,3971,64,3,181.91,0
11862,3972,89,4,633.88,5
11863,3972,108,1,115.07,15
11864,3972,81,4,297.3,0
11865,3973,14,4,182.82,0
11866,3973,98,4,68.82,0
11867,3973,1,2,280.02,0
11868,3974,99,2,231.08,10
11869,3974,2,2,238.98,10
11870,3975,115,4,194.63,5
11871,3975,32,3,295.23,15
11872,3976,81,1,297.3,0
11873,3976,86,1,475.84,0
11874,3976,87,3,211.61,0
11875,3976,48,2,242.0,15
11876,3977,74,1,211.18,5
11877,3977,76,3,273.29,0
11878,3977,45,3,311.48,0
11879,3978,74,1,211.18,0
11880,3979,32,1,295.23,0
11881,3979,11,3,505.42,10
11882,3979,55,2,499.98,0
11883,3979,55,1,499.98,10
11884,3980,37,3,297.66,10
11885,3981,8,1,335.09,20
11886,3981,91,3,215.97,10
11887,3981,63,3,37.78,20
11888,3982,22,1,359.3,0
11889,3982,92,3,571.21,0
11890,3982,3,3,232.11,20
11891,3983,42,3,300.8,10
11892,3983,5,4,354.07,10
11893,3983,57,2,20.94,0
11894,3983,43,1,439.52,15
11895,3984,78,1,42.51,10
11896,3985,108,4,115.07,20
11897,3986,12,4,147.52,10
11898,3986,36,1,496.08,0
11899,3986,98,3,68.82,20
11900,3986,13,2,113.52,20
11901,3987,41,3,605.42,10
11902,3987,107,3,12.44,10
11903,3987,21,4,205.02,5
11904,3987,95,1,288.16,15
11905,3987,53,2,240.08,0
11906,3988,77,1,317.11,5
11907,3988,114,1,332.05,20
11908,3988,68,2,498.16,5
11909,3989,46,1,401.52,15
11910,3989,18,1,561.44,10
11911,3990,75,1,86.31,0
11912,3990,100,4,269.62,0
11913,3990,91,3,215.97,10
11914,3990,34,2,478.97,10
11915,3991,111,3,311.09,10
11916,3991,89,1,633.88,0
11917,3991,94,4,22.69,15
11918,3991,68,4,498.16,20
11919,3991,1,1,280.02,10
11920,3992,102,4,47.26,10
11921,3992,42,2,300.8,0
11922,3993,81,4,297.3,0
11923,3994,99,4,231.08,0
11924,3994,32,4,295.23,20
11925,3994,105,1,250.51,20
11926,3994,66,1,318.4,0
11927,3995,24,1,425.71,0
11928,3995,37,3,297.66,15
11929,3996,66,1,318.4,5
11930,3996,113,3,46.28,10
11931,3996,46,4,401.52,0
11932,3996,103,1,433.62,20
11933,3997,91,2,215.97,10
11934,3998,6,1,166.81,10
11935,3998,103,2,433.62,20
11936,3998,81,1,297.3,0
11937,3998,64,4,181.91,15
11938,3999,108,3,115.07,15
11939,4000,64,2,181.91,0
